{
  "ammo": "applied_armorer:etched_quartz_bullet",
  "rpm": 240,
  "bullet": {
    "life": 0.6,
    "bullet_amount": 1,
    "damage": 12,
    "tracer_count_interval": 0,
    "extra_damage": {
      "armor_ignore": 0.2,
      "head_shot_multiplier": 1.5,
      "damage_adjust": [
        {"distance": 20, "damage": 12},
        {"distance": 40, "damage": 11},
        {"distance": "infinite", "damage": 10}
      ]
    },
    "speed": 210,
    "gravity": 0.15,
    "knockback": 0.1,
    "friction": 0.025,
    "pierce": 0
  },
  "ammo_amount": 10,
  "extended_mag_ammo_amount": [
    13,
    16,
    20
  ],
  "bolt": "closed_bolt",
  "reload": {
    "type": "magazine",
    "feed": {
      "empty": 1.63,
      "tactical": 1.04
    },
    "cooldown": {
      "empty": 2.29,
      "tactical": 1.54
    }
  },
  "draw_time": 0.42,
  "put_away_time": 0.5,
  "aim_time": 0.125,
  "sprint_time": 0.08,
  "weight": 1.5,
  "fire_mode": [
    "semi"
  ],
  "allow_attachment_types": [
    "muzzle",
    "extended_mag"
  ],
  "recoil": {
    "pitch": [
      {"time": 0, "value": [0.8, 0.8]},
      {"time": 0.4, "value": [0.8, 0.8]},
      {"time": 0.65, "value": [-0.2, -0.2]},
      {"time": 0.85, "value": [0.1, 0.1]},
      {"time": 1.1, "value": [0, 0]},
      {"time": 1.2, "value": [0, 0]}
    ],
    "yaw": [
      {"time": 0, "value": [-0.25, 0.25]},
      {"time": 0.5, "value": [0, 0]}
    ]
  },
  "builtin_attachments": {
    "scope": "applied_armorer:si_pride_default"
  },
  "melee": {
    "distance": 0,
    "cooldown": 0.5
  },
  "inaccuracy": {
    "stand": 3,
    "move": 4,
    "sneak": 2.5,
    "lie": 1.5,
    "aim": 0.1
  }
}