{
	"format_version": "1.8.0",
	"animations": {
		"draw": {
			"loop": "hold_on_last_frame",
			"animation_length": 0.7083,
			"bones": {
				"core": {
					"position": {
						"0.0": [0, -3, 2],
						"0.125": {
							"pre": [0, -0.3125, 0],
							"post": [0, -0.3125, 0],
							"lerp_mode": "catmullrom"
						},
						"0.25": [0, 0, 0]
					}
				},
				"barrel_ur": {
					"rotation": {
						"0.0": [0, 0, -90],
						"0.4583": [0, 0, -90],
						"0.5833": [0, 0, -90],
						"0.7083": [0, 0, 0]
					},
					"position": {
						"0.0": [0, 0, 3],
						"0.4583": [0, 0, 3],
						"0.5417": {
							"pre": [0, 0, 0.375],
							"post": [0, 0, 0.375],
							"lerp_mode": "catmullrom"
						},
						"0.625": [0, 0, 0]
					}
				},
				"arm_front_ur": {
					"rotation": {
						"0.0": [-180, 0, 0],
						"0.4583": [0, 0, 0]
					}
				},
				"arm_base_ur": {
					"position": {
						"0.0": [0, 0, 6],
						"0.125": {
							"pre": [0, 0, 0.5625],
							"post": [0, 0, 0.5625],
							"lerp_mode": "catmullrom"
						},
						"0.2083": [0, 0, 0]
					}
				},
				"arm_wire_ur": {
					"rotation": {
						"0.0": [-180, 0, 0],
						"0.4583": [-180, 0, 0],
						"0.7083": [0, 0, 0]
					}
				},
				"arm_base_ul": {
					"position": {
						"0.0": [0, 0, 6],
						"0.125": {
							"pre": [0, 0, 0.5625],
							"post": [0, 0, 0.5625],
							"lerp_mode": "catmullrom"
						},
						"0.2083": [0, 0, 0]
					}
				},
				"arm_front_ul": {
					"rotation": {
						"0.0": [-180, 0, 0],
						"0.4583": [0, 0, 0]
					}
				},
				"barrel_ul": {
					"rotation": {
						"0.0": [0, 0, 90],
						"0.4583": [0, 0, 90],
						"0.5833": [0, 0, 90],
						"0.7083": [0, 0, 0]
					},
					"position": {
						"0.0": [0, 0, 3],
						"0.4583": [0, 0, 3],
						"0.5417": {
							"pre": [0, 0, 0.375],
							"post": [0, 0, 0.375],
							"lerp_mode": "catmullrom"
						},
						"0.625": [0, 0, 0]
					}
				},
				"arm_wire_ul": {
					"rotation": {
						"0.0": [-180, 0, 0],
						"0.4583": [-180, 0, 0],
						"0.7083": [0, 0, 0]
					}
				},
				"arm_base_lr": {
					"position": {
						"0.0": [0, 0, 6],
						"0.125": {
							"pre": [0, 0, 0.5625],
							"post": [0, 0, 0.5625],
							"lerp_mode": "catmullrom"
						},
						"0.2083": [0, 0, 0]
					}
				},
				"arm_front_lr": {
					"rotation": {
						"0.0": [180, 0, 0],
						"0.4583": [0, 0, 0]
					}
				},
				"barrel_lr": {
					"rotation": {
						"0.0": [0, 0, -90],
						"0.4583": [0, 0, -90],
						"0.5833": [0, 0, -90],
						"0.7083": [0, 0, 0]
					},
					"position": {
						"0.0": [0, 0, 3],
						"0.4583": [0, 0, 3],
						"0.5417": {
							"pre": [0, 0, 0.375],
							"post": [0, 0, 0.375],
							"lerp_mode": "catmullrom"
						},
						"0.625": [0, 0, 0]
					}
				},
				"arm_wire_lr": {
					"rotation": {
						"0.0": [180, 0, 0],
						"0.4583": [180, 0, 0],
						"0.7083": [0, 0, 0]
					}
				},
				"righthand_pos": {
					"rotation": [90, -350, -180],
					"position": [-0.5, 1, 11]
				},
				"lefthand_pos": {
					"rotation": [90, -10, -180],
					"position": [0.5, 1, 11]
				},
				"arm_base_ll": {
					"position": {
						"0.0": [0, 0, 6],
						"0.125": {
							"pre": [0, 0, 0.5625],
							"post": [0, 0, 0.5625],
							"lerp_mode": "catmullrom"
						},
						"0.2083": [0, 0, 0]
					}
				},
				"arm_front_ll": {
					"rotation": {
						"0.0": [180, 0, 0],
						"0.4583": [0, 0, 0]
					}
				},
				"barrel_ll": {
					"rotation": {
						"0.0": [0, 0, 90],
						"0.4583": [0, 0, 90],
						"0.5833": [0, 0, 90],
						"0.7083": [0, 0, 0]
					},
					"position": {
						"0.0": [0, 0, 3],
						"0.4583": [0, 0, 3],
						"0.5417": {
							"pre": [0, 0, 0.375],
							"post": [0, 0, 0.375],
							"lerp_mode": "catmullrom"
						},
						"0.625": [0, 0, 0]
					}
				},
				"arm_wire_ll": {
					"rotation": {
						"0.0": [180, 0, 0],
						"0.4583": [180, 0, 0],
						"0.7083": [0, 0, 0]
					}
				},
				"arm_base_ul_flash_illuminated": {
					"scale": 0
				},
				"arm_base_ur_flash_illuminated": {
					"scale": 0
				},
				"arm_base_lr_flash_illuminated": {
					"scale": 0
				},
				"arm_base_ll_flash_illuminated": {
					"scale": 0
				},
				"camera": {
					"rotation": {
						"0.0": {
							"post": [0, 0, 0],
							"lerp_mode": "catmullrom"
						},
						"0.2083": {
							"post": [0.25, 0, -0.25],
							"lerp_mode": "catmullrom"
						},
						"0.4583": {
							"post": [-0.25, 0, 0],
							"lerp_mode": "catmullrom"
						},
						"0.7083": {
							"post": [0, 0, 0],
							"lerp_mode": "catmullrom"
						}
					}
				}
			}
		},
		"static_idle": {
			"loop": true,
			"bones": {
				"righthand_pos": {
					"rotation": [90, -350, -180],
					"position": [-0.5, 1, 11]
				},
				"lefthand_pos": {
					"rotation": [90, -10, -180],
					"position": [0.5, 1, 11]
				},
				"arm_base_ul_flash_illuminated": {
					"position": [0, 0, 7],
					"scale": 0.1
				},
				"arm_base_ur_flash_illuminated": {
					"position": [0, 0, 7],
					"scale": 0.1
				},
				"arm_base_lr_flash_illuminated": {
					"position": [0, 0, 7],
					"scale": 0.1
				},
				"arm_base_ll_flash_illuminated": {
					"position": [0, 0, 7],
					"scale": 0.1
				},
				"constraint": {
					"rotation": [0.2, 0, 0.2],
					"position": [0.2, 0.2, 0.2]
				},
				"warn": {
					"scale": 0
				}
			}
		},
		"static_bolt_caught": {
			"loop": true,
			"bones": {
				"righthand_pos": {
					"rotation": [90, -350, -180],
					"position": [-0.5, 1, 11]
				},
				"lefthand_pos": {
					"rotation": [90, -10, -180],
					"position": [0.5, 1, 11]
				},
				"arm_base_ul_flash_illuminated": {
					"position": [0, 0, 7],
					"scale": 0.1
				},
				"arm_base_ur_flash_illuminated": {
					"position": [0, 0, 7],
					"scale": 0.1
				},
				"arm_base_lr_flash_illuminated": {
					"position": [0, 0, 7],
					"scale": 0.1
				},
				"arm_base_ll_flash_illuminated": {
					"position": [0, 0, 7],
					"scale": 0.1
				},
				"constraint": {
					"rotation": [0.2, 0, 0.2],
					"position": [0.2, 0.2, 0.2]
				},
				"warn": {
					"scale": 1
				}
			}
		},
		"reload_tactical": {
			"animation_length": 4.75,
			"bones": {
				"righthand_pos": {
					"rotation": [90, -350, -180],
					"position": [-0.5, 1, 11]
				},
				"lefthand_pos": {
					"rotation": [90, -10, -180],
					"position": [0.5, 1, 11]
				},
				"arm_base_ul_flash_illuminated": {
					"position": [0, 0, 7],
					"scale": 0
				},
				"arm_base_ur_flash_illuminated": {
					"position": [0, 0, 7],
					"scale": 0
				},
				"arm_base_lr_flash_illuminated": {
					"position": [0, 0, 7],
					"scale": 0
				},
				"arm_base_ll_flash_illuminated": {
					"position": [0, 0, 7],
					"scale": 0
				},
				"constraint": {
					"rotation": [0.2, 0, 0.2],
					"position": [0.2, 0.2, 0.2]
				},
				"camera": {
					"rotation": {
						"0.0": {
							"post": [0, 0, 0],
							"lerp_mode": "catmullrom"
						},
						"0.3333": {
							"post": [-0.75, 0, -0.25],
							"lerp_mode": "catmullrom"
						},
						"0.5": {
							"post": [0, 0, 0.25],
							"lerp_mode": "catmullrom"
						},
						"0.75": {
							"post": [0, -0.0625, 0.25],
							"lerp_mode": "catmullrom"
						},
						"1.0": {
							"post": [0, -0.5, -0.5],
							"lerp_mode": "catmullrom"
						},
						"1.25": {
							"post": [0, -0.5, -0.5],
							"lerp_mode": "catmullrom"
						},
						"1.5833": {
							"post": [0, 0.25, 0.25],
							"lerp_mode": "catmullrom"
						},
						"3.0": {
							"post": [0, 0.25, 0.25],
							"lerp_mode": "catmullrom"
						},
						"3.4167": {
							"post": [0, -0.5, -0.5],
							"lerp_mode": "catmullrom"
						},
						"3.6667": {
							"post": [-0.0625, -0.5, -0.5],
							"lerp_mode": "catmullrom"
						},
						"4.0": {
							"post": [-0.75, -0.0625, 0.25],
							"lerp_mode": "catmullrom"
						},
						"4.25": {
							"post": [-0.75, 0, 0.25],
							"lerp_mode": "catmullrom"
						},
						"4.75": {
							"post": [0, 0, 0],
							"lerp_mode": "catmullrom"
						}
					}
				},
				"root": {
					"position": {
						"0.0": [0, 0, 0],
						"2.2917": {
							"pre": [0, -0.25, 0],
							"post": [0, -0.25, 0],
							"lerp_mode": "catmullrom"
						},
						"4.75": [0, 0, 0]
					}
				},
				"arm_upper": {
					"position": {
						"1.25": [0, 0, 0],
						"1.5833": [0, 0, 5],
						"3.0": [0, 0, 5],
						"3.4167": [0, 0, 0]
					}
				},
				"arm_base_ur": {
					"rotation": {
						"0.0417": [0, 0, 0],
						"0.25": {
							"pre": [-18.9375, 0, 0],
							"post": [-18.9375, 0, 0],
							"lerp_mode": "catmullrom"
						},
						"0.375": [-22.5, 0, 0],
						"4.1667": [-22.5, 0, 0],
						"4.5": {
							"pre": [-2.875, 0, 0],
							"post": [-2.875, 0, 0],
							"lerp_mode": "catmullrom"
						},
						"4.75": [0, 0, 0]
					},
					"position": {
						"0.0417": [0, 0, 0],
						"0.25": {
							"pre": [0, 0, 2.5625],
							"post": [0, 0, 2.5625],
							"lerp_mode": "catmullrom"
						},
						"0.375": [0, -0.3125, 3],
						"0.5": [0, -2, 5],
						"4.1667": [0, -2, 5],
						"4.5": {
							"pre": [0, -0.3125, 0.6875],
							"post": [0, -0.3125, 0.6875],
							"lerp_mode": "catmullrom"
						},
						"4.75": [0, 0, 0]
					}
				},
				"arm_front_ur": {
					"rotation": {
						"0.75": [0, 0, 0],
						"1.0": [-180, 0, 0],
						"3.625": [-180, 0, 0],
						"4.0": [0, 0, 0]
					}
				},
				"barrel_ur": {
					"position": {
						"0.4583": [0, 0, 0],
						"0.5833": [0, 0, 3],
						"4.5833": [0, 0, 3],
						"4.75": [0, 0, 0]
					}
				},
				"arm_wire_ur": {
					"rotation": {
						"0.375": [0, 0, 0],
						"0.5": [-180, 0, 0],
						"4.5833": [-180, 0, 0],
						"4.75": [0, 0, 0]
					}
				},
				"arm_base_ul": {
					"rotation": {
						"0.0417": [0, 0, 0],
						"0.25": {
							"pre": [-18.9375, 0, 0],
							"post": [-18.9375, 0, 0],
							"lerp_mode": "catmullrom"
						},
						"0.375": [-22.5, 0, 0],
						"4.1667": [-22.5, 0, 0],
						"4.5": {
							"pre": [-2.875, 0, 0],
							"post": [-2.875, 0, 0],
							"lerp_mode": "catmullrom"
						},
						"4.75": [0, 0, 0]
					},
					"position": {
						"0.0417": [0, 0, 0],
						"0.25": {
							"pre": [0, 0, 2.5625],
							"post": [0, 0, 2.5625],
							"lerp_mode": "catmullrom"
						},
						"0.375": [0, -0.3125, 3],
						"0.5": [0, -2, 5],
						"4.1667": [0, -2, 5],
						"4.5": {
							"pre": [0, -0.3125, 0.6875],
							"post": [0, -0.3125, 0.6875],
							"lerp_mode": "catmullrom"
						},
						"4.75": [0, 0, 0]
					}
				},
				"arm_front_ul": {
					"rotation": {
						"0.75": [0, 0, 0],
						"1.0": [-180, 0, 0],
						"3.625": [-180, 0, 0],
						"4.0": [0, 0, 0]
					}
				},
				"barrel_ul": {
					"position": {
						"0.4583": [0, 0, 0],
						"0.5833": [0, 0, 3],
						"4.5833": [0, 0, 3],
						"4.75": [0, 0, 0]
					}
				},
				"arm_wire_ul": {
					"rotation": {
						"0.375": [0, 0, 0],
						"0.5": [-180, 0, 0],
						"4.5833": [-180, 0, 0],
						"4.75": [0, 0, 0]
					}
				},
				"arm_lower": {
					"position": {
						"1.25": [0, 0, 0],
						"1.5833": [0, 0, 11],
						"3.0": [0, 0, 11],
						"3.4167": [0, 0, 0]
					}
				},
				"arm_base_lr": {
					"rotation": {
						"0.0417": [0, 0, 0],
						"0.25": {
							"pre": [-18.9375, 0, 0],
							"post": [-18.9375, 0, 0],
							"lerp_mode": "catmullrom"
						},
						"0.375": [-22.5, 0, 0],
						"4.1667": [-22.5, 0, 0],
						"4.5": {
							"pre": [-2.875, 0, 0],
							"post": [-2.875, 0, 0],
							"lerp_mode": "catmullrom"
						},
						"4.75": [0, 0, 0]
					},
					"position": {
						"0.375": [0, 0, 0],
						"0.5": [0, -1, 0],
						"4.1667": [0, -1, 0],
						"4.5": {
							"pre": [0, -0.125, 0],
							"post": [0, -0.125, 0],
							"lerp_mode": "catmullrom"
						},
						"4.75": [0, 0, 0]
					}
				},
				"arm_front_lr": {
					"rotation": {
						"0.75": [0, 0, 0],
						"1.0": [180, 0, 0],
						"3.625": [180, 0, 0],
						"4.0": [0, 0, 0]
					}
				},
				"barrel_lr": {
					"position": {
						"0.4583": [0, 0, 0],
						"0.5833": [0, 0, 3],
						"4.5833": [0, 0, 3],
						"4.75": [0, 0, 0]
					}
				},
				"arm_wire_lr": {
					"rotation": {
						"0.375": [0, 0, 0],
						"0.5": [180, 0, 0],
						"4.5833": [180, 0, 0],
						"4.75": [0, 0, 0]
					}
				},
				"arm_base_ll": {
					"rotation": {
						"0.0417": [0, 0, 0],
						"0.25": {
							"pre": [-18.9375, 0, 0],
							"post": [-18.9375, 0, 0],
							"lerp_mode": "catmullrom"
						},
						"0.375": [-22.5, 0, 0],
						"4.1667": [-22.5, 0, 0],
						"4.5": {
							"pre": [-2.875, 0, 0],
							"post": [-2.875, 0, 0],
							"lerp_mode": "catmullrom"
						},
						"4.75": [0, 0, 0]
					},
					"position": {
						"0.375": [0, 0, 0],
						"0.5": [0, -1, 0],
						"4.1667": [0, -1, 0],
						"4.5": {
							"pre": [0, -0.125, 0],
							"post": [0, -0.125, 0],
							"lerp_mode": "catmullrom"
						},
						"4.75": [0, 0, 0]
					}
				},
				"arm_front_ll": {
					"rotation": {
						"0.75": [0, 0, 0],
						"1.0": [180, 0, 0],
						"3.625": [180, 0, 0],
						"4.0": [0, 0, 0]
					}
				},
				"barrel_ll": {
					"position": {
						"0.4583": [0, 0, 0],
						"0.5833": [0, 0, 3],
						"4.5833": [0, 0, 3],
						"4.75": [0, 0, 0]
					}
				},
				"arm_wire_ll": {
					"rotation": {
						"0.375": [0, 0, 0],
						"0.5": [180, 0, 0],
						"4.5833": [180, 0, 0],
						"4.75": [0, 0, 0]
					}
				},
				"core": {
					"rotation": {
						"0.0": [0, 0, 0],
						"0.25": {
							"pre": [-19.1875, 0, 0],
							"post": [-19.1875, 0, 0],
							"lerp_mode": "catmullrom"
						},
						"0.5": [-22.5, 0, 0],
						"4.1667": [-22.5, 0, 0],
						"4.5": {
							"pre": [-3.2025, 0, 0],
							"post": [-3.2025, 0, 0],
							"lerp_mode": "catmullrom"
						},
						"4.75": [0, 0, 0]
					},
					"position": {
						"0.0": [0, 0, 0],
						"0.25": {
							"pre": [0, 1, 0.875],
							"post": [0, 1, 0.875],
							"lerp_mode": "catmullrom"
						},
						"0.375": {
							"post": [0, 1.1, 0.99],
							"lerp_mode": "catmullrom"
						},
						"0.5": [0, 0.75, 1],
						"4.1667": [0, 0.75, 1],
						"4.5": {
							"pre": [0, 0.1325, 0.1175],
							"post": [0, 0.1325, 0.1175],
							"lerp_mode": "catmullrom"
						},
						"4.75": [0, 0, 0]
					}
				},
				"left": {
					"rotation": {
						"0.75": [0, 0, 0],
						"1.0": [-2.5, 0, 0],
						"1.25": [-2.5, 0, 0],
						"1.5833": [20, 0, 0],
						"3.0": [20, 0, 0],
						"3.4167": [-2.5, 0, 0],
						"3.625": [-2.5, 0, 0],
						"4.0": [0, 0, 0]
					},
					"position": {
						"0.75": [0, 0, 0],
						"1.0": [0, 0.19134, 0.46194],
						"1.25": [0, 0.19134, 0.46194],
						"1.5833": [0, -2.99581, -2.00627],
						"3.0": [0, -2.99581, -2.00627],
						"3.4167": [0, 0.19134, 0.46194],
						"3.625": [0, 0.19134, 0.46194],
						"4.0": [0, 0, 0]
					}
				},
				"right": {
					"rotation": {
						"0.75": [0, 0, 0],
						"1.0": [20, 0, 0],
						"1.25": [20, 0, 0],
						"1.5833": [-2.5, 0, 0],
						"3.0": [-2.5, 0, 0],
						"3.4167": [20, 0, 0],
						"3.625": [20, 0, 0],
						"4.0": [0, 0, 0]
					},
					"position": {
						"0.75": [0, 0, 0],
						"1.0": [0, -2.99581, -2.00627],
						"1.25": [0, -2.99581, -2.00627],
						"1.5833": [0, 0.19134, 0.46194],
						"3.0": [0, 0.19134, 0.46194],
						"3.4167": [0, -2.99581, -2.00627],
						"3.625": [0, -2.99581, -2.00627],
						"4.0": [0, 0, 0]
					}
				},
				"warn": {
					"scale": {
						"0.3333": [0, 0, 0],
						"0.375": [1, 1, 1],
						"2.5833": [1, 1, 1],
						"2.625": [0, 0, 0]
					}
				},
				"mag": {
					"scale": {
						"0.375": [1, 1, 1],
						"0.4167": [0, 0, 0],
						"2.75": [0, 0, 0],
						"2.7917": [1, 1, 1]
					}
				}
			}
		},
		"reload_empty": {
			"animation_length": 4.75,
			"bones": {
				"righthand_pos": {
					"rotation": [90, -350, -180],
					"position": [-0.5, 1, 11]
				},
				"lefthand_pos": {
					"rotation": [90, -10, -180],
					"position": [0.5, 1, 11]
				},
				"arm_base_ul_flash_illuminated": {
					"position": [0, 0, 7],
					"scale": 0
				},
				"arm_base_ur_flash_illuminated": {
					"position": [0, 0, 7],
					"scale": 0
				},
				"arm_base_lr_flash_illuminated": {
					"position": [0, 0, 7],
					"scale": 0
				},
				"arm_base_ll_flash_illuminated": {
					"position": [0, 0, 7],
					"scale": 0
				},
				"constraint": {
					"rotation": [0.2, 0, 0.2],
					"position": [0.2, 0.2, 0.2]
				},
				"root": {
					"position": {
						"0.0": [0, 0, 0],
						"2.2917": {
							"pre": [0, -0.25, 0],
							"post": [0, -0.25, 0],
							"lerp_mode": "catmullrom"
						},
						"4.75": [0, 0, 0]
					}
				},
				"arm_upper": {
					"position": {
						"1.25": [0, 0, 0],
						"1.5833": [0, 0, 5],
						"3.0": [0, 0, 5],
						"3.4167": [0, 0, 0]
					}
				},
				"arm_base_ur": {
					"rotation": {
						"0.0417": [0, 0, 0],
						"0.25": {
							"pre": [-18.9375, 0, 0],
							"post": [-18.9375, 0, 0],
							"lerp_mode": "catmullrom"
						},
						"0.375": [-22.5, 0, 0],
						"4.1667": [-22.5, 0, 0],
						"4.5": {
							"pre": [-2.875, 0, 0],
							"post": [-2.875, 0, 0],
							"lerp_mode": "catmullrom"
						},
						"4.75": [0, 0, 0]
					},
					"position": {
						"0.0417": [0, 0, 0],
						"0.25": {
							"pre": [0, 0, 2.5625],
							"post": [0, 0, 2.5625],
							"lerp_mode": "catmullrom"
						},
						"0.375": [0, -0.3125, 3],
						"0.5": [0, -2, 5],
						"4.1667": [0, -2, 5],
						"4.5": {
							"pre": [0, -0.3125, 0.6875],
							"post": [0, -0.3125, 0.6875],
							"lerp_mode": "catmullrom"
						},
						"4.75": [0, 0, 0]
					}
				},
				"arm_front_ur": {
					"rotation": {
						"0.75": [0, 0, 0],
						"1.0": [-180, 0, 0],
						"3.625": [-180, 0, 0],
						"4.0": [0, 0, 0]
					}
				},
				"barrel_ur": {
					"position": {
						"0.4583": [0, 0, 0],
						"0.5833": [0, 0, 3],
						"4.5833": [0, 0, 3],
						"4.75": [0, 0, 0]
					}
				},
				"arm_wire_ur": {
					"rotation": {
						"0.375": [0, 0, 0],
						"0.5": [-180, 0, 0],
						"4.5833": [-180, 0, 0],
						"4.75": [0, 0, 0]
					}
				},
				"arm_base_ul": {
					"rotation": {
						"0.0417": [0, 0, 0],
						"0.25": {
							"pre": [-18.9375, 0, 0],
							"post": [-18.9375, 0, 0],
							"lerp_mode": "catmullrom"
						},
						"0.375": [-22.5, 0, 0],
						"4.1667": [-22.5, 0, 0],
						"4.5": {
							"pre": [-2.875, 0, 0],
							"post": [-2.875, 0, 0],
							"lerp_mode": "catmullrom"
						},
						"4.75": [0, 0, 0]
					},
					"position": {
						"0.0417": [0, 0, 0],
						"0.25": {
							"pre": [0, 0, 2.5625],
							"post": [0, 0, 2.5625],
							"lerp_mode": "catmullrom"
						},
						"0.375": [0, -0.3125, 3],
						"0.5": [0, -2, 5],
						"4.1667": [0, -2, 5],
						"4.5": {
							"pre": [0, -0.3125, 0.6875],
							"post": [0, -0.3125, 0.6875],
							"lerp_mode": "catmullrom"
						},
						"4.75": [0, 0, 0]
					}
				},
				"arm_front_ul": {
					"rotation": {
						"0.75": [0, 0, 0],
						"1.0": [-180, 0, 0],
						"3.625": [-180, 0, 0],
						"4.0": [0, 0, 0]
					}
				},
				"barrel_ul": {
					"position": {
						"0.4583": [0, 0, 0],
						"0.5833": [0, 0, 3],
						"4.5833": [0, 0, 3],
						"4.75": [0, 0, 0]
					}
				},
				"arm_wire_ul": {
					"rotation": {
						"0.375": [0, 0, 0],
						"0.5": [-180, 0, 0],
						"4.5833": [-180, 0, 0],
						"4.75": [0, 0, 0]
					}
				},
				"arm_lower": {
					"position": {
						"1.25": [0, 0, 0],
						"1.5833": [0, 0, 11],
						"3.0": [0, 0, 11],
						"3.4167": [0, 0, 0]
					}
				},
				"arm_base_lr": {
					"rotation": {
						"0.0417": [0, 0, 0],
						"0.25": {
							"pre": [-18.9375, 0, 0],
							"post": [-18.9375, 0, 0],
							"lerp_mode": "catmullrom"
						},
						"0.375": [-22.5, 0, 0],
						"4.1667": [-22.5, 0, 0],
						"4.5": {
							"pre": [-2.875, 0, 0],
							"post": [-2.875, 0, 0],
							"lerp_mode": "catmullrom"
						},
						"4.75": [0, 0, 0]
					},
					"position": {
						"0.375": [0, 0, 0],
						"0.5": [0, -1, 0],
						"4.1667": [0, -1, 0],
						"4.5": {
							"pre": [0, -0.125, 0],
							"post": [0, -0.125, 0],
							"lerp_mode": "catmullrom"
						},
						"4.75": [0, 0, 0]
					}
				},
				"arm_front_lr": {
					"rotation": {
						"0.75": [0, 0, 0],
						"1.0": [180, 0, 0],
						"3.625": [180, 0, 0],
						"4.0": [0, 0, 0]
					}
				},
				"barrel_lr": {
					"position": {
						"0.4583": [0, 0, 0],
						"0.5833": [0, 0, 3],
						"4.5833": [0, 0, 3],
						"4.75": [0, 0, 0]
					}
				},
				"arm_wire_lr": {
					"rotation": {
						"0.375": [0, 0, 0],
						"0.5": [180, 0, 0],
						"4.5833": [180, 0, 0],
						"4.75": [0, 0, 0]
					}
				},
				"arm_base_ll": {
					"rotation": {
						"0.0417": [0, 0, 0],
						"0.25": {
							"pre": [-18.9375, 0, 0],
							"post": [-18.9375, 0, 0],
							"lerp_mode": "catmullrom"
						},
						"0.375": [-22.5, 0, 0],
						"4.1667": [-22.5, 0, 0],
						"4.5": {
							"pre": [-2.875, 0, 0],
							"post": [-2.875, 0, 0],
							"lerp_mode": "catmullrom"
						},
						"4.75": [0, 0, 0]
					},
					"position": {
						"0.375": [0, 0, 0],
						"0.5": [0, -1, 0],
						"4.1667": [0, -1, 0],
						"4.5": {
							"pre": [0, -0.125, 0],
							"post": [0, -0.125, 0],
							"lerp_mode": "catmullrom"
						},
						"4.75": [0, 0, 0]
					}
				},
				"arm_front_ll": {
					"rotation": {
						"0.75": [0, 0, 0],
						"1.0": [180, 0, 0],
						"3.625": [180, 0, 0],
						"4.0": [0, 0, 0]
					}
				},
				"barrel_ll": {
					"position": {
						"0.4583": [0, 0, 0],
						"0.5833": [0, 0, 3],
						"4.5833": [0, 0, 3],
						"4.75": [0, 0, 0]
					}
				},
				"arm_wire_ll": {
					"rotation": {
						"0.375": [0, 0, 0],
						"0.5": [180, 0, 0],
						"4.5833": [180, 0, 0],
						"4.75": [0, 0, 0]
					}
				},
				"core": {
					"rotation": {
						"0.0": [0, 0, 0],
						"0.25": {
							"pre": [-19.1875, 0, 0],
							"post": [-19.1875, 0, 0],
							"lerp_mode": "catmullrom"
						},
						"0.5": [-22.5, 0, 0],
						"4.1667": [-22.5, 0, 0],
						"4.5": {
							"pre": [-3.2025, 0, 0],
							"post": [-3.2025, 0, 0],
							"lerp_mode": "catmullrom"
						},
						"4.75": [0, 0, 0]
					},
					"position": {
						"0.0": [0, 0, 0],
						"0.25": {
							"pre": [0, 1, 0.875],
							"post": [0, 1, 0.875],
							"lerp_mode": "catmullrom"
						},
						"0.375": {
							"post": [0, 1.1, 0.99],
							"lerp_mode": "catmullrom"
						},
						"0.5": [0, 0.75, 1],
						"4.1667": [0, 0.75, 1],
						"4.5": {
							"pre": [0, 0.1325, 0.1175],
							"post": [0, 0.1325, 0.1175],
							"lerp_mode": "catmullrom"
						},
						"4.75": [0, 0, 0]
					}
				},
				"left": {
					"rotation": {
						"0.75": [0, 0, 0],
						"1.0": [-2.5, 0, 0],
						"1.25": [-2.5, 0, 0],
						"1.5833": [20, 0, 0],
						"3.0": [20, 0, 0],
						"3.4167": [-2.5, 0, 0],
						"3.625": [-2.5, 0, 0],
						"4.0": [0, 0, 0]
					},
					"position": {
						"0.75": [0, 0, 0],
						"1.0": [0, 0.19134, 0.46194],
						"1.25": [0, 0.19134, 0.46194],
						"1.5833": [0, -2.99581, -2.00627],
						"3.0": [0, -2.99581, -2.00627],
						"3.4167": [0, 0.19134, 0.46194],
						"3.625": [0, 0.19134, 0.46194],
						"4.0": [0, 0, 0]
					}
				},
				"right": {
					"rotation": {
						"0.75": [0, 0, 0],
						"1.0": [20, 0, 0],
						"1.25": [20, 0, 0],
						"1.5833": [-2.5, 0, 0],
						"3.0": [-2.5, 0, 0],
						"3.4167": [20, 0, 0],
						"3.625": [20, 0, 0],
						"4.0": [0, 0, 0]
					},
					"position": {
						"0.75": [0, 0, 0],
						"1.0": [0, -2.99581, -2.00627],
						"1.25": [0, -2.99581, -2.00627],
						"1.5833": [0, 0.19134, 0.46194],
						"3.0": [0, 0.19134, 0.46194],
						"3.4167": [0, -2.99581, -2.00627],
						"3.625": [0, -2.99581, -2.00627],
						"4.0": [0, 0, 0]
					}
				},
				"warn": {
					"scale": {
						"2.5833": [1, 1, 1],
						"2.625": [0, 0, 0]
					}
				},
				"mag": {
					"scale": {
						"2.75": [0, 0, 0],
						"2.7917": [1, 1, 1]
					}
				},
				"camera": {
					"rotation": {
						"0.0": {
							"post": [0, 0, 0],
							"lerp_mode": "catmullrom"
						},
						"0.3333": {
							"post": [-0.75, 0, -0.25],
							"lerp_mode": "catmullrom"
						},
						"0.5": {
							"post": [0, 0, 0.25],
							"lerp_mode": "catmullrom"
						},
						"0.75": {
							"post": [0, -0.0625, 0.25],
							"lerp_mode": "catmullrom"
						},
						"1.0": {
							"post": [0, -0.5, -0.5],
							"lerp_mode": "catmullrom"
						},
						"1.25": {
							"post": [0, -0.5, -0.5],
							"lerp_mode": "catmullrom"
						},
						"1.5833": {
							"post": [0, 0.25, 0.25],
							"lerp_mode": "catmullrom"
						},
						"3.0": {
							"post": [0, 0.25, 0.25],
							"lerp_mode": "catmullrom"
						},
						"3.4167": {
							"post": [0, -0.5, -0.5],
							"lerp_mode": "catmullrom"
						},
						"3.6667": {
							"post": [-0.0625, -0.5, -0.5],
							"lerp_mode": "catmullrom"
						},
						"4.0": {
							"post": [-0.75, -0.0625, 0.25],
							"lerp_mode": "catmullrom"
						},
						"4.25": {
							"post": [-0.75, 0, 0.25],
							"lerp_mode": "catmullrom"
						},
						"4.75": {
							"post": [0, 0, 0],
							"lerp_mode": "catmullrom"
						}
					}
				}
			}
		},
		"idle_backup": {
			"loop": true,
			"animation_length": 10,
			"bones": {
				"root": {
					"position": {
						"0.0": {
							"post": [0, 0, 0],
							"lerp_mode": "catmullrom"
						},
						"2.5": {
							"post": [0, -0.25, 0],
							"lerp_mode": "catmullrom"
						},
						"5.0": {
							"post": [0, 0, 0],
							"lerp_mode": "catmullrom"
						},
						"7.5": {
							"post": [0, -0.25, 0],
							"lerp_mode": "catmullrom"
						},
						"10.0": {
							"post": [0, 0, 0],
							"lerp_mode": "catmullrom"
						}
					}
				},
				"core": {
					"rotation": {
						"0.0": {
							"post": [0, 0, 0],
							"lerp_mode": "catmullrom"
						},
						"2.5": {
							"post": [2.5, 0, 0],
							"lerp_mode": "catmullrom"
						},
						"5.0": {
							"post": [0, 0, 0],
							"lerp_mode": "catmullrom"
						},
						"7.5": {
							"post": [2.5, 0, 0],
							"lerp_mode": "catmullrom"
						},
						"10.0": {
							"post": [0, 0, 0],
							"lerp_mode": "catmullrom"
						}
					}
				}
			}
		},
		"shoot": {
			"loop": true,
			"animation_length": 0.04,
			"bones": {
				"camera": {
					"rotation": {
						"0.0": {
							"post": [0, 0, 0],
							"lerp_mode": "catmullrom"
						},
						"0.02": {
							"post": [0, 0, 0.25],
							"lerp_mode": "catmullrom"
						},
						"0.04": {
							"post": [0, 0, 0],
							"lerp_mode": "catmullrom"
						}
					}
				},
				"barrel_ur": {
					"position": {
						"0.0": [0, 0, 1],
						"0.02": {
							"pre": [0, 0, 0.33],
							"post": [0, 0, 0.33],
							"lerp_mode": "catmullrom"
						},
						"0.04": [0, 0, 0]
					}
				},
				"barrel_ul": {
					"position": {
						"0.0": [0, 0, 1],
						"0.02": {
							"pre": [0, 0, 0.33],
							"post": [0, 0, 0.33],
							"lerp_mode": "catmullrom"
						},
						"0.04": [0, 0, 0]
					}
				},
				"barrel_lr": {
					"position": {
						"0.0": [0, 0, 1],
						"0.02": {
							"pre": [0, 0, 0.33],
							"post": [0, 0, 0.33],
							"lerp_mode": "catmullrom"
						},
						"0.04": [0, 0, 0]
					}
				},
				"barrel_ll": {
					"position": {
						"0.0": [0, 0, 1],
						"0.02": {
							"pre": [0, 0, 0.33],
							"post": [0, 0, 0.33],
							"lerp_mode": "catmullrom"
						},
						"0.04": [0, 0, 0]
					}
				},
				"arm_base_ul_flash_illuminated": {
					"rotation": {
						"0.0": [0, 0, 0],
						"0.04": [0, 0, -180]
					},
					"position": {
						"0.0": [0, 0, -16],
						"0.04": [0, 0, -15]
					},
					"scale": {
						"0.0": [60, 60, 60],
						"0.04": [0.1, 0.1, 0.1]
					}
				},
				"arm_base_ur_flash_illuminated": {
					"rotation": {
						"0.0": [0, 0, 0],
						"0.04": [0, 0, 360]
					},
					"position": {
						"0.0": [0, 0, -16],
						"0.04": [0, 0, -15]
					},
					"scale": {
						"0.0": [60, 60, 60],
						"0.04": [0.1, 0.1, 0.1]
					}
				},
				"arm_base_lr_flash_illuminated": {
					"rotation": {
						"0.0": [0, 0, 0],
						"0.04": [0, 0, 180]
					},
					"position": {
						"0.0": [0, 0, -16],
						"0.04": [0, 0, -15]
					},
					"scale": {
						"0.0": [60, 60, 60],
						"0.04": [0.1, 0.1, 0.1]
					}
				},
				"arm_base_ll_flash_illuminated": {
					"rotation": {
						"0.0": [0, 0, 0],
						"0.04": [0, 0, -360]
					},
					"position": {
						"0.0": [0, 0, -16],
						"0.04": [0, 0, -15]
					},
					"scale": {
						"0.0": [60, 60, 60],
						"0.04": [0.1, 0.1, 0.1]
					}
				}
			}
		},
		"put_away": {
			"loop": "hold_on_last_frame",
			"animation_length": 0.75,
			"bones": {
				"arm_base_ur": {
					"position": {
						"0.5": [0, 0, 0],
						"0.75": [0, 0, 6]
					}
				},
				"arm_front_ur": {
					"rotation": {
						"0.25": [0, 0, 0],
						"0.75": [-180, 0, 0]
					}
				},
				"barrel_ur": {
					"rotation": {
						"0.0": [0, 0, 0],
						"0.0833": [0, 0, -90]
					},
					"position": {
						"0.0833": [0, 0, 0],
						"0.2083": [0, 0, 3]
					}
				},
				"arm_wire_ur": {
					"rotation": {
						"0.0": [0, 0, 0],
						"0.25": [-180, 0, 0]
					}
				},
				"arm_base_ul": {
					"position": {
						"0.5": [0, 0, 0],
						"0.75": [0, 0, 6]
					}
				},
				"arm_front_ul": {
					"rotation": {
						"0.25": [0, 0, 0],
						"0.75": [-180, 0, 0]
					}
				},
				"barrel_ul": {
					"rotation": {
						"0.0": [0, 0, 0],
						"0.0833": [0, 0, 90]
					},
					"position": {
						"0.0833": [0, 0, 0],
						"0.2083": [0, 0, 3]
					}
				},
				"arm_wire_ul": {
					"rotation": {
						"0.0": [0, 0, 0],
						"0.25": [-180, 0, 0]
					}
				},
				"arm_base_ul_flash_illuminated": {
					"scale": 0
				},
				"arm_base_lr": {
					"position": {
						"0.5": [0, 0, 0],
						"0.75": [0, 0, 6]
					}
				},
				"arm_front_lr": {
					"rotation": {
						"0.25": [0, 0, 0],
						"0.75": [180, 0, 0]
					}
				},
				"barrel_lr": {
					"rotation": {
						"0.0": [0, 0, 0],
						"0.0833": [0, 0, -90]
					},
					"position": {
						"0.0833": [0, 0, 0],
						"0.2083": [0, 0, 3]
					}
				},
				"arm_wire_lr": {
					"rotation": {
						"0.0": [0, 0, 0],
						"0.25": [180, 0, 0]
					}
				},
				"arm_base_ll": {
					"position": {
						"0.5": [0, 0, 0],
						"0.75": [0, 0, 6]
					}
				},
				"arm_front_ll": {
					"rotation": {
						"0.25": [0, 0, 0],
						"0.75": [180, 0, 0]
					}
				},
				"barrel_ll": {
					"rotation": {
						"0.0": [0, 0, 0],
						"0.0833": [0, 0, 90]
					},
					"position": {
						"0.0833": [0, 0, 0],
						"0.2083": [0, 0, 3]
					}
				},
				"arm_wire_ll": {
					"rotation": {
						"0.0": [0, 0, 0],
						"0.25": [180, 0, 0]
					}
				},
				"core": {
					"rotation": {
						"0.0": [0, 0, 0],
						"0.1667": [22.5, 0, 0]
					},
					"position": {
						"0.0": [0, 0, 0],
						"0.1667": [0, -3, 3]
					}
				},
				"righthand_pos": {
					"rotation": [90, -350, -180],
					"position": [-0.5, 1, 11]
				},
				"lefthand_pos": {
					"rotation": [90, -10, -180],
					"position": [0.5, 1, 11]
				},
				"arm_base_ur_flash_illuminated": {
					"scale": 0
				},
				"arm_base_lr_flash_illuminated": {
					"scale": 0
				},
				"arm_base_ll_flash_illuminated": {
					"scale": 0
				},
				"camera": {
					"rotation": {
						"0.0": {
							"post": [0, 0, 0],
							"lerp_mode": "catmullrom"
						},
						"0.25": {
							"post": [-0.25, 0, 0.25],
							"lerp_mode": "catmullrom"
						},
						"0.5": {
							"post": [0.25, 0, 0],
							"lerp_mode": "catmullrom"
						},
						"0.75": {
							"post": [0, 0, 0],
							"lerp_mode": "catmullrom"
						}
					}
				}
			}
		},
		"walk_forward": {
			"loop": true,
			"animation_length": 1,
			"bones": {
				"root": {
					"rotation": {
						"0.0": {
							"post": [0, 0, 0],
							"lerp_mode": "catmullrom"
						},
						"0.0833": {
							"post": [0, -1.29, 0.55297],
							"lerp_mode": "catmullrom"
						},
						"0.2083": {
							"post": [0, -1.97, 1.08375],
							"lerp_mode": "catmullrom"
						},
						"0.2917": {
							"post": [0, -1.95516, 1.60859],
							"lerp_mode": "catmullrom"
						},
						"0.3333": {
							"post": [0, -1.67, 1.74516],
							"lerp_mode": "catmullrom"
						},
						"0.4583": {
							"post": [0, -0.87641, 1.58984],
							"lerp_mode": "catmullrom"
						},
						"0.5417": {
							"post": [0, 0, 1.05156],
							"lerp_mode": "catmullrom"
						},
						"0.6667": {
							"post": [0, 1.4375, 0.46172],
							"lerp_mode": "catmullrom"
						},
						"0.75": {
							"post": [0, 1.86953, 0.01875],
							"lerp_mode": "catmullrom"
						},
						"0.7917": {
							"post": [0, 1.84, -0.15516],
							"lerp_mode": "catmullrom"
						},
						"0.9167": {
							"post": [0, 1.47, -0.27437],
							"lerp_mode": "catmullrom"
						},
						"1.0": {
							"post": [0, 0, 0],
							"lerp_mode": "catmullrom"
						}
					},
					"position": {
						"0.0": {
							"post": [0, 0, 0],
							"lerp_mode": "catmullrom"
						},
						"0.1667": {
							"post": [0.01953, 0.32969, 0],
							"lerp_mode": "catmullrom"
						},
						"0.2917": {
							"post": [0.02344, 0.36641, 0],
							"lerp_mode": "catmullrom"
						},
						"0.3333": {
							"post": [0.025, 0.245, 0],
							"lerp_mode": "catmullrom"
						},
						"0.4167": {
							"post": [0.01609, 0.05875, 0],
							"lerp_mode": "catmullrom"
						},
						"0.5": {
							"post": [-0.00391, -0.01219, 0],
							"lerp_mode": "catmullrom"
						},
						"0.6667": {
							"post": [-0.05078, 0.32969, 0],
							"lerp_mode": "catmullrom"
						},
						"0.7917": {
							"post": [-0.05469, 0.36641, 0],
							"lerp_mode": "catmullrom"
						},
						"0.8333": {
							"post": [-0.055, 0.245, 0],
							"lerp_mode": "catmullrom"
						},
						"0.9167": {
							"post": [-0.04641, 0.05875, 0],
							"lerp_mode": "catmullrom"
						},
						"1.0": {
							"post": [0, 0, 0],
							"lerp_mode": "catmullrom"
						}
					}
				}
			}
		},
		"walk_sideway": {
			"loop": true,
			"animation_length": 1,
			"bones": {
				"root": {
					"rotation": {
						"0.0": [0, 0, 0],
						"0.0417": [0, -0.22, -0.01437],
						"0.0833": [0, -0.53, -0.01437],
						"0.1667": [0, -0.77, -0.03437],
						"0.2083": [0, -0.88, -0.10437],
						"0.25": [0, -0.92, -0.18437],
						"0.2917": [0, -0.88, -0.26438],
						"0.3333": [0, -0.64, -0.37437],
						"0.4167": [0, -0.34, -0.44437],
						"0.4583": [0, -0.18, -0.44437],
						"0.5": [0, 0, -0.39437],
						"0.5417": [0, 0.24, -0.33437],
						"0.5833": [0, 0.52, -0.24437],
						"0.6667": [0, 0.73, -0.17437],
						"0.7083": [0, 0.85, -0.09437],
						"0.75": [0, 0.85, -0.03437],
						"0.7917": [0, 0.82, 0.00562],
						"0.8333": [0, 0.7, 0.03563],
						"0.9167": [0, 0.48, 0.02563],
						"0.9583": [0, 0.2, 0.00562],
						"1.0": [0, 0, 0]
					},
					"position": {
						"0.0": [0, 0, 0],
						"0.0417": [-0.03, 0.05625, 0.035],
						"0.0833": [-0.07, 0.14625, 0.065],
						"0.1667": [-0.11, 0.20625, 0.085],
						"0.2083": [-0.11, 0.22625, 0.085],
						"0.25": [-0.11, 0.22625, 0.085],
						"0.2917": [-0.1, 0.20625, 0.085],
						"0.3333": [-0.09, 0.13625, 0.045],
						"0.4167": [-0.07, 0.05625, 0.005],
						"0.4583": [-0.04, 0.00625, 0.015],
						"0.5": [0, -0.01375, 0.035],
						"0.5417": [0.03, 0.04625, 0.045],
						"0.5833": [0.07, 0.14625, 0.065],
						"0.6667": [0.1, 0.21625, 0.085],
						"0.7083": [0.11, 0.23625, 0.085],
						"0.75": [0.1, 0.23625, 0.085],
						"0.7917": [0.09, 0.21625, 0.085],
						"0.8333": [0.08, 0.14625, 0.055],
						"0.9167": [0.06, 0.05625, 0.035],
						"0.9583": [0.03, 0.01625, 0.015],
						"1.0": [0, 0, 0]
					}
				}
			}
		},
		"walk_backward": {
			"loop": true,
			"animation_length": 1,
			"bones": {
				"root": {
					"rotation": {
						"0.0": [0, 0, 0],
						"0.0417": [0, -0.16, -0.03],
						"0.0833": [0, -0.39, -0.03],
						"0.1667": [0, -0.56, -0.05],
						"0.2083": [0, -0.65, -0.12],
						"0.25": [0, -0.69, -0.2],
						"0.2917": [0, -0.68, -0.28],
						"0.3333": [0, -0.53, -0.39],
						"0.4167": [0, -0.33, -0.46],
						"0.4583": [0, -0.18, -0.46],
						"0.5": [0, 0, -0.41],
						"0.5417": [0, 0.19, -0.35],
						"0.5833": [0, 0.4, -0.26],
						"0.6667": [0, 0.56, -0.19],
						"0.7083": [0, 0.66, -0.11],
						"0.75": [0, 0.67, -0.05],
						"0.7917": [0, 0.64, -0.01],
						"0.8333": [0, 0.52, 0.02],
						"0.9167": [0, 0.35, 0.01],
						"0.9583": [0, 0.15, -0.01],
						"1.0": [0, 0, 0]
					},
					"position": {
						"0.0": [0, 0, 0],
						"0.0417": [-0.03, 0.06813, 0.01625],
						"0.0833": [-0.07, 0.15813, 0.04625],
						"0.1667": [-0.11, 0.21813, 0.06625],
						"0.2083": [-0.11, 0.23813, 0.07625],
						"0.25": [-0.11, 0.23813, 0.07625],
						"0.2917": [-0.1, 0.21813, 0.06625],
						"0.3333": [-0.09, 0.14813, 0.02625],
						"0.4167": [-0.07, 0.07813, -0.00375],
						"0.4583": [-0.04, 0.01813, -0.00375],
						"0.5": [0, 0.00812, 0.01625],
						"0.5417": [0.03, 0.06813, 0.03625],
						"0.5833": [0.07, 0.15813, 0.05625],
						"0.6667": [0.1, 0.21813, 0.06625],
						"0.7083": [0.11, 0.23813, 0.07625],
						"0.75": [0.1, 0.23813, 0.07625],
						"0.7917": [0.09, 0.21813, 0.06625],
						"0.8333": [0.08, 0.14813, 0.04625],
						"0.9167": [0.06, 0.07813, 0.01625],
						"0.9583": [0.03, 0.02812, 0.00625],
						"1.0": [0, 0, 0]
					}
				}
			}
		},
		"walk_aiming": {
			"loop": true,
			"animation_length": 1,
			"bones": {
				"root": {
					"rotation": {
						"0.0": [0, 0, 0],
						"0.0417": [0, -0.16, 0.00125],
						"0.0833": [0, -0.39, 0.00125],
						"0.1667": [0, -0.56, -0.01875],
						"0.2083": [0, -0.65, -0.08875],
						"0.25": [0, -0.69, -0.16875],
						"0.2917": [0, -0.68, -0.24875],
						"0.3333": [0, -0.53, -0.35875],
						"0.4167": [0, -0.33, -0.42875],
						"0.4583": [0, -0.18, -0.42875],
						"0.5": [0, 0, -0.37875],
						"0.5417": [0, 0.19, -0.31875],
						"0.5833": [0, 0.4, -0.22875],
						"0.6667": [0, 0.56, -0.15875],
						"0.7083": [0, 0.66, -0.07875],
						"0.75": [0, 0.67, -0.01875],
						"0.7917": [0, 0.64, 0.02125],
						"0.8333": [0, 0.52, 0.05125],
						"0.9167": [0, 0.35, 0.04125],
						"0.9583": [0, 0.15, 0.02125],
						"1.0": [0, 0, 0]
					},
					"position": {
						"0.0": [0, 0, 0],
						"0.0417": [-0.03, -0.01, 0.11],
						"0.0833": [-0.07, 0.08, 0.14],
						"0.1667": [-0.11, 0.14, 0.16],
						"0.2083": [-0.11, 0.16, 0.17],
						"0.25": [-0.11, 0.16, 0.17],
						"0.2917": [-0.1, 0.14, 0.16],
						"0.3333": [-0.09, 0.07, 0.12],
						"0.4167": [-0.07, 0, 0.09],
						"0.4583": [-0.04, -0.06, 0.09],
						"0.5": [0, -0.07, 0.11],
						"0.5417": [0.03, -0.01, 0.13],
						"0.5833": [0.07, 0.08, 0.15],
						"0.6667": [0.1, 0.14, 0.16],
						"0.7083": [0.11, 0.16, 0.17],
						"0.75": [0.1, 0.16, 0.17],
						"0.7917": [0.09, 0.14, 0.16],
						"0.875": [0.08, 0.10125, 0.14],
						"0.9583": [0.03, 0, 0],
						"1.0": [0, 0, 0]
					}
				}
			}
		},
		"run_start": {
			"loop": "hold_on_last_frame",
			"animation_length": 0.25,
			"bones": {
				"root": {
					"rotation": [0, 0, 0],
					"position": [0, 0, 0]
				},
				"barrel_ur": {
					"position": {
						"0.0": [0, 0, 0],
						"0.0833": [0, 0, 3]
					}
				},
				"barrel_ul": {
					"position": {
						"0.0": [0, 0, 0],
						"0.0833": [0, 0, 3]
					}
				},
				"barrel_lr": {
					"position": {
						"0.0": [0, 0, 0],
						"0.0833": [0, 0, 3]
					}
				},
				"barrel_ll": {
					"position": {
						"0.0": [0, 0, 0],
						"0.0833": [0, 0, 3]
					}
				},
				"core": {
					"rotation": {
						"0.0": [0, 0, 0],
						"0.125": {
							"pre": [-19.375, 0, 0],
							"post": [-19.375, 0, 0],
							"lerp_mode": "catmullrom"
						},
						"0.25": [-22.5, 0, 0]
					},
					"position": {
						"0.0": [0, 0, 0],
						"0.125": {
							"pre": [0, -0.875, 0],
							"post": [0, -0.875, 0],
							"lerp_mode": "catmullrom"
						},
						"0.25": [0, -1, 0]
					}
				}
			}
		},
		"run": {
			"loop": true,
			"animation_length": 0.6667,
			"bones": {
				"root": {
					"position": {
						"0.0": [0, 0, 0],
						"0.0417": [0.18, -0.45, 0],
						"0.0833": [0.49, -1.3, 0],
						"0.125": [0.75, -1.75, 0],
						"0.1667": [0.84, -1.57, 0],
						"0.2083": [0.92, -1.13, 0],
						"0.25": [0.98, -0.62, 0],
						"0.2917": [1.01, -0.18, 0],
						"0.3333": [1, 0, 0],
						"0.375": [0.89, -0.45, 0],
						"0.4167": [0.69, -1.3, 0],
						"0.4583": [0.5, -1.75, 0],
						"0.5": [0.38, -1.57, 0],
						"0.5417": [0.24, -1.13, 0],
						"0.5833": [0.11, -0.62, 0],
						"0.625": [0.02, -0.18, 0],
						"0.6667": [0, 0, 0]
					}
				},
				"barrel_ur": {
					"position": [0, 0, 3]
				},
				"barrel_ul": {
					"position": [0, 0, 3]
				},
				"barrel_lr": {
					"position": [0, 0, 3]
				},
				"barrel_ll": {
					"position": [0, 0, 3]
				},
				"core": {
					"rotation": [-22.5, 0, 0],
					"position": [0, -1, 0]
				}
			}
		},
		"run_hold": {
			"loop": true,
			"bones": {
				"barrel_ur": {
					"position": [0, 0, 3]
				},
				"barrel_ul": {
					"position": [0, 0, 3]
				},
				"barrel_lr": {
					"position": [0, 0, 3]
				},
				"barrel_ll": {
					"position": [0, 0, 3]
				},
				"core": {
					"rotation": [-22.5, 0, 0],
					"position": [0, -1, 0]
				}
			}
		},
		"run_end": {
			"loop": "hold_on_last_frame",
			"animation_length": 0.25,
			"bones": {
				"core": {
					"rotation": {
						"0.0": [-22.5, 0, 0],
						"0.125": {
							"pre": [-2.875, 0, 0],
							"post": [-2.875, 0, 0],
							"lerp_mode": "catmullrom"
						},
						"0.25": [0, 0, 0]
					},
					"position": {
						"0.0": [0, -1, 0],
						"0.125": {
							"pre": [0, -0.125, 0],
							"post": [0, -0.125, 0],
							"lerp_mode": "catmullrom"
						},
						"0.25": [0, 0, 0]
					}
				},
				"barrel_ur": {
					"position": {
						"0.1667": [0, 0, 3],
						"0.25": [0, 0, 0]
					}
				},
				"barrel_ul": {
					"position": {
						"0.1667": [0, 0, 3],
						"0.25": [0, 0, 0]
					}
				},
				"barrel_lr": {
					"position": {
						"0.1667": [0, 0, 3],
						"0.25": [0, 0, 0]
					}
				},
				"barrel_ll": {
					"position": {
						"0.1667": [0, 0, 3],
						"0.25": [0, 0, 0]
					}
				}
			}
		}
	}
}