{
	"format_version": "1.8.0",
	"animations": {
		"static_idle": {
			"loop": true,
			"bones": {
				"right": {
					"rotation": [94.01523, 4.98779, -179.65033],
					"position": [-6.3, -6.9, 7.4],
					"scale": [1, 1.5, 1]
				},
				"left": {
					"rotation": [70.71942, -33.17678, -93.98392],
					"position": [6.3, -7.6, -4.5],
					"scale": [1, 1.5, 1]
				},
				"constraint": {
					"rotation": [0.2, 0.2, 0.2],
					"position": [0.2, 0.2, 0.3]
				}
			}
		},
		"shoot": {
			"loop": "hold_on_last_frame",
			"animation_length": 0.5833,
			"bones": {
				"ring": {
					"rotation": {
						"0.0": {
							"post": [62.5, 0, 0],
							"lerp_mode": "catmullrom"
						},
						"0.125": {
							"post": [-37.5, 0, 0],
							"lerp_mode": "catmullrom"
						},
						"0.25": {
							"post": [32.5, 0, 0],
							"lerp_mode": "catmullrom"
						},
						"0.4167": {
							"post": [-21.5, 0, 0],
							"lerp_mode": "catmullrom"
						},
						"0.5833": {
							"post": [0, 0, 0],
							"lerp_mode": "catmullrom"
						}
					}
				},
				"bolt": {
					"position": {
						"0.0": [0, 0, 0],
						"0.0417": [0, 0, 3.5],
						"0.0833": [0, 0, 0]
					}
				},
				"root": {
					"rotation": {
						"0.0": {
							"post": [-2.59768, 0.1525, 1.74334],
							"lerp_mode": "catmullrom"
						},
						"0.0417": {
							"post": [-5.95824, -1.30704, -2.72798],
							"lerp_mode": "catmullrom"
						},
						"0.1667": {
							"post": [0.84251, 0.26479, -1.02186],
							"lerp_mode": "catmullrom"
						},
						"0.2917": {
							"post": [-0.70043, -0.09694, 0.24998],
							"lerp_mode": "catmullrom"
						},
						"0.4167": {
							"post": [0.05, 0.13, 0.1],
							"lerp_mode": "catmullrom"
						},
						"0.5833": {
							"post": [0, 0, 0],
							"lerp_mode": "catmullrom"
						}
					},
					"position": {
						"0.0": {
							"post": [0, -0.0025, 0.5],
							"lerp_mode": "catmullrom"
						},
						"0.0417": {
							"post": [0, -0.2225, 0.975],
							"lerp_mode": "catmullrom"
						},
						"0.125": {
							"post": [0, 0.175, -0.175],
							"lerp_mode": "catmullrom"
						},
						"0.2083": {
							"post": [0, 0.0625, 0.2625],
							"lerp_mode": "catmullrom"
						},
						"0.2917": {
							"post": [0, -0.1, 0.075],
							"lerp_mode": "catmullrom"
						},
						"0.375": {
							"post": [0.0125, -0.025, 0.125],
							"lerp_mode": "catmullrom"
						},
						"0.4583": {
							"post": [0, -0.005, -0.015],
							"lerp_mode": "catmullrom"
						}
					}
				},
				"camera": {
					"rotation": {
						"0.0": {
							"post": [0, 0, 0],
							"lerp_mode": "catmullrom"
						},
						"0.0417": {
							"post": [0, 0, -0.2],
							"lerp_mode": "catmullrom"
						},
						"0.125": {
							"post": [0, 0, 0.35],
							"lerp_mode": "catmullrom"
						},
						"0.2083": {
							"post": [0, 0, -0.05],
							"lerp_mode": "catmullrom"
						},
						"0.2917": {
							"post": [0, 0, 0.1],
							"lerp_mode": "catmullrom"
						},
						"0.375": {
							"post": [0, 0, -0.15],
							"lerp_mode": "catmullrom"
						},
						"0.4583": {
							"post": [0, 0, 0],
							"lerp_mode": "catmullrom"
						}
					}
				}
			}
		},
		"draw": {
			"loop": "hold_on_last_frame",
			"animation_length": 0.9167,
			"bones": {
				"ring": {
					"rotation": {
						"0.3333": {
							"pre": [47.5, 0, 0],
							"post": [47.5, 0, 0],
							"lerp_mode": "catmullrom"
						},
						"0.5": {
							"post": [6.46, 0, 0],
							"lerp_mode": "catmullrom"
						},
						"0.625": {
							"post": [18.44, 0, 0],
							"lerp_mode": "catmullrom"
						},
						"0.7083": {
							"post": [-7.51, 0, 0],
							"lerp_mode": "catmullrom"
						},
						"0.7917": {
							"post": [2.45, 0, 0],
							"lerp_mode": "catmullrom"
						},
						"0.9167": {
							"post": [0, 0, 0],
							"lerp_mode": "catmullrom"
						}
					}
				},
				"root": {
					"rotation": {
						"0.0": {
							"post": [-9.23562, -5.83735, 4.29033],
							"lerp_mode": "catmullrom"
						},
						"0.1667": {
							"post": [-23.69, -9.24, -6.73],
							"lerp_mode": "catmullrom"
						},
						"0.25": {
							"post": [-31.25633, -10.9673, -12.0946],
							"lerp_mode": "catmullrom"
						},
						"0.3333": {
							"post": [-27.16606, -11.11392, -9.03308],
							"lerp_mode": "catmullrom"
						},
						"0.4583": {
							"post": [-21.34255, -8.1601, -1.09741],
							"lerp_mode": "catmullrom"
						},
						"0.5417": {
							"post": [-15.45626, -4.5233, 1.04893],
							"lerp_mode": "catmullrom"
						},
						"0.6667": {
							"post": [-9.00828, -2.06401, -2.92927],
							"lerp_mode": "catmullrom"
						},
						"0.7083": {
							"post": [-4.50291, -0.97298, -2.67833],
							"lerp_mode": "catmullrom"
						},
						"0.75": {
							"post": [-0.74965, 0.0229, 1.74985],
							"lerp_mode": "catmullrom"
						},
						"0.8333": {
							"post": [0, 0, 0],
							"lerp_mode": "catmullrom"
						}
					},
					"position": {
						"0.0": {
							"post": [-3.2, -21.6, 2.7],
							"lerp_mode": "catmullrom"
						},
						"0.1667": {
							"post": [-1.58, -13.86, -0.28],
							"lerp_mode": "catmullrom"
						},
						"0.25": {
							"post": [-0.5, -8.7, -2],
							"lerp_mode": "catmullrom"
						},
						"0.3333": {
							"post": [0.05, -6.48, -1.75],
							"lerp_mode": "catmullrom"
						},
						"0.4583": {
							"post": [0.42, -4.44, -1.29],
							"lerp_mode": "catmullrom"
						},
						"0.6667": {
							"post": [0, -0.65, -1.4],
							"lerp_mode": "catmullrom"
						},
						"0.75": {
							"post": [0, -0.225, 0.15],
							"lerp_mode": "catmullrom"
						},
						"0.8333": {
							"post": [0, 0, 0],
							"lerp_mode": "catmullrom"
						}
					}
				},
				"right": {
					"rotation": {
						"0.0": [57.48282, 7.69397, -175.41968],
						"0.3333": {
							"pre": [57.48282, 7.69397, -175.41968],
							"post": [57.48282, 7.69397, -175.41968],
							"lerp_mode": "catmullrom"
						},
						"0.5": {
							"post": [85.72007, 10.80476, -157.81171],
							"lerp_mode": "catmullrom"
						},
						"0.6667": {
							"post": [94.01523, 4.98779, -179.65033],
							"lerp_mode": "catmullrom"
						}
					},
					"position": {
						"0.0": [-7.6, -5, 5.2],
						"0.3333": {
							"pre": [-7.6, -5, 5.2],
							"post": [-7.6, -5, 5.2],
							"lerp_mode": "catmullrom"
						},
						"0.5": {
							"post": [-8.52, -5.64, 7.52],
							"lerp_mode": "catmullrom"
						},
						"0.6667": {
							"post": [-6.3, -6.9, 7.4],
							"lerp_mode": "catmullrom"
						}
					},
					"scale": [1, 1.5, 1]
				},
				"left": {
					"rotation": {
						"0.0": [74.46933, -24.66189, -131.2011],
						"0.0833": [74.46933, -24.66189, -131.2011],
						"0.2917": [60.92451, -3.56385, -103.79455],
						"0.5": [70.71942, -33.17678, -93.98392]
					},
					"position": {
						"0.0": [19.47, -5, 2.23],
						"0.0833": [19.47, -5, 2.23],
						"0.2917": [7, -7.3, -4.3],
						"0.5": [6.3, -7.6, -4.5]
					},
					"scale": [1, 1.5, 1]
				},
				"camera": {
					"rotation": {
						"0.0": {
							"post": [0, 0, 0],
							"lerp_mode": "catmullrom"
						},
						"0.25": {
							"post": [-0.5, 0, 0.25],
							"lerp_mode": "catmullrom"
						},
						"0.625": {
							"post": [0.01, 0, 0],
							"lerp_mode": "catmullrom"
						},
						"0.7083": {
							"post": [0.04, 0, 0.23],
							"lerp_mode": "catmullrom"
						},
						"0.7917": {
							"post": [0.03, 0, -0.01],
							"lerp_mode": "catmullrom"
						},
						"0.9167": {
							"post": [0, 0, 0],
							"lerp_mode": "catmullrom"
						}
					}
				}
			}
		},
		"put_away": {
			"animation_length": 0.5833,
			"bones": {
				"root": {
					"rotation": {
						"0.0": {
							"post": [0, 0, 0],
							"lerp_mode": "catmullrom"
						},
						"0.0833": {
							"post": [-0.64, -3.66, -2.19],
							"lerp_mode": "catmullrom"
						},
						"0.2083": {
							"post": [1.8, -12.38, 1.96],
							"lerp_mode": "catmullrom"
						},
						"0.375": {
							"post": [6.24, -23.59, 10.25],
							"lerp_mode": "catmullrom"
						},
						"0.5417": {
							"post": [11.63972, -43.66226, 20.28897],
							"lerp_mode": "catmullrom"
						},
						"0.5833": {
							"post": [13.35, -52.02, 23.22],
							"lerp_mode": "catmullrom"
						}
					},
					"position": {
						"0.0": {
							"post": [0, 0, 0],
							"lerp_mode": "catmullrom"
						},
						"0.0833": {
							"post": [-0.45, -0.49, 0.28],
							"lerp_mode": "catmullrom"
						},
						"0.2083": {
							"post": [-0.67, -1.47, 0.34],
							"lerp_mode": "catmullrom"
						},
						"0.375": {
							"post": [-0.435, -2.62, 0.06],
							"lerp_mode": "catmullrom"
						},
						"0.5417": {
							"post": [0.92, -4.65, -0.335],
							"lerp_mode": "catmullrom"
						},
						"0.5833": {
							"post": [1.97, -5.47, -0.37],
							"lerp_mode": "catmullrom"
						}
					}
				},
				"right": {
					"rotation": [94.01523, 4.98779, -179.65033],
					"position": [-6.3, -6.9, 7.4],
					"scale": [1, 1.5, 1]
				},
				"left": {
					"rotation": [70.71942, -33.17678, -93.98392],
					"position": [6.3, -7.6, -4.5],
					"scale": [1, 1.5, 1]
				},
				"constraint": {
					"rotation": [0.15, 0.15, 0.15],
					"position": [0.15, 0.15, 0.25]
				},
				"camera": {
					"rotation": {
						"0.0": {
							"post": [0, 0, 0],
							"lerp_mode": "catmullrom"
						},
						"0.1667": {
							"post": [0.3, 0, -0.125],
							"lerp_mode": "catmullrom"
						},
						"0.2917": {
							"post": [0.64, 0, 0.3],
							"lerp_mode": "catmullrom"
						},
						"0.4583": {
							"post": [0.5, 0, 0.15],
							"lerp_mode": "catmullrom"
						},
						"0.5833": {
							"post": [0, 0, 0],
							"lerp_mode": "catmullrom"
						}
					}
				}
			}
		},
		"reload_tactical": {
			"animation_length": 2.7083,
			"bones": {
				"root": {
					"rotation": {
						"0.0": {
							"post": [0, 0, 0],
							"lerp_mode": "catmullrom"
						},
						"0.2083": {
							"post": [-3.24622, -9.84655, -22.65108],
							"lerp_mode": "catmullrom"
						},
						"0.4167": {
							"post": [-8.24622, -9.84655, -20.95108],
							"lerp_mode": "catmullrom"
						},
						"0.5417": {
							"post": [-8.7, -9.85, -21.18],
							"lerp_mode": "catmullrom"
						},
						"0.5833": {
							"post": [-9.77, -10.55, -25.59],
							"lerp_mode": "catmullrom"
						},
						"0.7083": {
							"post": [-8.155, -8.44, -24.575],
							"lerp_mode": "catmullrom"
						},
						"0.7917": {
							"post": [-8.51, -6.78, -23.085],
							"lerp_mode": "catmullrom"
						},
						"0.9583": {
							"post": [-8.2615, -5.66026, -15.43217],
							"lerp_mode": "catmullrom"
						},
						"1.0833": {
							"post": [-7.41, -5.56, -17.215],
							"lerp_mode": "catmullrom"
						},
						"1.2917": {
							"post": [-6.56412, -5.47258, -17.92272],
							"lerp_mode": "catmullrom"
						},
						"1.4583": {
							"post": [-6.39145, -5.03833, -25.35047],
							"lerp_mode": "catmullrom"
						},
						"1.6667": {
							"post": [-6.33384, -4.77802, -25.82437],
							"lerp_mode": "catmullrom"
						},
						"1.75": {
							"post": [-6.2, -4.67, -27.61],
							"lerp_mode": "catmullrom"
						},
						"1.7917": {
							"post": [-6.08384, -4.77802, -27.62437],
							"lerp_mode": "catmullrom"
						},
						"1.8333": {
							"post": [-4.54, -6.13, -25.265],
							"lerp_mode": "catmullrom"
						},
						"1.9167": {
							"post": [-5.21, -6.63, -28.6],
							"lerp_mode": "catmullrom"
						},
						"2.0": {
							"post": [-4.75711, -7.17437, -27.88752],
							"lerp_mode": "catmullrom"
						},
						"2.1667": {
							"post": [-4.25077, -4.76345, -23.81746],
							"lerp_mode": "catmullrom"
						},
						"2.4167": {
							"post": [1.05587, -1.38705, 1.19138],
							"lerp_mode": "catmullrom"
						},
						"2.5417": {
							"post": [-0.15, -0.36, -0.09],
							"lerp_mode": "catmullrom"
						},
						"2.6667": {
							"post": [0, 0, 0],
							"lerp_mode": "catmullrom"
						}
					},
					"position": {
						"0.0417": {
							"pre": [0, 0, 0],
							"post": [0, 0, 0],
							"lerp_mode": "catmullrom"
						},
						"0.2083": {
							"post": [0.175, 0.25, 0],
							"lerp_mode": "catmullrom"
						},
						"0.3333": {
							"post": [0.085, 0.695, 0.6],
							"lerp_mode": "catmullrom"
						},
						"0.5": {
							"post": [-0.03, 0.73, 0.7],
							"lerp_mode": "catmullrom"
						},
						"0.5417": {
							"post": [-0.06, 0.58, 0.7],
							"lerp_mode": "catmullrom"
						},
						"0.6667": {
							"post": [0.01, 0.78, 0.7],
							"lerp_mode": "catmullrom"
						},
						"0.75": {
							"post": [-0.02, 0.7, 0.7],
							"lerp_mode": "catmullrom"
						},
						"0.8333": {
							"post": [0.01, 0.67, 0.7],
							"lerp_mode": "catmullrom"
						},
						"1.2917": {
							"post": [0.13, 0.655, 0.6],
							"lerp_mode": "catmullrom"
						},
						"1.5": {
							"post": [0.13, 0.63, 0.6],
							"lerp_mode": "catmullrom"
						},
						"1.7083": {
							"post": [0.1475, 0.5725, 0.6],
							"lerp_mode": "catmullrom"
						},
						"1.7917": {
							"post": [0.12, 0.57, 0.6],
							"lerp_mode": "catmullrom"
						},
						"1.8333": {
							"post": [0.1, 0.47, 0.6],
							"lerp_mode": "catmullrom"
						},
						"2.0": {
							"post": [0.125, 0.595, 0.6],
							"lerp_mode": "catmullrom"
						},
						"2.2917": {
							"post": [-0.04, -0.69, -0.3],
							"lerp_mode": "catmullrom"
						},
						"2.4583": {
							"post": [0, 0.025, -0.2],
							"lerp_mode": "catmullrom"
						},
						"2.5833": {
							"post": [0, -0.015, 0],
							"lerp_mode": "catmullrom"
						},
						"2.6667": {
							"post": [0, 0, 0],
							"lerp_mode": "catmullrom"
						}
					}
				},
				"mag": {
					"rotation": {
						"0.2917": [0, 0, 0],
						"0.5417": [0, 0, 0],
						"0.5833": [-0.74063, -1.12401, -3.90454],
						"0.625": [-1.36157, -2.32246, -13.80982],
						"0.8333": [-13.36473, -18.26883, -52.84154],
						"1.125": [-21.26765, -7.52076, -18.58597],
						"1.5": [-2.62621, -0.4629, -13.1005],
						"1.5833": [2.97086, 0.41733, -11.98918],
						"1.7083": [2.97937, 0.32614, -10.24153],
						"1.75": [2.99218, 0.17634, -7.37041],
						"1.7917": [2.9959, 0.15694, -6.9959],
						"1.8333": [0, 0, 0]
					},
					"position": {
						"0.3333": [0, 0, 0],
						"0.5417": [0, 0, 0],
						"0.5833": [0, -2.18, -0.5],
						"0.7083": {
							"pre": [3.41, -10.63, -0.28],
							"post": [3.41, -10.63, -0.28],
							"lerp_mode": "catmullrom"
						},
						"0.7917": {
							"post": [0, -22, 0],
							"lerp_mode": "catmullrom"
						},
						"1.125": {
							"post": [4.6, -22, 0],
							"lerp_mode": "catmullrom"
						},
						"1.3333": [3.98, -10.81, 0],
						"1.5": [1.59, -3.58, -0.5],
						"1.5833": [0.895, -2.9, 0],
						"1.75": [0.505, -2.735, 0],
						"1.7917": [0.475, -2.65, 0],
						"1.8333": [0, 0, 0]
					}
				},
				"right": {
					"rotation": [94.01523, 4.98779, -179.65033],
					"position": [-6.3, -6.9, 7.4],
					"scale": [1, 1.5, 1]
				},
				"left": {
					"rotation": {
						"0.0": {
							"post": [70.71942, -33.17678, -93.98392],
							"lerp_mode": "catmullrom"
						},
						"0.2917": [139.97938, -14.89599, -195.82104],
						"0.5": [139.80339, -15.66082, -195.1532],
						"0.5833": [124.19674, -9.47541, -202.33317],
						"0.7917": [121.66311, 2.71574, -225.87057],
						"1.0833": {
							"pre": [118.9261, -3.66419, -221.29684],
							"post": [118.9261, -3.66419, -221.29684],
							"lerp_mode": "catmullrom"
						},
						"1.25": {
							"post": [118.9261, -3.66419, -221.29684],
							"lerp_mode": "catmullrom"
						},
						"1.4583": [116.45188, -4.05285, -197.2658],
						"1.5833": [108.06506, -12.01343, -198.44764],
						"1.7083": [114.06506, -12.01343, -198.44764],
						"1.7917": [108.06506, -12.01343, -198.44764],
						"1.8333": [107.43433, -6.73518, -186.52796],
						"2.0417": [107.43433, -6.73518, -186.52796],
						"2.25": {
							"pre": [70.71942, -33.17678, -93.98392],
							"post": [70.71942, -33.17678, -93.98392],
							"lerp_mode": "catmullrom"
						}
					},
					"position": {
						"0.0": {
							"post": [6.3, -7.6, -4.5],
							"lerp_mode": "catmullrom"
						},
						"0.25": [7.7, -8.1075, -0.315],
						"0.3333": [7.3, -8.475, 0.5],
						"0.5417": [7.3, -8.475, 0.5],
						"0.5833": [7.8, -10.54, -0.3],
						"0.7083": {
							"pre": [11.29194, -18.09605, -0.04118],
							"post": [11.29194, -18.09605, -0.04118],
							"lerp_mode": "catmullrom"
						},
						"0.7917": {
							"post": [8.24759, -29.12713, 0.28473],
							"lerp_mode": "catmullrom"
						},
						"1.1667": {
							"post": [7.3, -30.48, 0.5],
							"lerp_mode": "catmullrom"
						},
						"1.25": {
							"post": [13.25, -25.83, -1.76],
							"lerp_mode": "catmullrom"
						},
						"1.4583": [10.32, -15.26, -1.62],
						"1.5": [9.82, -12.57, -1.36],
						"1.5833": [8.83, -12.28, -0.83],
						"1.7083": [8.3, -12.08, -1.1],
						"1.7917": [8.3, -11.78, -1.1],
						"1.8333": [7.3, -8.78, -1.1],
						"2.0417": [7.9, -8.78, -1.1],
						"2.1667": [8.25257, -8.71974, -2.03713],
						"2.2917": {
							"pre": [6.3, -7.6, -4.5],
							"post": [6.3, -7.6, -4.5],
							"lerp_mode": "catmullrom"
						}
					},
					"scale": {
						"0.0": {
							"post": [1, 1.5, 1],
							"lerp_mode": "catmullrom"
						}
					}
				},
				"camera": {
					"rotation": {
						"0.0": {
							"post": [0, 0, 0],
							"lerp_mode": "catmullrom"
						},
						"0.25": {
							"post": [-0.25, 0, 1.45],
							"lerp_mode": "catmullrom"
						},
						"0.4167": {
							"post": [-0.35937, 0, 0.76],
							"lerp_mode": "catmullrom"
						},
						"0.5417": {
							"post": [-0.375, 0, 1],
							"lerp_mode": "catmullrom"
						},
						"0.6667": {
							"post": [-0.375, 0, -0.5],
							"lerp_mode": "catmullrom"
						},
						"0.7917": {
							"post": [-0.375, 0, 0.5],
							"lerp_mode": "catmullrom"
						},
						"0.9167": {
							"post": [-0.34375, 0, -0.25],
							"lerp_mode": "catmullrom"
						},
						"1.0833": {
							"post": [-0.25, 0, 0.25],
							"lerp_mode": "catmullrom"
						},
						"1.5": {
							"post": [0, 0, 0],
							"lerp_mode": "catmullrom"
						},
						"1.8333": {
							"post": [0, 0, 0.25],
							"lerp_mode": "catmullrom"
						},
						"1.9583": {
							"post": [0, 0, -0.5],
							"lerp_mode": "catmullrom"
						},
						"2.125": {
							"post": [0, 0, 0.75],
							"lerp_mode": "catmullrom"
						},
						"2.2917": {
							"post": [0, 0, 0],
							"lerp_mode": "catmullrom"
						},
						"2.5417": {
							"post": [0, 0, 0.5],
							"lerp_mode": "catmullrom"
						},
						"2.7083": {
							"post": [0, 0, 0],
							"lerp_mode": "catmullrom"
						}
					}
				},
				"bullet_new_mag": {
					"scale": 0
				}
			}
		},
		"reload_empty": {
			"animation_length": 2.7083,
			"bones": {
				"root": {
					"rotation": {
						"0.0": {
							"post": [0, 0, 0],
							"lerp_mode": "catmullrom"
						},
						"0.2083": {
							"post": [-3.24622, -9.84655, -22.65108],
							"lerp_mode": "catmullrom"
						},
						"0.4167": {
							"post": [-8.24622, -9.84655, -20.95108],
							"lerp_mode": "catmullrom"
						},
						"0.5417": {
							"post": [-8.7, -9.85, -21.18],
							"lerp_mode": "catmullrom"
						},
						"0.5833": {
							"post": [-9.77, -10.55, -25.59],
							"lerp_mode": "catmullrom"
						},
						"0.7083": {
							"post": [-8.155, -8.44, -24.575],
							"lerp_mode": "catmullrom"
						},
						"0.7917": {
							"post": [-8.51, -6.78, -23.085],
							"lerp_mode": "catmullrom"
						},
						"0.9583": {
							"post": [-8.2615, -5.66026, -15.43217],
							"lerp_mode": "catmullrom"
						},
						"1.0833": {
							"post": [-7.41, -5.56, -17.215],
							"lerp_mode": "catmullrom"
						},
						"1.2917": {
							"post": [-6.56412, -5.47258, -17.92272],
							"lerp_mode": "catmullrom"
						},
						"1.4583": {
							"post": [-6.39145, -5.03833, -25.35047],
							"lerp_mode": "catmullrom"
						},
						"1.6667": {
							"post": [-6.33384, -4.77802, -25.82437],
							"lerp_mode": "catmullrom"
						},
						"1.75": {
							"post": [-6.2, -4.67, -27.61],
							"lerp_mode": "catmullrom"
						},
						"1.7917": {
							"post": [-6.08384, -4.77802, -27.62437],
							"lerp_mode": "catmullrom"
						},
						"1.8333": {
							"post": [-4.54, -6.13, -25.265],
							"lerp_mode": "catmullrom"
						},
						"1.9167": {
							"post": [-5.21, -6.63, -28.6],
							"lerp_mode": "catmullrom"
						},
						"2.0": {
							"post": [-4.75711, -7.17437, -27.88752],
							"lerp_mode": "catmullrom"
						},
						"2.1667": {
							"post": [-4.25077, -4.76345, -23.81746],
							"lerp_mode": "catmullrom"
						},
						"2.4167": {
							"post": [1.05587, -1.38705, 1.19138],
							"lerp_mode": "catmullrom"
						},
						"2.5417": {
							"post": [-0.15, -0.36, -0.09],
							"lerp_mode": "catmullrom"
						},
						"2.6667": {
							"post": [0, 0, 0],
							"lerp_mode": "catmullrom"
						}
					},
					"position": {
						"0.0417": {
							"pre": [0, 0, 0],
							"post": [0, 0, 0],
							"lerp_mode": "catmullrom"
						},
						"0.2083": {
							"post": [0.175, 0.25, 0],
							"lerp_mode": "catmullrom"
						},
						"0.3333": {
							"post": [0.085, 0.695, 0.6],
							"lerp_mode": "catmullrom"
						},
						"0.5": {
							"post": [-0.03, 0.73, 0.7],
							"lerp_mode": "catmullrom"
						},
						"0.5417": {
							"post": [-0.06, 0.58, 0.7],
							"lerp_mode": "catmullrom"
						},
						"0.6667": {
							"post": [0.01, 0.78, 0.7],
							"lerp_mode": "catmullrom"
						},
						"0.75": {
							"post": [-0.02, 0.7, 0.7],
							"lerp_mode": "catmullrom"
						},
						"0.8333": {
							"post": [0.01, 0.67, 0.7],
							"lerp_mode": "catmullrom"
						},
						"1.2917": {
							"post": [0.13, 0.655, 0.6],
							"lerp_mode": "catmullrom"
						},
						"1.5": {
							"post": [0.13, 0.63, 0.6],
							"lerp_mode": "catmullrom"
						},
						"1.7083": {
							"post": [0.1475, 0.5725, 0.6],
							"lerp_mode": "catmullrom"
						},
						"1.7917": {
							"post": [0.12, 0.57, 0.6],
							"lerp_mode": "catmullrom"
						},
						"1.8333": {
							"post": [0.1, 0.47, 0.6],
							"lerp_mode": "catmullrom"
						},
						"2.0": {
							"post": [0.125, 0.595, 0.6],
							"lerp_mode": "catmullrom"
						},
						"2.2917": {
							"post": [-0.04, -0.69, -0.3],
							"lerp_mode": "catmullrom"
						},
						"2.4583": {
							"post": [0, 0.025, -0.2],
							"lerp_mode": "catmullrom"
						},
						"2.5833": {
							"post": [0, -0.015, 0],
							"lerp_mode": "catmullrom"
						},
						"2.6667": {
							"post": [0, 0, 0],
							"lerp_mode": "catmullrom"
						}
					}
				},
				"mag": {
					"rotation": {
						"0.2917": [0, 0, 0],
						"0.5417": [0, 0, 0],
						"0.5833": [-0.74063, -1.12401, -3.90454],
						"0.625": [-1.36157, -2.32246, -13.80982],
						"0.8333": [-13.36473, -18.26883, -52.84154],
						"1.125": [-21.26765, -7.52076, -18.58597],
						"1.5": [-2.62621, -0.4629, -13.1005],
						"1.5833": [2.97086, 0.41733, -11.98918],
						"1.7083": [2.97937, 0.32614, -10.24153],
						"1.75": [2.99218, 0.17634, -7.37041],
						"1.7917": [2.9959, 0.15694, -6.9959],
						"1.8333": [0, 0, 0]
					},
					"position": {
						"0.3333": [0, 0, 0],
						"0.5417": [0, 0, 0],
						"0.5833": [0, -2.18, -0.5],
						"0.7083": {
							"pre": [3.41, -10.63, -0.28],
							"post": [3.41, -10.63, -0.28],
							"lerp_mode": "catmullrom"
						},
						"0.7917": {
							"post": [0, -22, 0],
							"lerp_mode": "catmullrom"
						},
						"1.125": {
							"post": [4.6, -22, 0],
							"lerp_mode": "catmullrom"
						},
						"1.3333": [3.98, -10.81, 0],
						"1.5": [1.59, -3.58, -0.5],
						"1.5833": [0.895, -2.9, 0],
						"1.75": [0.505, -2.735, 0],
						"1.7917": [0.475, -2.65, 0],
						"1.8333": [0, 0, 0]
					}
				},
				"right": {
					"rotation": [94.01523, 4.98779, -179.65033],
					"position": [-6.3, -6.9, 7.4],
					"scale": [1, 1.5, 1]
				},
				"left": {
					"rotation": {
						"0.0": {
							"post": [70.71942, -33.17678, -93.98392],
							"lerp_mode": "catmullrom"
						},
						"0.2917": [139.97938, -14.89599, -195.82104],
						"0.5": [139.80339, -15.66082, -195.1532],
						"0.5833": [124.19674, -9.47541, -202.33317],
						"0.7917": [121.66311, 2.71574, -225.87057],
						"1.0833": {
							"pre": [118.9261, -3.66419, -221.29684],
							"post": [118.9261, -3.66419, -221.29684],
							"lerp_mode": "catmullrom"
						},
						"1.25": {
							"post": [118.9261, -3.66419, -221.29684],
							"lerp_mode": "catmullrom"
						},
						"1.4583": [116.45188, -4.05285, -197.2658],
						"1.5833": [108.06506, -12.01343, -198.44764],
						"1.7083": [114.06506, -12.01343, -198.44764],
						"1.7917": [108.06506, -12.01343, -198.44764],
						"1.8333": [107.43433, -6.73518, -186.52796],
						"2.0417": [107.43433, -6.73518, -186.52796],
						"2.25": {
							"pre": [70.71942, -33.17678, -93.98392],
							"post": [70.71942, -33.17678, -93.98392],
							"lerp_mode": "catmullrom"
						}
					},
					"position": {
						"0.0": {
							"post": [6.3, -7.6, -4.5],
							"lerp_mode": "catmullrom"
						},
						"0.25": [7.7, -8.1075, -0.315],
						"0.3333": [7.3, -8.475, 0.5],
						"0.5417": [7.3, -8.475, 0.5],
						"0.5833": [7.8, -10.54, -0.3],
						"0.7083": {
							"pre": [11.29194, -18.09605, -0.04118],
							"post": [11.29194, -18.09605, -0.04118],
							"lerp_mode": "catmullrom"
						},
						"0.7917": {
							"post": [8.24759, -29.12713, 0.28473],
							"lerp_mode": "catmullrom"
						},
						"1.1667": {
							"post": [7.3, -30.48, 0.5],
							"lerp_mode": "catmullrom"
						},
						"1.25": {
							"post": [13.25, -25.83, -1.76],
							"lerp_mode": "catmullrom"
						},
						"1.4583": [10.32, -15.26, -1.62],
						"1.5": [9.82, -12.57, -1.36],
						"1.5833": [8.83, -12.28, -0.83],
						"1.7083": [8.3, -12.08, -1.1],
						"1.7917": [8.3, -11.78, -1.1],
						"1.8333": [7.3, -8.78, -1.1],
						"2.0417": [7.9, -8.78, -1.1],
						"2.1667": [8.25257, -8.71974, -2.03713],
						"2.2917": {
							"pre": [6.3, -7.6, -4.5],
							"post": [6.3, -7.6, -4.5],
							"lerp_mode": "catmullrom"
						}
					},
					"scale": {
						"0.0": {
							"post": [1, 1.5, 1],
							"lerp_mode": "catmullrom"
						}
					}
				},
				"camera": {
					"rotation": {
						"0.0": {
							"post": [0, 0, 0],
							"lerp_mode": "catmullrom"
						},
						"0.25": {
							"post": [-0.25, 0, 1.45],
							"lerp_mode": "catmullrom"
						},
						"0.4167": {
							"post": [-0.35937, 0, 0.76],
							"lerp_mode": "catmullrom"
						},
						"0.5417": {
							"post": [-0.375, 0, 1],
							"lerp_mode": "catmullrom"
						},
						"0.6667": {
							"post": [-0.375, 0, -0.5],
							"lerp_mode": "catmullrom"
						},
						"0.7917": {
							"post": [-0.375, 0, 0.5],
							"lerp_mode": "catmullrom"
						},
						"0.9167": {
							"post": [-0.34375, 0, -0.25],
							"lerp_mode": "catmullrom"
						},
						"1.0833": {
							"post": [-0.25, 0, 0.25],
							"lerp_mode": "catmullrom"
						},
						"1.5": {
							"post": [0, 0, 0],
							"lerp_mode": "catmullrom"
						},
						"1.8333": {
							"post": [0, 0, 0.25],
							"lerp_mode": "catmullrom"
						},
						"1.9583": {
							"post": [0, 0, -0.5],
							"lerp_mode": "catmullrom"
						},
						"2.125": {
							"post": [0, 0, 0.75],
							"lerp_mode": "catmullrom"
						},
						"2.2917": {
							"post": [0, 0, 0],
							"lerp_mode": "catmullrom"
						},
						"2.5417": {
							"post": [0, 0, 0.5],
							"lerp_mode": "catmullrom"
						},
						"2.7083": {
							"post": [0, 0, 0],
							"lerp_mode": "catmullrom"
						}
					}
				},
				"bullet_new_mag": {
					"scale": {
						"1.1667": [0, 0, 0],
						"1.2083": [1, 1, 1]
					}
				}
			}
		},
		"inspect": {
			"animation_length": 4.9167,
			"bones": {
				"root": {
					"rotation": {
						"0.0": {
							"post": [0, 0, 0],
							"lerp_mode": "catmullrom"
						},
						"0.0833": {
							"post": [-3.34, -6.84, -9.43],
							"lerp_mode": "catmullrom"
						},
						"0.3333": {
							"post": [-17.9732, -31.24971, -46.58409],
							"lerp_mode": "catmullrom"
						},
						"0.5": {
							"post": [-15.65784, -35.39931, -53.17586],
							"lerp_mode": "catmullrom"
						},
						"0.8333": {
							"post": [-16.095, -35.55, -52.98],
							"lerp_mode": "catmullrom"
						},
						"1.2083": {
							"post": [-15.66, -35.4, -53.18],
							"lerp_mode": "catmullrom"
						},
						"1.3333": {
							"post": [-9.92002, -37.176, -62.86231],
							"lerp_mode": "catmullrom"
						},
						"1.6667": {
							"post": [-9.945, -38.04, -65.14],
							"lerp_mode": "catmullrom"
						},
						"2.0": {
							"post": [-9.85, -38.52, -65.96],
							"lerp_mode": "catmullrom"
						},
						"2.25": {
							"post": [-9.92002, -37.551, -63.61231],
							"lerp_mode": "catmullrom"
						},
						"2.3333": {
							"post": [-11.03557, -23.64542, -33.5113],
							"lerp_mode": "catmullrom"
						},
						"2.5": {
							"post": [-23.4119, -9.28377, 16.88073],
							"lerp_mode": "catmullrom"
						},
						"2.5833": {
							"post": [-32.13492, 1.62839, 51.16653],
							"lerp_mode": "catmullrom"
						},
						"2.7083": {
							"post": [-33.9212, 12.92916, 67.90263],
							"lerp_mode": "catmullrom"
						},
						"3.0417": {
							"post": [-33.895, 13.49, 68.71],
							"lerp_mode": "catmullrom"
						},
						"3.4583": {
							"post": [-33.9212, 12.92916, 67.90263],
							"lerp_mode": "catmullrom"
						},
						"3.5833": {
							"post": [-32.61548, 16.22284, 73.08552],
							"lerp_mode": "catmullrom"
						},
						"4.0417": {
							"post": [-33.27, 17, 73.985],
							"lerp_mode": "catmullrom"
						},
						"4.4167": {
							"post": [-33.54, 17.49, 72.895],
							"lerp_mode": "catmullrom"
						},
						"4.5": {
							"post": [-29.31548, 12.87284, 55.86052],
							"lerp_mode": "catmullrom"
						},
						"4.7083": {
							"post": [-4.32, -0.98, 14.19],
							"lerp_mode": "catmullrom"
						},
						"4.7917": {
							"post": [0, 0, 0.5],
							"lerp_mode": "catmullrom"
						},
						"4.9167": {
							"post": [0, 0, 0],
							"lerp_mode": "catmullrom"
						}
					},
					"position": {
						"0.0": {
							"post": [0, 0, 0],
							"lerp_mode": "catmullrom"
						},
						"0.0833": {
							"post": [0.42, 0.41, -0.07],
							"lerp_mode": "catmullrom"
						},
						"0.2917": {
							"post": [2.03, 2.57, -0.4],
							"lerp_mode": "catmullrom"
						},
						"0.4583": {
							"post": [2.3, 1.9, 0.9],
							"lerp_mode": "catmullrom"
						},
						"0.5417": {
							"post": [2.33, 2.16, 1.03],
							"lerp_mode": "catmullrom"
						},
						"0.7083": {
							"post": [2.32, 2.17, 1],
							"lerp_mode": "catmullrom"
						},
						"0.9583": {
							"post": [2.30144, 2.15746, 0.96],
							"lerp_mode": "catmullrom"
						},
						"1.2083": {
							"post": [2.3, 2.2, 0.9],
							"lerp_mode": "catmullrom"
						},
						"1.3333": {
							"post": [2.23182, 2.11875, 0.9],
							"lerp_mode": "catmullrom"
						},
						"1.6667": {
							"post": [2.26872, 2.19038, 0.9],
							"lerp_mode": "catmullrom"
						},
						"1.9167": {
							"post": [2.26609, 2.21398, 0.9],
							"lerp_mode": "catmullrom"
						},
						"2.25": {
							"post": [2.3, 2.2, 0.9],
							"lerp_mode": "catmullrom"
						},
						"2.3333": {
							"post": [2.04, 1.99, 0.9],
							"lerp_mode": "catmullrom"
						},
						"2.5833": {
							"post": [1.09, 0.88, 0.9],
							"lerp_mode": "catmullrom"
						},
						"2.7083": {
							"post": [0.8, 0.7, 0.9],
							"lerp_mode": "catmullrom"
						},
						"3.0": {
							"post": [0.78654, 0.73529, 0.9],
							"lerp_mode": "catmullrom"
						},
						"3.2083": {
							"post": [0.78384, 0.726, 0.9],
							"lerp_mode": "catmullrom"
						},
						"3.4583": {
							"post": [0.8, 0.7, 0.9],
							"lerp_mode": "catmullrom"
						},
						"3.5833": {
							"post": [0.85853, 0.60474, 0.9],
							"lerp_mode": "catmullrom"
						},
						"3.9167": {
							"post": [0.79846, 0.72471, 0.93],
							"lerp_mode": "catmullrom"
						},
						"4.25": {
							"post": [0.80529, 0.75346, 0.98],
							"lerp_mode": "catmullrom"
						},
						"4.4167": {
							"post": [0.86, 0.77, 0.9],
							"lerp_mode": "catmullrom"
						},
						"4.5": {
							"post": [0.8, 0.7, -0.6],
							"lerp_mode": "catmullrom"
						},
						"4.6667": {
							"post": [0.3, -0.64, -1.17],
							"lerp_mode": "catmullrom"
						},
						"4.7917": {
							"post": [0, 0, 0.05],
							"lerp_mode": "catmullrom"
						},
						"4.9167": {
							"post": [0, 0, 0],
							"lerp_mode": "catmullrom"
						}
					}
				},
				"right": {
					"rotation": [94.01523, 4.98779, -179.65033],
					"position": [-6.3, -6.9, 7.4],
					"scale": [1, 1.5, 1]
				},
				"left": {
					"rotation": {
						"0.0417": {
							"pre": [70.71942, -33.17678, -93.98392],
							"post": [70.71942, -33.17678, -93.98392],
							"lerp_mode": "catmullrom"
						},
						"0.4167": [60.77234, -35.12756, -108.66425],
						"2.25": [60.77234, -35.12756, -108.66425],
						"2.6667": [69.60332, -34.66428, -178.02196],
						"4.3333": [69.60332, -34.66428, -178.02196],
						"4.7083": {
							"pre": [70.71942, -33.17678, -93.98392],
							"post": [70.71942, -33.17678, -93.98392],
							"lerp_mode": "catmullrom"
						}
					},
					"position": {
						"0.0": {
							"post": [6.3, -7.6, -4.5],
							"lerp_mode": "catmullrom"
						},
						"0.1667": {
							"post": [8.48841, -16.73262, 0.71097],
							"lerp_mode": "catmullrom"
						},
						"0.375": [-2.13082, -27.98551, 13.06447],
						"2.2083": [-2.13082, -27.98551, 13.06447],
						"2.2917": {
							"pre": [10.06633, -24.31869, 7.25],
							"post": [10.06633, -24.31869, 7.25],
							"lerp_mode": "catmullrom"
						},
						"2.4167": {
							"post": [16.80414, -16.12638, 2.73935],
							"lerp_mode": "catmullrom"
						},
						"2.5": {
							"post": [15.60934, -8.25092, -0.318],
							"lerp_mode": "catmullrom"
						},
						"2.625": [8.29166, -4.64205, -0.31386],
						"4.2917": [8.29166, -4.64205, -0.31386],
						"4.4583": {
							"pre": [9.68386, -6.71619, -0.96898],
							"post": [9.68386, -6.71619, -0.96898],
							"lerp_mode": "catmullrom"
						},
						"4.6667": {
							"post": [6.3, -7.6, -4.5],
							"lerp_mode": "catmullrom"
						}
					},
					"scale": [1, 1.5, 1]
				},
				"camera": {
					"rotation": {
						"0.0": {
							"post": [0, 0, 0],
							"lerp_mode": "catmullrom"
						},
						"0.3333": {
							"post": [0.875, 0, 1],
							"lerp_mode": "catmullrom"
						},
						"0.4583": {
							"post": [1, 0, 0.25],
							"lerp_mode": "catmullrom"
						},
						"0.5833": {
							"post": [1, 0, 0.75],
							"lerp_mode": "catmullrom"
						},
						"0.75": {
							"post": [1, 0, 0.25],
							"lerp_mode": "catmullrom"
						},
						"1.2083": {
							"post": [1, 0, 0.25],
							"lerp_mode": "catmullrom"
						},
						"1.5": {
							"post": [1, 0, -0.25],
							"lerp_mode": "catmullrom"
						},
						"2.25": {
							"post": [1, -0.0625, 0],
							"lerp_mode": "catmullrom"
						},
						"2.8333": {
							"post": [1.4375, -0.6875, -1],
							"lerp_mode": "catmullrom"
						},
						"3.5": {
							"post": [1.4375, -0.6875, -1],
							"lerp_mode": "catmullrom"
						},
						"3.75": {
							"post": [0.94, -0.69, -0.5],
							"lerp_mode": "catmullrom"
						},
						"4.5": {
							"post": [0.94, -0.69, -0.5],
							"lerp_mode": "catmullrom"
						},
						"4.9167": {
							"post": [0, 0, 0],
							"lerp_mode": "catmullrom"
						}
					}
				}
			}
		},
		"inspect_empty": {
			"animation_length": 4.9167,
			"bones": {
				"root": {
					"rotation": {
						"0.0": {
							"post": [0, 0, 0],
							"lerp_mode": "catmullrom"
						},
						"0.0833": {
							"post": [-3.34, -6.84, -9.43],
							"lerp_mode": "catmullrom"
						},
						"0.3333": {
							"post": [-17.9732, -31.24971, -46.58409],
							"lerp_mode": "catmullrom"
						},
						"0.5": {
							"post": [-15.65784, -35.39931, -53.17586],
							"lerp_mode": "catmullrom"
						},
						"0.8333": {
							"post": [-16.095, -35.55, -52.98],
							"lerp_mode": "catmullrom"
						},
						"1.2083": {
							"post": [-15.66, -35.4, -53.18],
							"lerp_mode": "catmullrom"
						},
						"1.3333": {
							"post": [-9.92002, -37.176, -62.86231],
							"lerp_mode": "catmullrom"
						},
						"1.6667": {
							"post": [-9.945, -38.04, -65.14],
							"lerp_mode": "catmullrom"
						},
						"2.0": {
							"post": [-9.85, -38.52, -65.96],
							"lerp_mode": "catmullrom"
						},
						"2.25": {
							"post": [-9.92002, -37.551, -63.61231],
							"lerp_mode": "catmullrom"
						},
						"2.3333": {
							"post": [-11.03557, -23.64542, -33.5113],
							"lerp_mode": "catmullrom"
						},
						"2.5": {
							"post": [-23.4119, -9.28377, 16.88073],
							"lerp_mode": "catmullrom"
						},
						"2.5833": {
							"post": [-32.13492, 1.62839, 51.16653],
							"lerp_mode": "catmullrom"
						},
						"2.7083": {
							"post": [-33.9212, 12.92916, 67.90263],
							"lerp_mode": "catmullrom"
						},
						"3.0417": {
							"post": [-33.895, 13.49, 68.71],
							"lerp_mode": "catmullrom"
						},
						"3.4583": {
							"post": [-33.9212, 12.92916, 67.90263],
							"lerp_mode": "catmullrom"
						},
						"3.5833": {
							"post": [-32.61548, 16.22284, 73.08552],
							"lerp_mode": "catmullrom"
						},
						"4.0417": {
							"post": [-33.27, 17, 73.985],
							"lerp_mode": "catmullrom"
						},
						"4.4167": {
							"post": [-33.54, 17.49, 72.895],
							"lerp_mode": "catmullrom"
						},
						"4.5": {
							"post": [-29.31548, 12.87284, 55.86052],
							"lerp_mode": "catmullrom"
						},
						"4.7083": {
							"post": [-4.32, -0.98, 14.19],
							"lerp_mode": "catmullrom"
						},
						"4.7917": {
							"post": [0, 0, 0.5],
							"lerp_mode": "catmullrom"
						},
						"4.9167": {
							"post": [0, 0, 0],
							"lerp_mode": "catmullrom"
						}
					},
					"position": {
						"0.0": {
							"post": [0, 0, 0],
							"lerp_mode": "catmullrom"
						},
						"0.0833": {
							"post": [0.42, 0.41, -0.07],
							"lerp_mode": "catmullrom"
						},
						"0.2917": {
							"post": [2.03, 2.57, -0.4],
							"lerp_mode": "catmullrom"
						},
						"0.4583": {
							"post": [2.3, 1.9, 0.9],
							"lerp_mode": "catmullrom"
						},
						"0.5417": {
							"post": [2.33, 2.16, 1.03],
							"lerp_mode": "catmullrom"
						},
						"0.7083": {
							"post": [2.32, 2.17, 1],
							"lerp_mode": "catmullrom"
						},
						"0.9583": {
							"post": [2.30144, 2.15746, 0.96],
							"lerp_mode": "catmullrom"
						},
						"1.2083": {
							"post": [2.3, 2.2, 0.9],
							"lerp_mode": "catmullrom"
						},
						"1.3333": {
							"post": [2.23182, 2.11875, 0.9],
							"lerp_mode": "catmullrom"
						},
						"1.6667": {
							"post": [2.26872, 2.19038, 0.9],
							"lerp_mode": "catmullrom"
						},
						"1.9167": {
							"post": [2.26609, 2.21398, 0.9],
							"lerp_mode": "catmullrom"
						},
						"2.25": {
							"post": [2.3, 2.2, 0.9],
							"lerp_mode": "catmullrom"
						},
						"2.3333": {
							"post": [2.04, 1.99, 0.9],
							"lerp_mode": "catmullrom"
						},
						"2.5833": {
							"post": [1.09, 0.88, 0.9],
							"lerp_mode": "catmullrom"
						},
						"2.7083": {
							"post": [0.8, 0.7, 0.9],
							"lerp_mode": "catmullrom"
						},
						"3.0": {
							"post": [0.78654, 0.73529, 0.9],
							"lerp_mode": "catmullrom"
						},
						"3.2083": {
							"post": [0.78384, 0.726, 0.9],
							"lerp_mode": "catmullrom"
						},
						"3.4583": {
							"post": [0.8, 0.7, 0.9],
							"lerp_mode": "catmullrom"
						},
						"3.5833": {
							"post": [0.85853, 0.60474, 0.9],
							"lerp_mode": "catmullrom"
						},
						"3.9167": {
							"post": [0.79846, 0.72471, 0.93],
							"lerp_mode": "catmullrom"
						},
						"4.25": {
							"post": [0.80529, 0.75346, 0.98],
							"lerp_mode": "catmullrom"
						},
						"4.4167": {
							"post": [0.86, 0.77, 0.9],
							"lerp_mode": "catmullrom"
						},
						"4.5": {
							"post": [0.8, 0.7, -0.6],
							"lerp_mode": "catmullrom"
						},
						"4.6667": {
							"post": [0.3, -0.64, -1.17],
							"lerp_mode": "catmullrom"
						},
						"4.7917": {
							"post": [0, 0, 0.05],
							"lerp_mode": "catmullrom"
						},
						"4.9167": {
							"post": [0, 0, 0],
							"lerp_mode": "catmullrom"
						}
					}
				},
				"right": {
					"rotation": [94.01523, 4.98779, -179.65033],
					"position": [-6.3, -6.9, 7.4],
					"scale": [1, 1.5, 1]
				},
				"left": {
					"rotation": {
						"0.0417": {
							"pre": [70.71942, -33.17678, -93.98392],
							"post": [70.71942, -33.17678, -93.98392],
							"lerp_mode": "catmullrom"
						},
						"0.4167": [60.77234, -35.12756, -108.66425],
						"2.25": [60.77234, -35.12756, -108.66425],
						"2.6667": [69.60332, -34.66428, -178.02196],
						"4.3333": [69.60332, -34.66428, -178.02196],
						"4.7083": {
							"pre": [70.71942, -33.17678, -93.98392],
							"post": [70.71942, -33.17678, -93.98392],
							"lerp_mode": "catmullrom"
						}
					},
					"position": {
						"0.0": {
							"post": [6.3, -7.6, -4.5],
							"lerp_mode": "catmullrom"
						},
						"0.1667": {
							"post": [8.48841, -16.73262, 0.71097],
							"lerp_mode": "catmullrom"
						},
						"0.375": [-2.13082, -27.98551, 13.06447],
						"2.2083": [-2.13082, -27.98551, 13.06447],
						"2.2917": {
							"pre": [10.06633, -24.31869, 7.25],
							"post": [10.06633, -24.31869, 7.25],
							"lerp_mode": "catmullrom"
						},
						"2.4167": {
							"post": [16.80414, -16.12638, 2.73935],
							"lerp_mode": "catmullrom"
						},
						"2.5": {
							"post": [15.60934, -8.25092, -0.318],
							"lerp_mode": "catmullrom"
						},
						"2.625": [8.29166, -4.64205, -0.31386],
						"4.2917": [8.29166, -4.64205, -0.31386],
						"4.4583": {
							"pre": [9.68386, -6.71619, -0.96898],
							"post": [9.68386, -6.71619, -0.96898],
							"lerp_mode": "catmullrom"
						},
						"4.6667": {
							"post": [6.3, -7.6, -4.5],
							"lerp_mode": "catmullrom"
						}
					},
					"scale": [1, 1.5, 1]
				},
				"camera": {
					"rotation": {
						"0.0": {
							"post": [0, 0, 0],
							"lerp_mode": "catmullrom"
						},
						"0.3333": {
							"post": [0.875, 0, 1],
							"lerp_mode": "catmullrom"
						},
						"0.4583": {
							"post": [1, 0, 0.25],
							"lerp_mode": "catmullrom"
						},
						"0.5833": {
							"post": [1, 0, 0.75],
							"lerp_mode": "catmullrom"
						},
						"0.75": {
							"post": [1, 0, 0.25],
							"lerp_mode": "catmullrom"
						},
						"1.2083": {
							"post": [1, 0, 0.25],
							"lerp_mode": "catmullrom"
						},
						"1.5": {
							"post": [1, 0, -0.25],
							"lerp_mode": "catmullrom"
						},
						"2.25": {
							"post": [1, -0.0625, 0],
							"lerp_mode": "catmullrom"
						},
						"2.8333": {
							"post": [1.4375, -0.6875, -1],
							"lerp_mode": "catmullrom"
						},
						"3.5": {
							"post": [1.4375, -0.6875, -1],
							"lerp_mode": "catmullrom"
						},
						"3.75": {
							"post": [0.94, -0.69, -0.5],
							"lerp_mode": "catmullrom"
						},
						"4.5": {
							"post": [0.94, -0.69, -0.5],
							"lerp_mode": "catmullrom"
						},
						"4.9167": {
							"post": [0, 0, 0],
							"lerp_mode": "catmullrom"
						}
					}
				}
			}
		}
	}
}