{
	"format_version": "1.8.0",
	"animations": {
		"static_idle": {
			"loop": true,
			"bones": {
				"root": {
					"rotation": [42.5, 0, 0],
					"position": [-5, 15, -3]
				},
				"right": {
					"rotation": [126.62853, 15.08794, -170.75989],
					"position": [-6.45, -17.1, -1.175],
					"scale": [1, 1.5, 1]
				},
				"left": {
					"rotation": [162.7939, -2.62336, -210.81608],
					"position": [6.78, -19.15, -0.57],
					"scale": [1, 1.5, 1]
				}
			}
		},
		"run_end": {
			"loop": "hold_on_last_frame",
			"animation_length": 0.2083,
			"bones": {
				"root": {
					"rotation": {
						"0.0": [90, 22.5, 170],
						"0.0417": [54.3125, 52, 166.645],
						"0.0833": [24.125, 60, 144.42],
						"0.125": [7, 45, 111.09],
						"0.1667": [2, 15, 46.6],
						"0.2083": [0, 0, 0]
					},
					"position": {
						"0.0": [-4, 12, 3],
						"0.0417": [-3.1, 2.56, 2.25],
						"0.0833": [-1.85, 0.68, 1.22],
						"0.125": [-0.85, 0.31, 0.93],
						"0.1667": [-0.23, 0.25, 0.05],
						"0.2083": [0, 0, 0]
					}
				},
				"right": {
					"rotation": {
						"0.0": [0, 45, 0],
						"0.0417": [0, -4, 0],
						"0.125": [0, -0.375, 0],
						"0.2083": [0, 0, 0]
					},
					"position": {
						"0.0": [0, 0, 0],
						"0.0417": [0, 0, 0],
						"0.0833": [0, 0, 0],
						"0.125": [0, 0, 0],
						"0.1667": [0, 0, 0],
						"0.2083": [0, 0, 0]
					}
				},
				"left": {
					"rotation": [0, 0, 0],
					"position": [0, 0, 0]
				}
			}
		},
		"run_end_backup": {
			"loop": "hold_on_last_frame",
			"animation_length": 0.2083,
			"bones": {
				"root": {
					"rotation": {
						"0.0": [90, 22.5, 170],
						"0.0417": [54.3125, 0, 166.645],
						"0.0833": [24.125, 0, 144.42],
						"0.125": [7, 0, 111.09],
						"0.1667": [2, 0, 46.6],
						"0.2083": [0, 0, 0]
					},
					"position": {
						"0.0": [-4, 12, 3],
						"0.0417": [-3.1, 2.56, 2.25],
						"0.0833": [-1.85, 0.68, 1.22],
						"0.125": [-0.85, 0.31, 0.93],
						"0.1667": [-0.23, 0.25, 0.05],
						"0.2083": [0, 0, 0]
					}
				},
				"right": {
					"rotation": {
						"0.0": [0, 45, 0],
						"0.2083": [0, 0, 0]
					},
					"position": {
						"0.0": [0, 0, 0],
						"0.0417": [0, 0, 0],
						"0.0833": [0, 0, 0],
						"0.125": [0, 0, 0],
						"0.1667": [0, 0, 0],
						"0.2083": [0, 0, 0]
					}
				},
				"left": {
					"rotation": [0, 0, 0],
					"position": [0, 0, 0]
				}
			}
		},
		"shoot": {
			"loop": true
		},
		"draw": {
			"loop": "hold_on_last_frame",
			"animation_length": 1.4167,
			"bones": {
				"root": {
					"rotation": {
						"0.0": [-69.01965, 4.99694, 124.90914],
						"0.25": [-69.01965, 4.99694, 124.90914],
						"0.5833": [-69.02, 5, 124.91],
						"0.75": {
							"pre": [94.29535, 4.32026, 134.92011],
							"post": [94.29535, 4.32026, 134.92011],
							"lerp_mode": "catmullrom"
						},
						"0.9167": {
							"post": [94.29535, 4.32026, 134.92011],
							"lerp_mode": "catmullrom"
						},
						"1.2083": {
							"post": [46.9375, 0, 20.5625],
							"lerp_mode": "catmullrom"
						},
						"1.4167": [42.5, 0, 0]
					},
					"position": {
						"0.0": [8, 9, 2],
						"0.125": {
							"pre": [8, 11.5625, -6.625],
							"post": [8, 11.5625, -6.625],
							"lerp_mode": "catmullrom"
						},
						"0.25": [8, 12, -8],
						"0.5833": [8, 12, -8],
						"0.75": {
							"pre": [-19, 39, -12],
							"post": [-19, 39, -12],
							"lerp_mode": "catmullrom"
						},
						"0.9167": {
							"post": [-19, 33, -11],
							"lerp_mode": "catmullrom"
						},
						"1.0833": {
							"post": [-7.56, 7.18, -3.165],
							"lerp_mode": "catmullrom"
						},
						"1.25": {
							"post": [-5.4375, 13.75, -3],
							"lerp_mode": "catmullrom"
						},
						"1.4167": [-5, 15, -3]
					}
				},
				"right": {
					"rotation": {
						"0.0": [24.34703, -7.15685, -193.71933],
						"0.25": [24.34703, -7.15685, -193.71933],
						"0.5": [82.13483, -44.42072, -188.90319],
						"0.5833": [82.13483, -44.42072, -188.90319],
						"0.6667": {
							"pre": [105.13253, -30.24945, -204.0708],
							"post": [105.13253, -30.24945, -204.0708],
							"lerp_mode": "catmullrom"
						},
						"0.7083": [126.79313, -17.64051, -197.65744],
						"0.75": [155.57901, -6.80298, -189.34812],
						"1.0": [155.57901, -6.80298, -189.34812],
						"1.25": [126.62853, 15.08794, -170.75989]
					},
					"position": {
						"0.0": [5.08284, -13.97447, 14.11072],
						"0.25": [5.08284, -13.97447, 14.11072],
						"0.375": {
							"pre": [-0.41869, -18.33046, 4.89994],
							"post": [-0.41869, -18.33046, 4.89994],
							"lerp_mode": "catmullrom"
						},
						"0.5": [-6.45, -17.1, -0.18],
						"0.5833": [-6.45, -17.1, -0.18],
						"1.0": [-6.45, -17.1, -0.18],
						"1.25": [-6.45, -17.1, -1.175]
					},
					"scale": [1, 1.5, 1]
				},
				"left": {
					"rotation": {
						"0.0": [134.51683, 22.97678, -378.2933],
						"0.25": [130.10651, 17.53759, -383.80076],
						"0.7083": [130.10651, 17.53759, -383.80076],
						"1.0": [162.7939, -2.62336, -210.81608],
						"1.2083": [162.7939, -2.62336, -210.81608]
					},
					"position": {
						"0.0": [4.78, -14.15, -0.57],
						"0.25": [4.78, -14.15, -0.57],
						"0.5833": [4.78, -14.15, -0.57],
						"0.7083": [3.99608, 17.22139, 2.64018],
						"1.0": [6.78, -20.15, -0.57],
						"1.2083": [6.78, -19.15, -0.57]
					},
					"scale": {
						"0.0": [1, 1.5, 1],
						"0.5833": [1, 1.5, 1],
						"0.625": [0, 0, 0],
						"1.0": [0, 0, 0],
						"1.0417": [1, 1.5, 1]
					}
				},
				"camera": {
					"rotation": {
						"0.0": {
							"post": [0, 0, 0],
							"lerp_mode": "catmullrom"
						},
						"0.1667": {
							"post": [0.875, -1, 0],
							"lerp_mode": "catmullrom"
						},
						"0.5": {
							"post": [1, -1, 0],
							"lerp_mode": "catmullrom"
						},
						"0.5833": {
							"post": [1.25, -0.75, -0.25],
							"lerp_mode": "catmullrom"
						},
						"0.6667": {
							"post": [0.14, 0.14, 0.64],
							"lerp_mode": "catmullrom"
						},
						"0.75": {
							"post": [-1, 1, -0.25],
							"lerp_mode": "catmullrom"
						},
						"0.875": {
							"post": [-1.12, 1.1, 0.31],
							"lerp_mode": "catmullrom"
						},
						"1.0": {
							"post": [-1, 1, -0.0625],
							"lerp_mode": "catmullrom"
						},
						"1.2083": {
							"post": [-0.1875, 0.1875, 0.075],
							"lerp_mode": "catmullrom"
						},
						"1.4167": {
							"post": [0, 0, 0],
							"lerp_mode": "catmullrom"
						}
					}
				}
			}
		},
		"inspect": {
			"animation_length": 3.0417,
			"bones": {
				"root": {
					"rotation": {
						"0.0": [42.5, 0, 0],
						"0.125": {
							"pre": [36.495, 10.44, 13.05],
							"post": [36.495, 10.44, 13.05],
							"lerp_mode": "catmullrom"
						},
						"0.3333": {
							"post": [11.44675, 71.66985, 75.35737],
							"lerp_mode": "catmullrom"
						},
						"0.5": [6.2, 84.355, 92.4175],
						"0.5833": [6.2, 84.355, 92.4175],
						"2.1667": [6.2, 84.98, 93.73],
						"2.375": {
							"pre": [71.75199, 76.55646, 137.14839],
							"post": [71.75199, 76.55646, 137.14839],
							"lerp_mode": "catmullrom"
						},
						"2.5417": {
							"post": [64.31, 44.5, 123.76],
							"lerp_mode": "catmullrom"
						},
						"2.7083": [42.5, 0, 0]
					},
					"position": {
						"0.0": [-5, 15, -3],
						"0.125": {
							"pre": [-5, 14.33, -1.3125],
							"post": [-5, 14.33, -1.3125],
							"lerp_mode": "catmullrom"
						},
						"0.3333": {
							"post": [-3.9375, 20.1875, 0],
							"lerp_mode": "catmullrom"
						},
						"0.5417": [-3, 22, 0],
						"0.5833": [-3, 22, 0],
						"2.1667": [-11.3675, 22, 0],
						"2.2083": [-17.1, 21.24, 0],
						"2.25": [-27.84, 19.49, 0],
						"2.2917": [-38.58, 16.74, 0],
						"2.3333": [-47.87, 12.83, 0],
						"2.375": {
							"pre": [-57.77, 7.91, 0],
							"post": [-57.77, 7.91, 0],
							"lerp_mode": "catmullrom"
						},
						"2.4167": {
							"post": [-66, 4, 0],
							"lerp_mode": "catmullrom"
						},
						"2.4583": {
							"post": [-69.3525, -1.95, 0.01],
							"lerp_mode": "catmullrom"
						},
						"2.5833": {
							"post": [-54.18, -10.72, 0.09],
							"lerp_mode": "catmullrom"
						},
						"2.7083": {
							"post": [-45, -12, 0],
							"lerp_mode": "catmullrom"
						},
						"2.875": {
							"post": [-15.0375, -1.83, -1.27],
							"lerp_mode": "catmullrom"
						},
						"3.0417": [-5, 15, -3]
					},
					"scale": {
						"2.4583": [1, 1, 1],
						"2.5": [0, 0, 0],
						"2.6667": [0, 0, 0],
						"2.7083": [1, 1, 1]
					}
				},
				"right": {
					"rotation": {
						"0.0": [126.62853, 15.08794, -170.75989],
						"0.3333": [96.63, 15.09, -170.76],
						"0.5": [96.63, 15.09, -170.76],
						"2.5": [96.63, 15.09, -170.76],
						"2.8333": [126.62853, 15.08794, -170.75989]
					},
					"position": [-6.45, -17.1, -1.175],
					"scale": [1, 1.5, 1]
				},
				"left": {
					"rotation": {
						"0.0": [162.7939, -2.62336, -210.81608],
						"0.1667": [162.7939, -2.62336, -210.81608],
						"0.25": {
							"pre": [102.73304, -11.82019, -100.04829],
							"post": [102.73304, -11.82019, -100.04829],
							"lerp_mode": "catmullrom"
						},
						"0.4583": [95.29554, -11.82019, -87.67329],
						"0.5833": [95.29554, -11.82019, -87.67329],
						"0.6667": [95.29554, -11.82019, -87.67329],
						"2.1667": [95.49205, -19.28708, -88.40458],
						"2.75": [162.7939, -2.62336, -210.81608],
						"3.0": [162.7939, -2.62336, -210.81608]
					},
					"position": {
						"0.0": [6.78, -19.15, -0.57],
						"0.1667": [21.78, -26.15, -0.57],
						"0.25": {
							"pre": [10.78, -5.15, 16.43],
							"post": [10.78, -5.15, 16.43],
							"lerp_mode": "catmullrom"
						},
						"0.375": {
							"post": [5.5725, -3.8275, 3.765],
							"lerp_mode": "catmullrom"
						},
						"0.4583": [4.78, -9.15, -0.57],
						"0.5833": [4.78, -9.15, -0.57],
						"2.1667": [4.78, 6.85, -0.57],
						"2.2917": [4.78, 42.85, 14.43],
						"2.75": [6.78, -19.15, -0.57],
						"3.0": [6.78, -19.15, -0.57]
					},
					"scale": {
						"0.125": [1, 1.5, 1],
						"0.1667": [0, 0, 0],
						"0.25": [0, 0, 0],
						"0.2917": [1, 1.5, 1],
						"2.2083": [1, 1.5, 1],
						"2.25": [0, 0, 0],
						"2.7083": [0, 0, 0],
						"2.75": [1, 1.5, 1]
					}
				},
				"camera": {
					"rotation": {
						"0.0": {
							"post": [0, 0, 0],
							"lerp_mode": "catmullrom"
						},
						"0.1667": {
							"post": [0.45, 0.0625, -0.25],
							"lerp_mode": "catmullrom"
						},
						"0.5": {
							"post": [-1, 0.75, 0],
							"lerp_mode": "catmullrom"
						},
						"2.1667": {
							"post": [-1.5, -1.5, 0],
							"lerp_mode": "catmullrom"
						},
						"2.4167": {
							"post": [-1.25, -0.1875, 0.75],
							"lerp_mode": "catmullrom"
						},
						"2.7083": {
							"post": [-0.26, 0, -0.25],
							"lerp_mode": "catmullrom"
						},
						"3.0417": {
							"post": [0, 0, 0],
							"lerp_mode": "catmullrom"
						}
					}
				}
			}
		},
		"inspect_empty": {
			"animation_length": 3.0417,
			"bones": {
				"root": {
					"rotation": {
						"0.0": [42.5, 0, 0],
						"0.125": {
							"pre": [36.495, 10.44, 13.05],
							"post": [36.495, 10.44, 13.05],
							"lerp_mode": "catmullrom"
						},
						"0.3333": {
							"post": [11.44675, 71.66985, 75.35737],
							"lerp_mode": "catmullrom"
						},
						"0.5": [6.2, 84.355, 92.4175],
						"0.5833": [6.2, 84.355, 92.4175],
						"2.1667": [6.2, 84.98, 93.73],
						"2.375": {
							"pre": [71.75199, 76.55646, 137.14839],
							"post": [71.75199, 76.55646, 137.14839],
							"lerp_mode": "catmullrom"
						},
						"2.5417": {
							"post": [64.31, 44.5, 123.76],
							"lerp_mode": "catmullrom"
						},
						"2.7083": [42.5, 0, 0]
					},
					"position": {
						"0.0": [-5, 15, -3],
						"0.125": {
							"pre": [-5, 14.33, -1.3125],
							"post": [-5, 14.33, -1.3125],
							"lerp_mode": "catmullrom"
						},
						"0.3333": {
							"post": [-3.9375, 20.1875, 0],
							"lerp_mode": "catmullrom"
						},
						"0.5417": [-3, 22, 0],
						"0.5833": [-3, 22, 0],
						"2.1667": [-11.3675, 22, 0],
						"2.2083": [-17.1, 21.24, 0],
						"2.25": [-27.84, 19.49, 0],
						"2.2917": [-38.58, 16.74, 0],
						"2.3333": [-47.87, 12.83, 0],
						"2.375": {
							"pre": [-57.77, 7.91, 0],
							"post": [-57.77, 7.91, 0],
							"lerp_mode": "catmullrom"
						},
						"2.4167": {
							"post": [-66, 4, 0],
							"lerp_mode": "catmullrom"
						},
						"2.4583": {
							"post": [-69.3525, -1.95, 0.01],
							"lerp_mode": "catmullrom"
						},
						"2.5833": {
							"post": [-54.18, -10.72, 0.09],
							"lerp_mode": "catmullrom"
						},
						"2.7083": {
							"post": [-45, -12, 0],
							"lerp_mode": "catmullrom"
						},
						"2.875": {
							"post": [-15.0375, -1.83, -1.27],
							"lerp_mode": "catmullrom"
						},
						"3.0417": [-5, 15, -3]
					},
					"scale": {
						"2.4583": [1, 1, 1],
						"2.5": [0, 0, 0],
						"2.6667": [0, 0, 0],
						"2.7083": [1, 1, 1]
					}
				},
				"right": {
					"rotation": {
						"0.0": [126.62853, 15.08794, -170.75989],
						"0.3333": [96.63, 15.09, -170.76],
						"0.5": [96.63, 15.09, -170.76],
						"2.5": [96.63, 15.09, -170.76],
						"2.8333": [126.62853, 15.08794, -170.75989]
					},
					"position": [-6.45, -17.1, -1.175],
					"scale": [1, 1.5, 1]
				},
				"left": {
					"rotation": {
						"0.0": [162.7939, -2.62336, -210.81608],
						"0.1667": [162.7939, -2.62336, -210.81608],
						"0.25": {
							"pre": [102.73304, -11.82019, -100.04829],
							"post": [102.73304, -11.82019, -100.04829],
							"lerp_mode": "catmullrom"
						},
						"0.4583": [95.29554, -11.82019, -87.67329],
						"0.5833": [95.29554, -11.82019, -87.67329],
						"0.6667": [95.29554, -11.82019, -87.67329],
						"2.1667": [95.49205, -19.28708, -88.40458],
						"2.75": [162.7939, -2.62336, -210.81608],
						"3.0": [162.7939, -2.62336, -210.81608]
					},
					"position": {
						"0.0": [6.78, -19.15, -0.57],
						"0.1667": [21.78, -26.15, -0.57],
						"0.25": {
							"pre": [10.78, -5.15, 16.43],
							"post": [10.78, -5.15, 16.43],
							"lerp_mode": "catmullrom"
						},
						"0.375": {
							"post": [5.5725, -3.8275, 3.765],
							"lerp_mode": "catmullrom"
						},
						"0.4583": [4.78, -9.15, -0.57],
						"0.5833": [4.78, -9.15, -0.57],
						"2.1667": [4.78, 6.85, -0.57],
						"2.2917": [4.78, 42.85, 14.43],
						"2.75": [6.78, -19.15, -0.57],
						"3.0": [6.78, -19.15, -0.57]
					},
					"scale": {
						"0.125": [1, 1.5, 1],
						"0.1667": [0, 0, 0],
						"0.25": [0, 0, 0],
						"0.2917": [1, 1.5, 1],
						"2.2083": [1, 1.5, 1],
						"2.25": [0, 0, 0],
						"2.7083": [0, 0, 0],
						"2.75": [1, 1.5, 1]
					}
				},
				"camera": {
					"rotation": {
						"0.0": {
							"post": [0, 0, 0],
							"lerp_mode": "catmullrom"
						},
						"0.1667": {
							"post": [0.45, 0.0625, -0.25],
							"lerp_mode": "catmullrom"
						},
						"0.5": {
							"post": [-1, 0.75, 0],
							"lerp_mode": "catmullrom"
						},
						"2.1667": {
							"post": [-1.5, -1.5, 0],
							"lerp_mode": "catmullrom"
						},
						"2.4167": {
							"post": [-1.25, -0.1875, 0.75],
							"lerp_mode": "catmullrom"
						},
						"2.7083": {
							"post": [-0.26, 0, -0.25],
							"lerp_mode": "catmullrom"
						},
						"3.0417": {
							"post": [0, 0, 0],
							"lerp_mode": "catmullrom"
						}
					}
				}
			}
		},
		"melee_stock": {
			"animation_length": 0.75,
			"bones": {
				"root": {
					"rotation": {
						"0.0": [42.5, 0, 0],
						"0.0833": {
							"pre": [-55, 0, 0],
							"post": [-55, 0, 0],
							"lerp_mode": "catmullrom"
						},
						"0.1667": {
							"post": [90, 0, 0],
							"lerp_mode": "catmullrom"
						},
						"0.375": {
							"post": [90, 0, 0],
							"lerp_mode": "catmullrom"
						},
						"0.5833": {
							"post": [48.8125, 0, 0],
							"lerp_mode": "catmullrom"
						},
						"0.75": [42.5, 0, 0]
					},
					"position": {
						"0.0": [-5, 15, -3],
						"0.0833": {
							"pre": [-5, 24, 1],
							"post": [-5, 24, 1],
							"lerp_mode": "catmullrom"
						},
						"0.1667": {
							"post": [-5, -25, -12],
							"lerp_mode": "catmullrom"
						},
						"0.375": {
							"post": [-5, -25, -12],
							"lerp_mode": "catmullrom"
						},
						"0.5833": {
							"post": [-5, 8.625, -3.9375],
							"lerp_mode": "catmullrom"
						},
						"0.75": [-5, 15, -3]
					}
				},
				"right": {
					"rotation": {
						"0.0": [126.62853, 15.08794, -170.75989],
						"0.0833": {
							"pre": [104.13, 15.09, -170.76],
							"post": [104.13, 15.09, -170.76],
							"lerp_mode": "catmullrom"
						},
						"0.1667": [149.13, 15.09, -170.76],
						"0.4167": [149.13, 15.09, -170.76],
						"0.5417": [126.62853, 15.08794, -170.75989],
						"0.75": [126.62853, 15.08794, -170.75989]
					},
					"position": {
						"0.0": [-6.45, -17.1, -1.175],
						"0.0833": [-6.45, -17.1, -1.18],
						"0.1667": [-6.45, -17.1, -1.18]
					},
					"scale": [1, 1.5, 1]
				},
				"left": {
					"rotation": {
						"0.0": [162.7939, -2.62336, -210.81608],
						"0.0833": [111.26397, -3.64001, -195.03584],
						"0.4167": [111.26397, -3.64001, -195.03584],
						"0.5417": [162.7939, -2.62336, -210.81608]
					},
					"position": {
						"0.0": [6.78, -19.15, -0.57],
						"0.0833": [6.78, -20.15, -0.57],
						"0.4167": [6.78, -20.15, -0.57],
						"0.5417": [6.78, -19.15, -0.57]
					},
					"scale": [1, 1.5, 1]
				},
				"camera": {
					"rotation": {
						"0.0": {
							"post": [0, 0, 0],
							"lerp_mode": "catmullrom"
						},
						"0.0833": {
							"post": [-0.5, 0, 1],
							"lerp_mode": "catmullrom"
						},
						"0.1667": {
							"post": [1.5, -1, -1],
							"lerp_mode": "catmullrom"
						},
						"0.3333": {
							"post": [1.5, -1, -1],
							"lerp_mode": "catmullrom"
						},
						"0.5": {
							"post": [-0.1225, 0, 0],
							"lerp_mode": "catmullrom"
						},
						"0.75": {
							"post": [0, 0, 0],
							"lerp_mode": "catmullrom"
						}
					}
				}
			}
		},
		"melee_bayonet_1": {
			"animation_length": 0.75,
			"bones": {
				"root": {
					"rotation": {
						"0.0": [42.5, 0, 0],
						"0.0833": {
							"pre": [-20.97747, 11.84374, -14.75552],
							"post": [-20.97747, 11.84374, -14.75552],
							"lerp_mode": "catmullrom"
						},
						"0.1667": {
							"post": [113.35677, 12.47014, -74.45725],
							"lerp_mode": "catmullrom"
						},
						"0.2083": {
							"post": [135.39, 12.62, -84.24],
							"lerp_mode": "catmullrom"
						},
						"0.25": {
							"post": [140.35, 12.82, -84.79],
							"lerp_mode": "catmullrom"
						},
						"0.3333": {
							"post": [138.4875, 13.34, -85.45],
							"lerp_mode": "catmullrom"
						},
						"0.375": {
							"post": [132.34, 13.44, -85.22],
							"lerp_mode": "catmullrom"
						},
						"0.4167": {
							"post": [117.98177, 12.47014, -80.70725],
							"lerp_mode": "catmullrom"
						},
						"0.5": {
							"post": [47.83, -2.28, -19.41],
							"lerp_mode": "catmullrom"
						},
						"0.75": [42.5, 0, 0]
					},
					"position": {
						"0.0": [-5, 15, -3],
						"0.0833": {
							"pre": [-6, 21, 1],
							"post": [-6, 21, 1],
							"lerp_mode": "catmullrom"
						},
						"0.1667": {
							"post": [8.75, 14.75, 5],
							"lerp_mode": "catmullrom"
						},
						"0.2083": {
							"post": [12.93, 13.49, 5.55],
							"lerp_mode": "catmullrom"
						},
						"0.2917": {
							"post": [13.5725, 13.59, 5.75],
							"lerp_mode": "catmullrom"
						},
						"0.375": {
							"post": [12.72, 13.76, 5.82],
							"lerp_mode": "catmullrom"
						},
						"0.4167": {
							"post": [9.4375, 14, 5],
							"lerp_mode": "catmullrom"
						},
						"0.5417": {
							"post": [-4.145, 15.63, -3.01],
							"lerp_mode": "catmullrom"
						},
						"0.75": [-5, 15, -3]
					}
				},
				"right": {
					"rotation": [126.62853, 15.08794, -170.75989],
					"position": [-6.45, -17.1, -1.175],
					"scale": [1, 1.5, 1]
				},
				"left": {
					"rotation": {
						"0.0": [162.7939, -2.62336, -210.81608],
						"0.0833": [163.46568, 5.50486, -184.51699],
						"0.5": [163.46568, 5.50486, -184.51699],
						"0.6667": [162.7939, -2.62336, -210.81608]
					},
					"position": [6.78, -19.15, -0.57],
					"scale": [1, 1.5, 1]
				},
				"camera": {
					"rotation": {
						"0.0": {
							"post": [0, 0, 0],
							"lerp_mode": "catmullrom"
						},
						"0.0833": {
							"post": [-0.5, 1, 0.5],
							"lerp_mode": "catmullrom"
						},
						"0.2083": {
							"post": [1.04, -0.54, -1],
							"lerp_mode": "catmullrom"
						},
						"0.375": {
							"post": [1.04, -0.54, -1],
							"lerp_mode": "catmullrom"
						},
						"0.5417": {
							"post": [0.1375, -0.0425, -0.1325],
							"lerp_mode": "catmullrom"
						},
						"0.75": {
							"post": [0, 0, 0],
							"lerp_mode": "catmullrom"
						}
					}
				}
			}
		},
		"melee_bayonet_2": {
			"animation_length": 0.75,
			"bones": {
				"root": {
					"rotation": {
						"0.0": [42.5, 0, 0],
						"0.0833": {
							"pre": [-21.69607, -10.53654, 66.88403],
							"post": [-21.69607, -10.53654, 66.88403],
							"lerp_mode": "catmullrom"
						},
						"0.125": {
							"post": [53.16, 7.02, 70.43],
							"lerp_mode": "catmullrom"
						},
						"0.1667": {
							"post": [136.04123, 10.89566, 65.61601],
							"lerp_mode": "catmullrom"
						},
						"0.4167": {
							"post": [136.04123, 10.89566, 65.61601],
							"lerp_mode": "catmullrom"
						},
						"0.5": {
							"post": [61.08, -2.28, 10.715],
							"lerp_mode": "catmullrom"
						},
						"0.75": [42.5, 0, 0]
					},
					"position": {
						"0.0": [-5, 15, -3],
						"0.0833": {
							"pre": [11, 18, -2],
							"post": [11, 18, -2],
							"lerp_mode": "catmullrom"
						},
						"0.1667": {
							"post": [-12.25, 14.75, 12],
							"lerp_mode": "catmullrom"
						},
						"0.4167": {
							"post": [-12.25, 14.75, 12],
							"lerp_mode": "catmullrom"
						},
						"0.5417": {
							"post": [-6.145, 15.63, -1.4475],
							"lerp_mode": "catmullrom"
						},
						"0.75": [-5, 15, -3]
					}
				},
				"right": {
					"rotation": {
						"0.0": [126.62853, 15.08794, -170.75989],
						"0.0833": [136.3409, -4.67159, -173.88075],
						"0.1667": [136.3409, -4.67159, -173.88075],
						"0.5": [136.3409, -4.67159, -173.88075],
						"0.625": [126.62853, 15.08794, -170.75989]
					},
					"position": [-6.45, -17.1, -1.175],
					"scale": [1, 1.5, 1]
				},
				"left": {
					"rotation": {
						"0.0": [162.7939, -2.62336, -210.81608],
						"0.0833": [162.63192, 1.1084, -198.88584],
						"0.5": [163.46568, 5.50486, -184.51699],
						"0.6667": [162.7939, -2.62336, -210.81608]
					},
					"position": [6.78, -19.15, -0.57],
					"scale": [1, 1.5, 1]
				},
				"camera": {
					"rotation": {
						"0.0": {
							"post": [0, 0, 0],
							"lerp_mode": "catmullrom"
						},
						"0.0833": {
							"post": [-0.5, -1, -0.5],
							"lerp_mode": "catmullrom"
						},
						"0.2083": {
							"post": [1.04, 1.46, 1],
							"lerp_mode": "catmullrom"
						},
						"0.375": {
							"post": [1.04, 1.46, 1],
							"lerp_mode": "catmullrom"
						},
						"0.5417": {
							"post": [0.1375, -0.0425, -0.1325],
							"lerp_mode": "catmullrom"
						},
						"0.75": {
							"post": [0, 0, 0],
							"lerp_mode": "catmullrom"
						}
					}
				}
			}
		},
		"melee_bayonet_3": {
			"animation_length": 0.75,
			"bones": {
				"root": {
					"rotation": {
						"0.0": [42.5, 0, 0],
						"0.0833": {
							"pre": [-55, 0, 0],
							"post": [-55, 0, 0],
							"lerp_mode": "catmullrom"
						},
						"0.1667": {
							"post": [90, 0, 0],
							"lerp_mode": "catmullrom"
						},
						"0.375": {
							"post": [90, 0, 0],
							"lerp_mode": "catmullrom"
						},
						"0.5833": {
							"post": [48.8125, 0, 0],
							"lerp_mode": "catmullrom"
						},
						"0.75": [42.5, 0, 0]
					},
					"position": {
						"0.0": [-5, 15, -3],
						"0.0833": {
							"pre": [-5, 24, 1],
							"post": [-5, 24, 1],
							"lerp_mode": "catmullrom"
						},
						"0.1667": {
							"post": [-5, -25, -12],
							"lerp_mode": "catmullrom"
						},
						"0.375": {
							"post": [-5, -25, -12],
							"lerp_mode": "catmullrom"
						},
						"0.5833": {
							"post": [-5, 8.625, -3.9375],
							"lerp_mode": "catmullrom"
						},
						"0.75": [-5, 15, -3]
					}
				},
				"right": {
					"rotation": {
						"0.0": [126.62853, 15.08794, -170.75989],
						"0.0833": {
							"pre": [104.13, 15.09, -170.76],
							"post": [104.13, 15.09, -170.76],
							"lerp_mode": "catmullrom"
						},
						"0.1667": [149.13, 15.09, -170.76],
						"0.4167": [149.13, 15.09, -170.76],
						"0.5417": [126.62853, 15.08794, -170.75989],
						"0.75": [126.62853, 15.08794, -170.75989]
					},
					"position": {
						"0.0": [-6.45, -17.1, -1.175],
						"0.0833": [-6.45, -17.1, -1.18],
						"0.1667": [-6.45, -17.1, -1.18]
					},
					"scale": [1, 1.5, 1]
				},
				"left": {
					"rotation": {
						"0.0": [162.7939, -2.62336, -210.81608],
						"0.0833": [111.26397, -3.64001, -195.03584],
						"0.4167": [111.26397, -3.64001, -195.03584],
						"0.5417": [162.7939, -2.62336, -210.81608]
					},
					"position": {
						"0.0": [6.78, -19.15, -0.57],
						"0.0833": [6.78, -20.15, -0.57],
						"0.4167": [6.78, -20.15, -0.57],
						"0.5417": [6.78, -19.15, -0.57]
					},
					"scale": [1, 1.5, 1]
				},
				"camera": {
					"rotation": {
						"0.0": {
							"post": [0, 0, 0],
							"lerp_mode": "catmullrom"
						},
						"0.0833": {
							"post": [-0.5, 0, 1],
							"lerp_mode": "catmullrom"
						},
						"0.1667": {
							"post": [1.5, -1, -1],
							"lerp_mode": "catmullrom"
						},
						"0.3333": {
							"post": [1.5, -1, -1],
							"lerp_mode": "catmullrom"
						},
						"0.5": {
							"post": [-0.1225, 0, 0],
							"lerp_mode": "catmullrom"
						},
						"0.75": {
							"post": [0, 0, 0],
							"lerp_mode": "catmullrom"
						}
					}
				}
			}
		},
		"put_away": {
			"loop": "hold_on_last_frame",
			"animation_length": 0.5,
			"bones": {
				"root": {
					"rotation": {
						"0.0": [42.5, 0, 0],
						"0.2917": {
							"pre": [52.62093, 3.81024, -5.74751],
							"post": [52.62093, 3.81024, -5.74751],
							"lerp_mode": "catmullrom"
						},
						"0.5": [95.30843, 3.81024, -5.74751]
					},
					"position": {
						"0.0": [-5, 15, -3],
						"0.2917": {
							"pre": [-5, -11.1875, 4.375],
							"post": [-5, -11.1875, 4.375],
							"lerp_mode": "catmullrom"
						},
						"0.5": [-5, -13, 6]
					}
				},
				"right": {
					"rotation": [126.62853, 15.08794, -170.75989],
					"position": [-6.45, -17.1, -1.175],
					"scale": [1, 1.5, 1]
				},
				"left": {
					"rotation": [162.7939, -2.62336, -210.81608],
					"position": [6.78, -19.15, -0.57],
					"scale": [1, 1.5, 1]
				},
				"camera": {
					"rotation": {
						"0.0": {
							"post": [0, 0, 0],
							"lerp_mode": "catmullrom"
						},
						"0.125": {
							"post": [1.5, 0, 0.25],
							"lerp_mode": "catmullrom"
						},
						"0.3333": {
							"post": [0, 0, 0.25],
							"lerp_mode": "catmullrom"
						},
						"0.5": {
							"post": [0, 0, 0],
							"lerp_mode": "catmullrom"
						}
					}
				}
			}
		},
		"run_start_katana": {
			"loop": "hold_on_last_frame",
			"animation_length": 0.25,
			"bones": {
				"root": {
					"rotation": {
						"0.0": [0, 0, 0],
						"0.0833": {
							"pre": [-55.4325, 0, 23.8125],
							"post": [-55.4325, 0, 23.8125],
							"lerp_mode": "catmullrom"
						},
						"0.1667": {
							"post": [43.355, 0, 165.9525],
							"lerp_mode": "catmullrom"
						},
						"0.25": [55, 0, 190]
					},
					"position": {
						"0.0": [0, 0, 0],
						"0.0833": {
							"pre": [-1, -3.5, 0],
							"post": [-1, -3.5, 0],
							"lerp_mode": "catmullrom"
						},
						"0.1667": {
							"post": [-3.6475, 4.3325, 2.4925],
							"lerp_mode": "catmullrom"
						},
						"0.25": [-4, 10, 3]
					}
				},
				"right": {
					"rotation": {
						"0.0": [0, 0, 0],
						"0.0833": {
							"pre": [0.875, -0.875, -5],
							"post": [0.875, -0.875, -5],
							"lerp_mode": "catmullrom"
						},
						"0.1667": {
							"post": [5.6875, -2.5, -2.875],
							"lerp_mode": "catmullrom"
						},
						"0.2083": {
							"post": [4.5625, -2.5, -1.0625],
							"lerp_mode": "catmullrom"
						},
						"0.25": [0, 0, 0]
					},
					"position": {
						"0.0": [0, 0, 0],
						"0.0833": [0, 0, 0],
						"0.25": [0, 0, 0]
					}
				}
			}
		},
		"run_hold_katana": {
			"loop": "hold_on_last_frame",
			"bones": {
				"root": {
					"rotation": [55, 0, 190],
					"position": [-4, 8, 3]
				},
				"right": {
					"rotation": [0, 0, 0],
					"position": [0, 0, 0]
				},
				"left": {
					"rotation": [0, 0, 0],
					"position": [0, 0, 0]
				}
			}
		},
		"run_end_katana": {
			"loop": "hold_on_last_frame",
			"animation_length": 0.2083,
			"bones": {
				"root": {
					"rotation": {
						"0.0": [55, 0, 190],
						"0.0833": {
							"pre": [48.545, 0, 160.92],
							"post": [48.545, 0, 160.92],
							"lerp_mode": "catmullrom"
						},
						"0.2083": [0, 0, 0]
					},
					"position": {
						"0.0": [-4, 10, 3],
						"0.125": {
							"pre": [-0.85, 1.5625, 0.425],
							"post": [-0.85, 1.5625, 0.425],
							"lerp_mode": "catmullrom"
						},
						"0.2083": [0, 0, 0]
					}
				},
				"right": {
					"rotation": {
						"0.0": [0, 0, 0],
						"0.0417": {
							"pre": [0, -8.3125, 0],
							"post": [0, -8.3125, 0],
							"lerp_mode": "catmullrom"
						},
						"0.125": {
							"post": [-5, -26.56, -5],
							"lerp_mode": "catmullrom"
						},
						"0.1667": {
							"post": [-3.32, -28.46, -3.32],
							"lerp_mode": "catmullrom"
						},
						"0.2083": [0, 0, 0]
					},
					"position": {
						"0.0": [0, 0, 0],
						"0.2083": [0, 0, 0]
					}
				},
				"left": {
					"rotation": [0, 0, 0],
					"position": [0, 0, 0]
				}
			}
		},
		"run_katana": {
			"loop": true,
			"animation_length": 0.6667,
			"bones": {
				"root": {
					"rotation": {
						"0.0": {
							"post": [55, 0, 190],
							"lerp_mode": "catmullrom"
						},
						"0.125": {
							"post": [57.5, 0, 190],
							"lerp_mode": "catmullrom"
						},
						"0.3333": {
							"post": [55, 0, 190],
							"lerp_mode": "catmullrom"
						},
						"0.4583": {
							"post": [57.5, 0, 190],
							"lerp_mode": "catmullrom"
						},
						"0.6667": {
							"post": [55, 0, 190],
							"lerp_mode": "catmullrom"
						}
					},
					"position": {
						"0.0": {
							"post": [-4, 10, 3],
							"lerp_mode": "catmullrom"
						},
						"0.125": {
							"post": [-3.25, 8.25, 3],
							"lerp_mode": "catmullrom"
						},
						"0.3333": {
							"post": [-3, 10, 3],
							"lerp_mode": "catmullrom"
						},
						"0.4583": {
							"post": [-3.5, 8.25, 3],
							"lerp_mode": "catmullrom"
						},
						"0.6667": {
							"post": [-4, 10, 3],
							"lerp_mode": "catmullrom"
						}
					}
				},
				"right": {
					"rotation": [0, 0, 0],
					"position": [0, 0, 0]
				},
				"left": {
					"rotation": [0, 0, 0],
					"position": [0, 0, 0]
				}
			}
		},
		"run_start": {
			"loop": "hold_on_last_frame",
			"animation_length": 0.25,
			"bones": {
				"root": {
					"rotation": {
						"0.0": [0, 0, 0],
						"0.0417": [15, 0, 3.02],
						"0.0833": [0, 0, 23.81],
						"0.125": [-44, 0, 94.87],
						"0.1667": [-34, 0, 144.2],
						"0.2083": [9.9375, 0, 170],
						"0.25": [90, 22.5, 170]
					},
					"position": {
						"0.0": [0, 0, 0],
						"0.0417": [-0.33, -2.24, -0.16],
						"0.0833": [-1, -3.5, 0],
						"0.125": [-2.36, -0.16, 1.21],
						"0.1667": [-3.65, 4.33, 2.49],
						"0.2083": [-3.99, 7.66, 2.9],
						"0.25": [-4, 12, 3]
					}
				},
				"right": {
					"rotation": {
						"0.0": [0, 0, 0],
						"0.0417": [0.14, -0.34, -2.63],
						"0.0833": [0.88, -0.87, -5],
						"0.125": [3.41, -1.74, -4.36],
						"0.1667": [5.69, -2.5, -2.87],
						"0.2083": [4.56, -2.5, -1.06],
						"0.25": [0, 45, 0]
					},
					"position": {
						"0.0": [0, 0, 0],
						"0.0417": [0, 0, 0],
						"0.0833": [0, 0, 0],
						"0.125": [0, 0, 0],
						"0.1667": [0, 0, 0],
						"0.2083": [0, 0, 0],
						"0.25": [0, 0, 0]
					}
				}
			},
			"sound_effects": {
				"0.0": {
					"effect": "applied_armorer:special_melee_task_manager/special_melee_task_manager_run_start"
				}
			}
		},
		"run_hold": {
			"loop": "hold_on_last_frame",
			"bones": {
				"root": {
					"rotation": [90, 22.5, 170],
					"position": [-4, 10, 3]
				},
				"right": {
					"rotation": [0, 45, 0],
					"position": [0, 0, 0]
				},
				"left": {
					"rotation": [0, 0, 0],
					"position": [0, 0, 0]
				}
			}
		},
		"run": {
			"loop": true,
			"animation_length": 0.6667,
			"bones": {
				"root": {
					"rotation": [90, 22.5, 170],
					"position": {
						"0.0": [-4, 12, 3],
						"0.0417": [-3.82, 11.55, 3],
						"0.0833": [-3.51, 10.7, 3],
						"0.125": [-3.25, 10.25, 3],
						"0.1667": [-3.16, 10.43, 3],
						"0.2083": [-3.08, 10.87, 3],
						"0.25": [-3.02, 11.38, 3],
						"0.2917": [-2.99, 11.82, 3],
						"0.3333": [-3, 12, 3],
						"0.375": [-3.11, 11.55, 3],
						"0.4167": [-3.31, 10.7, 3],
						"0.4583": [-3.5, 10.25, 3],
						"0.5": [-3.62, 10.43, 3],
						"0.5417": [-3.76, 10.87, 3],
						"0.5833": [-3.89, 11.38, 3],
						"0.625": [-3.98, 11.82, 3],
						"0.6667": [-4, 12, 3]
					}
				},
				"right": {
					"rotation": [0, 45, 0]
				}
			}
		}
	}
}