{
	"format_version": "1.12.0",
	"minecraft:geometry": [
		{
			"description": {
				"identifier": "geometry.unknown",
				"texture_width": 64,
				"texture_height": 64,
				"visible_bounds_width": 4,
				"visible_bounds_height": 2.5,
				"visible_bounds_offset": [0, 0.75, 0]
			},
			"bones": [
				{
					"name": "root",
					"pivot": [0, 5, 7]
				},
				{
					"name": "gun",
					"parent": "root",
					"pivot": [0, 5, 7]
				},
				{
					"name": "body",
					"parent": "gun",
					"pivot": [0, 7, -4.25]
				},
				{
					"name": "body_illuminated",
					"parent": "body",
					"pivot": [-0.124, 8.75, -12.75],
					"cubes": [
						{
							"origin": [-0.626, 8.75, -12],
							"size": [1.252, 0.5, 2.25],
							"uv": {
								"east": {"uv": [43, 17], "uv_size": [2.25, 0.5]},
								"west": {"uv": [30, 43], "uv_size": [2.25, 0.5]}
							}
						}
					]
				},
				{
					"name": "body_main",
					"parent": "body",
					"pivot": [0, 7, -4.25],
					"cubes": [
						{
							"origin": [-0.5, 5, 2.75],
							"size": [1, 1.5, 0.25],
							"uv": {
								"east": {"uv": [4, 48], "uv_size": [0.25, 1.5]},
								"south": {"uv": [37, 39], "uv_size": [1, 1.5]},
								"west": {"uv": [6, 48], "uv_size": [0.25, 1.5]},
								"down": {"uv": [48, 21.25], "uv_size": [1, -0.25]}
							}
						},
						{
							"origin": [-0.499, 5.875, 2.75],
							"size": [0.998, 0.5, 0.25],
							"pivot": [-0.001, 6.125, 3.375],
							"rotation": [-45, 0, 0],
							"uv": {
								"north": {"uv": [25, 47], "uv_size": [1, 0.5]},
								"east": {"uv": [50, 25], "uv_size": [0.25, 0.5]},
								"south": {"uv": [47, 25], "uv_size": [1, 0.5]},
								"west": {"uv": [26, 50], "uv_size": [0.25, 0.5]},
								"up": {"uv": [48, 22], "uv_size": [1, 0.25]},
								"down": {"uv": [23, 48.25], "uv_size": [1, -0.25]}
							}
						},
						{
							"origin": [-0.499, 5.125, 2.75],
							"size": [0.998, 0.5, 0.25],
							"pivot": [-0.001, 5.375, 3.375],
							"rotation": [45, 0, 0],
							"uv": {
								"north": {"uv": [47, 30], "uv_size": [1, 0.5]},
								"east": {"uv": [50, 29], "uv_size": [0.25, 0.5]},
								"south": {"uv": [47, 31], "uv_size": [1, 0.5]},
								"west": {"uv": [30, 50], "uv_size": [0.25, 0.5]},
								"up": {"uv": [27, 48], "uv_size": [1, 0.25]},
								"down": {"uv": [48, 28.25], "uv_size": [1, -0.25]}
							}
						},
						{
							"origin": [-0.5, 4.75, 2.75],
							"size": [1, 0.25, 3],
							"uv": {
								"east": {"uv": [38, 45], "uv_size": [3, 0.25]},
								"west": {"uv": [45, 38], "uv_size": [3, 0.25]},
								"up": {"uv": [3, 28], "uv_size": [1, 3]},
								"down": {"uv": [3, 37], "uv_size": [1, -3]}
							}
						},
						{
							"origin": [-0.25, 4.81564, 4.87186],
							"size": [0.5, 0.5, 0.25],
							"pivot": [0, 5.06564, 4.99686],
							"rotation": [-30, 0, 0],
							"uv": {
								"north": {"uv": [48, 23], "uv_size": [0.5, 0.5]},
								"east": {"uv": [50, 26], "uv_size": [0.25, 0.5]},
								"west": {"uv": [27, 50], "uv_size": [0.25, 0.5]}
							}
						},
						{
							"origin": [-0.25, 5, 5],
							"size": [0.5, 1.5, 0.75],
							"uv": {
								"north": {"uv": [19, 45], "uv_size": [0.5, 1.5]},
								"east": {"uv": [38, 42], "uv_size": [0.75, 1.5]},
								"west": {"uv": [39, 42], "uv_size": [0.75, 1.5]}
							}
						},
						{
							"origin": [-0.25, 6.18436, 4.87186],
							"size": [0.5, 0.5, 0.25],
							"pivot": [0, 6.43436, 4.99686],
							"rotation": [30, 0, 0],
							"uv": {
								"north": {"uv": [24, 48], "uv_size": [0.5, 0.5]},
								"east": {"uv": [50, 27], "uv_size": [0.25, 0.5]},
								"west": {"uv": [28, 50], "uv_size": [0.25, 0.5]}
							}
						},
						{
							"origin": [-0.5, 5, 5.75],
							"size": [1, 1.5, 2.25],
							"uv": {
								"north": {"uv": [11, 40], "uv_size": [1, 1.5]},
								"east": {"uv": [33, 33], "uv_size": [2.25, 1.5]},
								"south": {"uv": [20, 40], "uv_size": [1, 1.5]},
								"west": {"uv": [34, 6], "uv_size": [2.25, 1.5]}
							}
						},
						{
							"origin": [-0.499, 4.80178, 5.625],
							"size": [0.998, 0.25, 0.5],
							"pivot": [-0.001, 4.92678, 5.75],
							"rotation": [45, 0, 0],
							"uv": {
								"north": {"uv": [48, 24], "uv_size": [1, 0.25]},
								"east": {"uv": [50, 28], "uv_size": [0.5, 0.25]},
								"south": {"uv": [25, 48], "uv_size": [1, 0.25]},
								"west": {"uv": [29, 50], "uv_size": [0.5, 0.25]},
								"up": {"uv": [26, 47], "uv_size": [1, 0.5]},
								"down": {"uv": [27, 47.5], "uv_size": [1, -0.5]}
							}
						},
						{
							"origin": [-0.625, 5, 6],
							"size": [1.25, 1.5, 2],
							"uv": {
								"north": {"uv": [38, 38], "uv_size": [1.25, 1.5]},
								"east": {"uv": [8, 34], "uv_size": [2, 1.5]},
								"west": {"uv": [14, 34], "uv_size": [2, 1.5]},
								"up": {"uv": [14, 36], "uv_size": [1.25, 2]},
								"down": {"uv": [20, 38], "uv_size": [1.25, -2]}
							}
						},
						{
							"origin": [-0.626, 1.9, 6.25],
							"size": [1.252, 3.75, 1.5],
							"pivot": [0.2135, 5.825, 6.9],
							"rotation": [22.5, 0, 0],
							"uv": {
								"east": {"uv": [26, 12], "uv_size": [1.5, 3.75]},
								"west": {"uv": [4, 27], "uv_size": [1.5, 3.75]},
								"down": {"uv": [39, 3.5], "uv_size": [1.25, -1.5]}
							}
						},
						{
							"origin": [0.17678, 1.84693, 7.05465],
							"size": [0.35355, 3.75, 0.25],
							"pivot": [0.55178, 3.72193, 7.17965],
							"rotation": [30.36119, -40.78947, -20.94102],
							"uv": {
								"north": {"uv": [31, 44], "uv_size": [0.25, 3.75]},
								"down": {"uv": [50, 46.25], "uv_size": [0.25, -0.25]}
							}
						},
						{
							"origin": [-0.375, 1.9, 6],
							"size": [0.75, 3.75, 0.25],
							"pivot": [0.2125, 5.825, 6.9],
							"rotation": [22.5, 0, 0],
							"uv": {
								"north": {"uv": [4, 34], "uv_size": [0.75, 3.75]},
								"down": {"uv": [49, 7.25], "uv_size": [0.75, -0.25]}
							}
						},
						{
							"origin": [-0.375, 1.91202, 7.33065],
							"size": [0.75, 0.5, 0.5],
							"pivot": [0.125, 2.53702, 7.55565],
							"rotation": [-22.5, 0, 0],
							"uv": {
								"north": {"uv": [48, 6], "uv_size": [0.75, 0.5]},
								"east": {"uv": [48, 25], "uv_size": [0.5, 0.5]},
								"west": {"uv": [26, 48], "uv_size": [0.5, 0.5]},
								"down": {"uv": [7, 48.5], "uv_size": [0.75, -0.5]}
							}
						},
						{
							"origin": [0.17678, 4.26558, 7.86644],
							"size": [0.35355, 1.75, 0.25],
							"pivot": [0.55178, 5.14058, 7.99144],
							"rotation": [30.36119, 40.78947, 20.94102],
							"uv": {
								"south": {"uv": [46, 47], "uv_size": [0.25, 1.75]}
							}
						},
						{
							"origin": [0.17678, 5, 7.77145],
							"size": [0.35355, 1.5, 0.25],
							"pivot": [0.55178, 5.75, 7.89645],
							"rotation": [0, 45, 0],
							"uv": {
								"south": {"uv": [48, 7], "uv_size": [0.25, 1.5]},
								"up": {"uv": [47, 50], "uv_size": [0.25, 0.25]}
							}
						},
						{
							"origin": [-0.375, 5, 8],
							"size": [0.75, 1.5, 0.25],
							"uv": {
								"south": {"uv": [40, 42], "uv_size": [0.75, 1.5]},
								"up": {"uv": [49, 8], "uv_size": [0.75, 0.25]}
							}
						},
						{
							"origin": [-0.375, 3.9, 7.75],
							"size": [0.75, 1.75, 0.25],
							"pivot": [2.2125, 5.825, 6.9],
							"rotation": [22.5, 0, 0],
							"uv": {
								"south": {"uv": [25, 40], "uv_size": [0.75, 1.75]}
							}
						},
						{
							"origin": [0.29045, 4.30579, 8.29934],
							"size": [0.25, 0.65625, 0.34],
							"pivot": [0.41545, 4.68079, 8.47121],
							"rotation": [-124.29392, -31.14095, -37.17229],
							"uv": {
								"west": {"uv": [9, 49], "uv_size": [0.25, 0.75]}
							}
						},
						{
							"origin": [-0.627, 4.11968, 7.75465],
							"size": [1.254, 0.75, 0.25],
							"pivot": [0.2145, 5.07614, 7.90895],
							"rotation": [45, 0, 0],
							"uv": {
								"east": {"uv": [49, 9], "uv_size": [0.25, 0.75]},
								"south": {"uv": [44, 12], "uv_size": [1.25, 0.75]},
								"west": {"uv": [10, 49], "uv_size": [0.25, 0.75]},
								"up": {"uv": [48, 20], "uv_size": [1.25, 0.25]}
							}
						},
						{
							"origin": [-0.625, 1.78834, 7.51363],
							"size": [1.25, 2, 0.25],
							"pivot": [0.2125, 6.36334, 6.50113],
							"rotation": [22.5, 0, 0],
							"uv": {
								"east": {"uv": [28, 47], "uv_size": [0.25, 2]},
								"west": {"uv": [47, 28], "uv_size": [0.25, 2]},
								"down": {"uv": [21, 48.25], "uv_size": [1.25, -0.25]}
							}
						},
						{
							"origin": [0.17678, 2.50398, 8.81495],
							"size": [0.35355, 2, 0.25],
							"pivot": [0.55178, 3.50398, 8.93995],
							"rotation": [30.36119, 40.78947, 20.94102],
							"uv": {
								"south": {"uv": [29, 47], "uv_size": [0.25, 2]},
								"down": {"uv": [50, 47.25], "uv_size": [0.25, -0.25]}
							}
						},
						{
							"origin": [0.4124, 4.31141, 8.26098],
							"size": [0.25, 0.08943, 0.32803],
							"pivot": [0.53841, 4.40084, 8.58901],
							"rotation": [-139.54392, -31.14095, -37.17229],
							"uv": {
								"west": {"uv": [48, 50], "uv_size": [0.25, 0.25]}
							}
						},
						{
							"origin": [-0.375, 1.78834, 7.76363],
							"size": [0.75, 2, 0.25],
							"pivot": [0.2125, 6.36334, 6.50113],
							"rotation": [22.5, 0, 0],
							"uv": {
								"south": {"uv": [21, 40], "uv_size": [0.75, 2]},
								"down": {"uv": [49, 10.25], "uv_size": [0.75, -0.25]}
							}
						},
						{
							"origin": [-0.375, 4.03857, 8.05884],
							"size": [0.75, 0.75, 0.25],
							"pivot": [-0.0375, 4.99503, 7.96314],
							"rotation": [45, 0, 0],
							"uv": {
								"south": {"uv": [47, 1], "uv_size": [0.75, 0.75]}
							}
						},
						{
							"origin": [-0.53033, 5, 7.77145],
							"size": [0.35355, 1.5, 0.25],
							"pivot": [-0.55178, 5.75, 7.89645],
							"rotation": [0, -45, 0],
							"uv": {
								"south": {"uv": [8, 48], "uv_size": [0.25, 1.5]},
								"up": {"uv": [50, 48], "uv_size": [0.25, 0.25]}
							}
						},
						{
							"origin": [-0.53033, 4.26558, 7.86644],
							"size": [0.35355, 1.75, 0.25],
							"pivot": [-0.55178, 5.14058, 7.99144],
							"rotation": [30.36119, -40.78947, -20.94102],
							"uv": {
								"south": {"uv": [47, 47], "uv_size": [0.25, 1.75]}
							}
						},
						{
							"origin": [-0.54045, 4.30579, 8.29934],
							"size": [0.25, 0.65625, 0.34],
							"pivot": [-0.41545, 4.68079, 8.47121],
							"rotation": [-124.29392, 31.14095, 37.17229],
							"uv": {
								"east": {"uv": [11, 49], "uv_size": [0.25, 0.75]}
							}
						},
						{
							"origin": [-0.6624, 4.31141, 8.26098],
							"size": [0.25, 0.08943, 0.32803],
							"pivot": [-0.53841, 4.40084, 8.58901],
							"rotation": [-139.54392, 31.14095, 37.17229],
							"uv": {
								"east": {"uv": [49, 50], "uv_size": [0.25, 0.25]}
							}
						},
						{
							"origin": [-0.53033, 2.50398, 8.81495],
							"size": [0.35355, 2, 0.25],
							"pivot": [-0.55178, 3.50398, 8.93995],
							"rotation": [30.36119, -40.78947, -20.94102],
							"uv": {
								"south": {"uv": [30, 47], "uv_size": [0.25, 2]},
								"down": {"uv": [50, 49.25], "uv_size": [0.25, -0.25]}
							}
						},
						{
							"origin": [-0.53033, 1.84693, 7.05465],
							"size": [0.35355, 3.75, 0.25],
							"pivot": [-0.55178, 3.72193, 7.17965],
							"rotation": [30.36119, 40.78947, 20.94102],
							"uv": {
								"north": {"uv": [32, 44], "uv_size": [0.25, 3.75]},
								"down": {"uv": [50, 50.25], "uv_size": [0.25, -0.25]}
							}
						},
						{
							"origin": [-1, 3.75, 1.25],
							"size": [2, 3, 1.5],
							"uv": {
								"north": {"uv": [25, 19], "uv_size": [2, 3]},
								"east": {"uv": [30, 7], "uv_size": [1.5, 3]},
								"south": {"uv": [25, 22], "uv_size": [2, 3]},
								"west": {"uv": [10, 30], "uv_size": [1.5, 3]},
								"up": {"uv": [20, 34], "uv_size": [2, 1.5]},
								"down": {"uv": [23, 35.5], "uv_size": [2, -1.5]}
							}
						},
						{
							"origin": [-1, 4.75, -1.25],
							"size": [2, 2, 2.5],
							"uv": {
								"north": {"uv": [32, 28], "uv_size": [2, 2]},
								"east": {"uv": [28, 12], "uv_size": [2.5, 2]},
								"south": {"uv": [32, 30], "uv_size": [2, 2]},
								"west": {"uv": [28, 14], "uv_size": [2.5, 2]},
								"up": {"uv": [8, 28], "uv_size": [2, 2.5]},
								"down": {"uv": [14, 30.5], "uv_size": [2, -2.5]}
							}
						},
						{
							"origin": [-1, 5.75, -8.75],
							"size": [2, 0.75, 7.5],
							"uv": {
								"north": {"uv": [32, 40], "uv_size": [2, 0.75]},
								"east": {"uv": [26, 16], "uv_size": [7.5, 0.75]},
								"south": {"uv": [34, 40], "uv_size": [2, 0.75]},
								"west": {"uv": [26, 17], "uv_size": [7.5, 0.75]},
								"up": {"uv": [2, 14], "uv_size": [2, 7.5]},
								"down": {"uv": [14, 19.5], "uv_size": [2, -7.5]}
							}
						},
						{
							"origin": [-0.61732, 4.82612, -8.75],
							"size": [1.23463, 0.92388, 0.75],
							"uv": {
								"north": {"uv": [23, 41], "uv_size": [1.25, 1]},
								"south": {"uv": [30, 41], "uv_size": [1.25, 1]},
								"down": {"uv": [44, 16.75], "uv_size": [1.25, -0.75]}
							}
						},
						{
							"origin": [-0.06739, 5.16123, -8.749],
							"size": [1, 1, 0.75],
							"pivot": [-0.06739, 5.78623, -8.25],
							"rotation": [0, 0, 22.5],
							"uv": {
								"north": {"uv": [27, 31], "uv_size": [1, 1]},
								"south": {"uv": [4, 43], "uv_size": [1, 1]},
								"west": {"uv": [45, 39], "uv_size": [0.75, 1]}
							}
						},
						{
							"origin": [-0.93261, 5.16123, -8.749],
							"size": [1, 1, 0.75],
							"pivot": [0.06739, 5.78623, -8.25],
							"rotation": [0, 0, -22.5],
							"uv": {
								"north": {"uv": [43, 32], "uv_size": [1, 1]},
								"east": {"uv": [45, 40], "uv_size": [0.75, 1]},
								"south": {"uv": [33, 43], "uv_size": [1, 1]}
							}
						},
						{
							"origin": [-0.5, 5.25, -8],
							"size": [1, 0.5, 6.75],
							"uv": {
								"north": {"uv": [47, 32], "uv_size": [1, 0.5]},
								"east": {"uv": [34, 8], "uv_size": [6.75, 0.5]},
								"south": {"uv": [47, 33], "uv_size": [1, 0.5]},
								"west": {"uv": [34, 9], "uv_size": [6.75, 0.5]},
								"up": {"uv": [12, 25], "uv_size": [1, 6.75]},
								"down": {"uv": [25, 18.75], "uv_size": [1, -6.75]}
							}
						},
						{
							"origin": [-0.375, 5, -8],
							"size": [0.75, 0.25, 6.75],
							"uv": {
								"north": {"uv": [46, 49], "uv_size": [0.75, 0.25]},
								"east": {"uv": [30, 39], "uv_size": [6.75, 0.25]},
								"south": {"uv": [49, 46], "uv_size": [0.75, 0.25]},
								"west": {"uv": [40, 24], "uv_size": [6.75, 0.25]}
							}
						},
						{
							"origin": [0.10355, 5.35355, -8],
							"size": [0.25, 0, 6.75],
							"pivot": [-0.14645, 5.35355, -4.625],
							"rotation": [0, 0, 135],
							"uv": {
								"down": {"uv": [9, 44.75], "uv_size": [0.25, -6.75]}
							}
						},
						{
							"origin": [-0.35355, 5.35355, -8],
							"size": [0.25, 0, 6.75],
							"pivot": [0.14645, 5.35355, -4.625],
							"rotation": [0, 0, -135],
							"uv": {
								"down": {"uv": [2, 45.75], "uv_size": [0.25, -6.75]}
							}
						},
						{
							"origin": [-0.5, 5, -8],
							"size": [1, 0, 6.75],
							"uv": {
								"down": {"uv": [13, 31.75], "uv_size": [1, -6.75]}
							}
						},
						{
							"origin": [-0.375, 4.875, -2],
							"size": [0.75, 0.125, 0.75],
							"uv": {
								"north": {"uv": [47, 49], "uv_size": [0.75, 0.25]},
								"south": {"uv": [49, 47], "uv_size": [0.75, 0.25]},
								"down": {"uv": [14, 47.75], "uv_size": [0.75, -0.75]}
							}
						},
						{
							"origin": [-0.35355, 5.10355, -2],
							"size": [0.17678, 0.17678, 0.75],
							"pivot": [-0.55178, 5.22855, -4.5],
							"rotation": [0, 0, 45],
							"uv": {
								"north": {"uv": [52, 0], "uv_size": [0.25, 0.25]},
								"south": {"uv": [1, 52], "uv_size": [0.25, 0.25]},
								"down": {"uv": [48, 49.75], "uv_size": [0.25, -0.75]}
							}
						},
						{
							"origin": [0.17678, 5.10355, -2],
							"size": [0.17678, 0.17678, 0.75],
							"pivot": [0.55178, 5.22855, -4.5],
							"rotation": [0, 0, -45],
							"uv": {
								"north": {"uv": [52, 1], "uv_size": [0.25, 0.25]},
								"south": {"uv": [2, 52], "uv_size": [0.25, 0.25]},
								"down": {"uv": [49, 48.75], "uv_size": [0.25, -0.75]}
							}
						},
						{
							"origin": [-0.375, 4.875, -2.5],
							"size": [0.75, 0.125, 0.25],
							"uv": {
								"north": {"uv": [49, 49], "uv_size": [0.75, 0.25]},
								"south": {"uv": [0, 50], "uv_size": [0.75, 0.25]},
								"down": {"uv": [50, 0.25], "uv_size": [0.75, -0.25]}
							}
						},
						{
							"origin": [-0.35355, 5.10355, -2.5],
							"size": [0.17678, 0.17678, 0.25],
							"pivot": [-0.55178, 5.22855, -5.5],
							"rotation": [0, 0, 45],
							"uv": {
								"north": {"uv": [4, 52], "uv_size": [0.25, 0.25]},
								"south": {"uv": [52, 4], "uv_size": [0.25, 0.25]},
								"down": {"uv": [5, 52.25], "uv_size": [0.25, -0.25]}
							}
						},
						{
							"origin": [0.17678, 5.10355, -2.5],
							"size": [0.17678, 0.17678, 0.25],
							"pivot": [0.55178, 5.22855, -5.5],
							"rotation": [0, 0, -45],
							"uv": {
								"north": {"uv": [52, 2], "uv_size": [0.25, 0.25]},
								"south": {"uv": [3, 52], "uv_size": [0.25, 0.25]},
								"down": {"uv": [52, 3.25], "uv_size": [0.25, -0.25]}
							}
						},
						{
							"origin": [-0.375, 4.875, -4],
							"size": [0.75, 0.125, 0.25],
							"uv": {
								"north": {"uv": [3, 50], "uv_size": [0.75, 0.25]},
								"south": {"uv": [50, 3], "uv_size": [0.75, 0.25]},
								"down": {"uv": [4, 50.25], "uv_size": [0.75, -0.25]}
							}
						},
						{
							"origin": [-0.35355, 5.10355, -4],
							"size": [0.17678, 0.17678, 0.25],
							"pivot": [-0.55178, 5.22855, -7],
							"rotation": [0, 0, 45],
							"uv": {
								"north": {"uv": [9, 52], "uv_size": [0.25, 0.25]},
								"south": {"uv": [52, 9], "uv_size": [0.25, 0.25]},
								"down": {"uv": [10, 52.25], "uv_size": [0.25, -0.25]}
							}
						},
						{
							"origin": [0.17678, 5.10355, -4],
							"size": [0.17678, 0.17678, 0.25],
							"pivot": [0.55178, 5.22855, -7],
							"rotation": [0, 0, -45],
							"uv": {
								"north": {"uv": [52, 7], "uv_size": [0.25, 0.25]},
								"south": {"uv": [8, 52], "uv_size": [0.25, 0.25]},
								"down": {"uv": [52, 8.25], "uv_size": [0.25, -0.25]}
							}
						},
						{
							"origin": [-0.35355, 5.10355, -3.5],
							"size": [0.17678, 0.17678, 0.75],
							"pivot": [-0.55178, 5.22855, -6],
							"rotation": [0, 0, 45],
							"uv": {
								"north": {"uv": [52, 6], "uv_size": [0.25, 0.25]},
								"south": {"uv": [7, 52], "uv_size": [0.25, 0.25]},
								"down": {"uv": [50, 2.75], "uv_size": [0.25, -0.75]}
							}
						},
						{
							"origin": [-0.375, 4.875, -3.5],
							"size": [0.75, 0.125, 0.75],
							"uv": {
								"north": {"uv": [50, 1], "uv_size": [0.75, 0.25]},
								"south": {"uv": [2, 50], "uv_size": [0.75, 0.25]},
								"down": {"uv": [47, 14.75], "uv_size": [0.75, -0.75]}
							}
						},
						{
							"origin": [0.17678, 5.10355, -3.5],
							"size": [0.17678, 0.17678, 0.75],
							"pivot": [0.55178, 5.22855, -6],
							"rotation": [0, 0, -45],
							"uv": {
								"north": {"uv": [52, 5], "uv_size": [0.25, 0.25]},
								"south": {"uv": [6, 52], "uv_size": [0.25, 0.25]},
								"down": {"uv": [1, 50.75], "uv_size": [0.25, -0.75]}
							}
						},
						{
							"origin": [-0.375, 4.875, -5.5],
							"size": [0.75, 0.125, 0.25],
							"uv": {
								"north": {"uv": [50, 6], "uv_size": [0.75, 0.25]},
								"south": {"uv": [7, 50], "uv_size": [0.75, 0.25]},
								"down": {"uv": [50, 7.25], "uv_size": [0.75, -0.25]}
							}
						},
						{
							"origin": [-0.35355, 5.10355, -5.5],
							"size": [0.17678, 0.17678, 0.25],
							"pivot": [-0.55178, 5.22855, -8.5],
							"rotation": [0, 0, 45],
							"uv": {
								"north": {"uv": [14, 52], "uv_size": [0.25, 0.25]},
								"south": {"uv": [52, 14], "uv_size": [0.25, 0.25]},
								"down": {"uv": [15, 52.25], "uv_size": [0.25, -0.25]}
							}
						},
						{
							"origin": [0.17678, 5.10355, -5.5],
							"size": [0.17678, 0.17678, 0.25],
							"pivot": [0.55178, 5.22855, -8.5],
							"rotation": [0, 0, -45],
							"uv": {
								"north": {"uv": [52, 12], "uv_size": [0.25, 0.25]},
								"south": {"uv": [13, 52], "uv_size": [0.25, 0.25]},
								"down": {"uv": [52, 13.25], "uv_size": [0.25, -0.25]}
							}
						},
						{
							"origin": [-0.35355, 5.10355, -5],
							"size": [0.17678, 0.17678, 0.75],
							"pivot": [-0.55178, 5.22855, -7.5],
							"rotation": [0, 0, 45],
							"uv": {
								"north": {"uv": [52, 11], "uv_size": [0.25, 0.25]},
								"south": {"uv": [12, 52], "uv_size": [0.25, 0.25]},
								"down": {"uv": [6, 50.75], "uv_size": [0.25, -0.75]}
							}
						},
						{
							"origin": [-0.375, 4.875, -5],
							"size": [0.75, 0.125, 0.75],
							"uv": {
								"north": {"uv": [5, 50], "uv_size": [0.75, 0.25]},
								"south": {"uv": [50, 5], "uv_size": [0.75, 0.25]},
								"down": {"uv": [15, 47.75], "uv_size": [0.75, -0.75]}
							}
						},
						{
							"origin": [0.17678, 5.10355, -5],
							"size": [0.17678, 0.17678, 0.75],
							"pivot": [0.55178, 5.22855, -7.5],
							"rotation": [0, 0, -45],
							"uv": {
								"north": {"uv": [52, 10], "uv_size": [0.25, 0.25]},
								"south": {"uv": [11, 52], "uv_size": [0.25, 0.25]},
								"down": {"uv": [50, 4.75], "uv_size": [0.25, -0.75]}
							}
						},
						{
							"origin": [-0.375, 4.875, -7],
							"size": [0.75, 0.125, 0.25],
							"uv": {
								"north": {"uv": [10, 50], "uv_size": [0.75, 0.25]},
								"south": {"uv": [50, 10], "uv_size": [0.75, 0.25]},
								"down": {"uv": [11, 50.25], "uv_size": [0.75, -0.25]}
							}
						},
						{
							"origin": [-0.35355, 5.10355, -7],
							"size": [0.17678, 0.17678, 0.25],
							"pivot": [-0.55178, 5.22855, -10],
							"rotation": [0, 0, 45],
							"uv": {
								"north": {"uv": [19, 52], "uv_size": [0.25, 0.25]},
								"south": {"uv": [52, 19], "uv_size": [0.25, 0.25]},
								"down": {"uv": [20, 52.25], "uv_size": [0.25, -0.25]}
							}
						},
						{
							"origin": [0.17678, 5.10355, -7],
							"size": [0.17678, 0.17678, 0.25],
							"pivot": [0.55178, 5.22855, -10],
							"rotation": [0, 0, -45],
							"uv": {
								"north": {"uv": [52, 17], "uv_size": [0.25, 0.25]},
								"south": {"uv": [18, 52], "uv_size": [0.25, 0.25]},
								"down": {"uv": [52, 18.25], "uv_size": [0.25, -0.25]}
							}
						},
						{
							"origin": [0.17678, 5.10355, -8],
							"size": [0.17678, 0.17678, 0.75],
							"pivot": [0.55178, 5.22855, -10.5],
							"rotation": [0, 0, -45],
							"uv": {
								"north": {"uv": [52, 21], "uv_size": [0.25, 0.25]},
								"south": {"uv": [22, 52], "uv_size": [0.25, 0.25]},
								"down": {"uv": [13, 50.75], "uv_size": [0.25, -0.75]}
							}
						},
						{
							"origin": [-0.375, 4.875, -8],
							"size": [0.75, 0.125, 0.75],
							"uv": {
								"north": {"uv": [12, 50], "uv_size": [0.75, 0.25]},
								"south": {"uv": [50, 12], "uv_size": [0.75, 0.25]},
								"down": {"uv": [47, 16.75], "uv_size": [0.75, -0.75]}
							}
						},
						{
							"origin": [-0.35355, 5.10355, -8],
							"size": [0.17678, 0.17678, 0.75],
							"pivot": [-0.55178, 5.22855, -10.5],
							"rotation": [0, 0, 45],
							"uv": {
								"north": {"uv": [52, 20], "uv_size": [0.25, 0.25]},
								"south": {"uv": [21, 52], "uv_size": [0.25, 0.25]},
								"down": {"uv": [50, 11.75], "uv_size": [0.25, -0.75]}
							}
						},
						{
							"origin": [-0.35355, 5.10355, -6.5],
							"size": [0.17678, 0.17678, 0.75],
							"pivot": [-0.55178, 5.22855, -9],
							"rotation": [0, 0, 45],
							"uv": {
								"north": {"uv": [52, 16], "uv_size": [0.25, 0.25]},
								"south": {"uv": [17, 52], "uv_size": [0.25, 0.25]},
								"down": {"uv": [50, 9.75], "uv_size": [0.25, -0.75]}
							}
						},
						{
							"origin": [-0.375, 4.875, -6.5],
							"size": [0.75, 0.125, 0.75],
							"uv": {
								"north": {"uv": [50, 8], "uv_size": [0.75, 0.25]},
								"south": {"uv": [9, 50], "uv_size": [0.75, 0.25]},
								"down": {"uv": [16, 47.75], "uv_size": [0.75, -0.75]}
							}
						},
						{
							"origin": [0.17678, 5.10355, -6.5],
							"size": [0.17678, 0.17678, 0.75],
							"pivot": [0.55178, 5.22855, -9],
							"rotation": [0, 0, -45],
							"uv": {
								"north": {"uv": [52, 15], "uv_size": [0.25, 0.25]},
								"south": {"uv": [16, 52], "uv_size": [0.25, 0.25]},
								"down": {"uv": [8, 50.75], "uv_size": [0.25, -0.75]}
							}
						},
						{
							"origin": [0.73744, 6.17678, -8],
							"size": [0.70711, 0.5, 6.75],
							"pivot": [1.73744, 5.42678, -2.75],
							"rotation": [0, 0, -45],
							"uv": {
								"north": {"uv": [48, 9], "uv_size": [0.75, 0.5]},
								"east": {"uv": [34, 10], "uv_size": [6.75, 0.5]},
								"south": {"uv": [10, 48], "uv_size": [0.75, 0.5]},
								"west": {"uv": [34, 11], "uv_size": [6.75, 0.5]},
								"up": {"uv": [23, 27], "uv_size": [0.75, 6.75]},
								"down": {"uv": [24, 33.75], "uv_size": [0.75, -6.75]}
							}
						},
						{
							"origin": [-1.44454, 6.17678, -8],
							"size": [0.70711, 0.5, 6.75],
							"pivot": [-1.73744, 5.42678, -2.75],
							"rotation": [0, 0, 45],
							"uv": {
								"north": {"uv": [48, 10], "uv_size": [0.75, 0.5]},
								"east": {"uv": [34, 16], "uv_size": [6.75, 0.5]},
								"south": {"uv": [11, 48], "uv_size": [0.75, 0.5]},
								"west": {"uv": [34, 17], "uv_size": [6.75, 0.5]},
								"up": {"uv": [27, 24], "uv_size": [0.75, 6.75]},
								"down": {"uv": [2, 34.75], "uv_size": [0.75, -6.75]}
							}
						},
						{
							"origin": [-0.999, 6.0795, -2.7045],
							"size": [1.998, 1.06066, 2.12132],
							"pivot": [-0.001, 6.76517, -1.9545],
							"rotation": [45, 0, 0],
							"uv": {
								"north": {"uv": [38, 24], "uv_size": [2, 1]},
								"east": {"uv": [32, 38], "uv_size": [2, 1]},
								"south": {"uv": [34, 38], "uv_size": [2, 1]},
								"west": {"uv": [36, 38], "uv_size": [2, 1]},
								"up": {"uv": [10, 33], "uv_size": [2, 2]},
								"down": {"uv": [33, 14], "uv_size": [2, -2]}
							}
						},
						{
							"origin": [-1, 7, 2.25],
							"size": [2, 1, 14],
							"uv": {
								"north": {"uv": [14, 38], "uv_size": [2, 1]},
								"east": {"uv": [15, 10], "uv_size": [14, 1]},
								"south": {"uv": [20, 38], "uv_size": [2, 1]},
								"west": {"uv": [15, 11], "uv_size": [14, 1]},
								"up": {"uv": [0, 0], "uv_size": [2, 14]},
								"down": {"uv": [2, 14], "uv_size": [2, -14]}
							}
						},
						{
							"origin": [-1, 7, -1.25],
							"size": [1.75, 1, 0.75],
							"uv": {
								"north": {"uv": [20, 39], "uv_size": [1.75, 1]},
								"east": {"uv": [24, 46], "uv_size": [0.75, 1]},
								"south": {"uv": [23, 39], "uv_size": [1.75, 1]},
								"west": {"uv": [26, 46], "uv_size": [0.75, 1]},
								"up": {"uv": [14, 41], "uv_size": [1.75, 0.75]},
								"down": {"uv": [41, 17.75], "uv_size": [1.75, -0.75]}
							}
						},
						{
							"origin": [-1, 7.75, -0.5],
							"size": [1.75, 0.25, 2.75],
							"uv": {
								"north": {"uv": [0, 48], "uv_size": [1.75, 0.25]},
								"east": {"uv": [46, 34], "uv_size": [2.75, 0.25]},
								"south": {"uv": [48, 1], "uv_size": [1.75, 0.25]},
								"west": {"uv": [46, 35], "uv_size": [2.75, 0.25]},
								"up": {"uv": [25, 29], "uv_size": [1.75, 2.75]},
								"down": {"uv": [28, 31.75], "uv_size": [1.75, -2.75]}
							}
						},
						{
							"origin": [-0.999, 7, 2.25],
							"size": [0.5, 0.5, 0.25],
							"pivot": [-0.125, 7.25, 1.75],
							"rotation": [45, 0, 0],
							"uv": {
								"north": {"uv": [48, 44], "uv_size": [0.5, 0.5]},
								"east": {"uv": [50, 38], "uv_size": [0.25, 0.5]},
								"west": {"uv": [39, 50], "uv_size": [0.25, 0.5]}
							}
						},
						{
							"origin": [-0.999, 7, -0.75],
							"size": [0.5, 0.5, 0.25],
							"pivot": [-0.125, 7.25, 0],
							"rotation": [-45, 0, 0],
							"uv": {
								"east": {"uv": [50, 39], "uv_size": [0.25, 0.5]},
								"south": {"uv": [45, 48], "uv_size": [0.5, 0.5]},
								"west": {"uv": [40, 50], "uv_size": [0.25, 0.5]}
							}
						},
						{
							"origin": [-0.999, 7, -0.75],
							"size": [0.5, 0.5, 0.25],
							"pivot": [-0.125, 7.25, 0],
							"rotation": [45, 0, 0],
							"uv": {
								"east": {"uv": [50, 41], "uv_size": [0.25, 0.5]},
								"south": {"uv": [48, 46], "uv_size": [0.5, 0.5]},
								"west": {"uv": [42, 50], "uv_size": [0.25, 0.5]}
							}
						},
						{
							"origin": [-0.999, 7, 2.25],
							"size": [0.5, 0.5, 0.25],
							"pivot": [-0.125, 7.25, 1.75],
							"rotation": [-45, 0, 0],
							"uv": {
								"north": {"uv": [48, 45], "uv_size": [0.5, 0.5]},
								"east": {"uv": [50, 40], "uv_size": [0.25, 0.5]},
								"west": {"uv": [41, 50], "uv_size": [0.25, 0.5]}
							}
						},
						{
							"origin": [-1, 6.75, 2.25],
							"size": [1.75, 0.25, 0.5],
							"uv": {
								"north": {"uv": [2, 48], "uv_size": [1.75, 0.25]},
								"east": {"uv": [50, 36], "uv_size": [0.5, 0.25]},
								"south": {"uv": [48, 3], "uv_size": [1.75, 0.25]},
								"west": {"uv": [37, 50], "uv_size": [0.5, 0.25]},
								"up": {"uv": [45, 14], "uv_size": [1.75, 0.5]},
								"down": {"uv": [23, 45.5], "uv_size": [1.75, -0.5]}
							}
						},
						{
							"origin": [-1, 6.75, -1],
							"size": [1.75, 0.25, 0.5],
							"uv": {
								"north": {"uv": [48, 4], "uv_size": [1.75, 0.25]},
								"east": {"uv": [50, 37], "uv_size": [0.5, 0.25]},
								"south": {"uv": [48, 5], "uv_size": [1.75, 0.25]},
								"west": {"uv": [38, 50], "uv_size": [0.5, 0.25]},
								"up": {"uv": [45, 36], "uv_size": [1.75, 0.5]},
								"down": {"uv": [45, 37.5], "uv_size": [1.75, -0.5]}
							}
						},
						{
							"origin": [-1, 4.5, 15.75],
							"size": [2, 2.5, 0.5],
							"uv": {
								"north": {"uv": [20, 28], "uv_size": [2, 2.5]},
								"east": {"uv": [23, 42], "uv_size": [0.5, 2.5]},
								"south": {"uv": [28, 26], "uv_size": [2, 2.5]},
								"west": {"uv": [24, 42], "uv_size": [0.5, 2.5]},
								"up": {"uv": [43, 38], "uv_size": [2, 0.5]},
								"down": {"uv": [43, 39.5], "uv_size": [2, -0.5]}
							}
						},
						{
							"origin": [-1, 3.09567, 15.76903],
							"size": [2, 1.5, 0.5],
							"pivot": [0, 4.59567, 16.01903],
							"rotation": [-22.5, 0, 0],
							"uv": {
								"north": {"uv": [10, 35], "uv_size": [2, 1.5]},
								"east": {"uv": [8, 46], "uv_size": [0.5, 1.5]},
								"south": {"uv": [35, 12], "uv_size": [2, 1.5]},
								"west": {"uv": [46, 16], "uv_size": [0.5, 1.5]},
								"up": {"uv": [43, 40], "uv_size": [2, 0.5]},
								"down": {"uv": [41, 43.5], "uv_size": [2, -0.5]}
							}
						},
						{
							"origin": [0.68934, 7.14645, -1.249],
							"size": [0.25, 0.35355, 17.5],
							"pivot": [-0.06066, 7.64645, 5],
							"rotation": [0, 0, -45],
							"uv": {
								"north": {"uv": [52, 22], "uv_size": [0.25, 0.25]},
								"east": {"uv": [31, 15], "uv_size": [17.5, 0.25]},
								"south": {"uv": [23, 52], "uv_size": [0.25, 0.25]},
								"west": {"uv": [25, 32], "uv_size": [17.5, 0.25]},
								"up": {"uv": [22, 28], "uv_size": [0.25, 17.5]},
								"down": {"uv": [16, 46.5], "uv_size": [0.25, -17.5]}
							}
						},
						{
							"origin": [-0.93934, 7.14645, -1.249],
							"size": [0.25, 0.35355, 17.5],
							"pivot": [0.06066, 7.64645, 5],
							"rotation": [0, 0, 45],
							"uv": {
								"north": {"uv": [52, 23], "uv_size": [0.25, 0.25]},
								"east": {"uv": [32, 26], "uv_size": [17.5, 0.25]},
								"south": {"uv": [24, 52], "uv_size": [0.25, 0.25]},
								"west": {"uv": [32, 27], "uv_size": [17.5, 0.25]},
								"up": {"uv": [5, 31], "uv_size": [0.25, 17.5]},
								"down": {"uv": [12, 49.5], "uv_size": [0.25, -17.5]}
							}
						},
						{
							"origin": [-0.75, 8, -1.25],
							"size": [1.5, 0.5, 12.5],
							"uv": {
								"north": {"uv": [41, 45], "uv_size": [1.5, 0.5]},
								"east": {"uv": [24, 2], "uv_size": [12.5, 0.5]},
								"south": {"uv": [45, 41], "uv_size": [1.5, 0.5]},
								"west": {"uv": [24, 3], "uv_size": [12.5, 0.5]},
								"up": {"uv": [8, 7], "uv_size": [1.5, 12.5]},
								"down": {"uv": [10, 12.5], "uv_size": [1.5, -12.5]}
							}
						},
						{
							"origin": [-0.75, 7.51256, 10.42678],
							"size": [1.5, 0.5, 0.5],
							"pivot": [0, 7.26256, 11.42678],
							"rotation": [-45, 0, 0],
							"uv": {
								"north": {"uv": [46, 6], "uv_size": [1.5, 0.5]},
								"east": {"uv": [36, 48], "uv_size": [0.5, 0.5]},
								"south": {"uv": [46, 7], "uv_size": [1.5, 0.5]},
								"west": {"uv": [37, 48], "uv_size": [0.5, 0.5]},
								"up": {"uv": [46, 8], "uv_size": [1.5, 0.5]},
								"down": {"uv": [46, 9.5], "uv_size": [1.5, -0.5]}
							}
						},
						{
							"origin": [-0.75, 8, 11.25],
							"size": [1.5, 0.25, 5],
							"uv": {
								"north": {"uv": [17, 48], "uv_size": [1.5, 0.25]},
								"east": {"uv": [42, 13], "uv_size": [5, 0.25]},
								"south": {"uv": [48, 17], "uv_size": [1.5, 0.25]},
								"west": {"uv": [42, 25], "uv_size": [5, 0.25]},
								"up": {"uv": [23, 12], "uv_size": [1.5, 5]},
								"down": {"uv": [23, 22], "uv_size": [1.5, -5]}
							}
						},
						{
							"origin": [-0.75, 6.5, 2.75],
							"size": [1.5, 0.5, 13],
							"uv": {
								"north": {"uv": [45, 42], "uv_size": [1.5, 0.5]},
								"east": {"uv": [24, 0], "uv_size": [13, 0.5]},
								"south": {"uv": [43, 45], "uv_size": [1.5, 0.5]},
								"west": {"uv": [24, 1], "uv_size": [13, 0.5]},
								"up": {"uv": [4, 7], "uv_size": [1.5, 13]},
								"down": {"uv": [6, 20], "uv_size": [1.5, -13]}
							}
						},
						{
							"origin": [-0.749, 6.5, 14.25],
							"size": [1.498, 0.5, 1],
							"pivot": [-0.001, 5.5, 14.75],
							"rotation": [-45, 0, 0],
							"uv": {
								"north": {"uv": [46, 12], "uv_size": [1.5, 0.5]},
								"east": {"uv": [44, 47], "uv_size": [1, 0.5]},
								"south": {"uv": [22, 46], "uv_size": [1.5, 0.5]},
								"west": {"uv": [45, 47], "uv_size": [1, 0.5]},
								"up": {"uv": [40, 40], "uv_size": [1.5, 1]},
								"down": {"uv": [41, 3], "uv_size": [1.5, -1]}
							}
						},
						{
							"origin": [-0.749, 7.47626, -8.34201],
							"size": [1.498, 1.84776, 0.76537],
							"pivot": [-0.001, 8.47626, -5.59201],
							"rotation": [22.5, 0, 0],
							"uv": {
								"north": {"uv": [8, 36], "uv_size": [1.5, 1.75]},
								"east": {"uv": [36, 40], "uv_size": [0.75, 1.75]},
								"west": {"uv": [4, 41], "uv_size": [0.75, 1.75]},
								"up": {"uv": [43, 14], "uv_size": [1.5, 0.75]}
							}
						},
						{
							"origin": [-0.75, 6.5, -7.75],
							"size": [1.5, 2, 6.5],
							"uv": {
								"north": {"uv": [34, 30], "uv_size": [1.5, 2]},
								"east": {"uv": [16, 12], "uv_size": [6.5, 2]},
								"south": {"uv": [0, 35], "uv_size": [1.5, 2]},
								"west": {"uv": [16, 14], "uv_size": [6.5, 2]},
								"up": {"uv": [20, 16], "uv_size": [1.5, 6.5]},
								"down": {"uv": [17, 26.5], "uv_size": [1.5, -6.5]}
							}
						},
						{
							"origin": [1, 7, -7.75],
							"size": [0.25, 1, 5],
							"uv": {
								"north": {"uv": [34, 48], "uv_size": [0.25, 1]},
								"east": {"uv": [28, 24], "uv_size": [5, 1]},
								"south": {"uv": [35, 48], "uv_size": [0.25, 1]},
								"west": {"uv": [28, 25], "uv_size": [5, 1]},
								"up": {"uv": [8, 41], "uv_size": [0.25, 5]},
								"down": {"uv": [11, 47], "uv_size": [0.25, -5]}
							}
						},
						{
							"origin": [-1.375, 7.25, -7.25],
							"size": [2.75, 0.5, 0.5],
							"pivot": [0, 7.5, -7],
							"rotation": [45, 0, 0],
							"uv": {
								"north": {"uv": [41, 3], "uv_size": [2.75, 0.5]},
								"east": {"uv": [48, 47], "uv_size": [0.5, 0.5]},
								"south": {"uv": [41, 4], "uv_size": [2.75, 0.5]},
								"west": {"uv": [48, 48], "uv_size": [0.5, 0.5]},
								"up": {"uv": [41, 5], "uv_size": [2.75, 0.5]},
								"down": {"uv": [41, 8.5], "uv_size": [2.75, -0.5]}
							}
						},
						{
							"origin": [-1.375, 7.25, -3.75],
							"size": [2.75, 0.5, 0.5],
							"pivot": [0, 7.5, -3.5],
							"rotation": [45, 0, 0],
							"uv": {
								"north": {"uv": [41, 9], "uv_size": [2.75, 0.5]},
								"east": {"uv": [0, 49], "uv_size": [0.5, 0.5]},
								"south": {"uv": [41, 10], "uv_size": [2.75, 0.5]},
								"west": {"uv": [49, 0], "uv_size": [0.5, 0.5]},
								"up": {"uv": [41, 11], "uv_size": [2.75, 0.5]},
								"down": {"uv": [41, 16.5], "uv_size": [2.75, -0.5]}
							}
						},
						{
							"origin": [0.67441, 7.63687, -7.75],
							"size": [0.25, 0.5, 5],
							"pivot": [0.17441, 8.63687, -4],
							"rotation": [0, 0, -22.5],
							"uv": {
								"north": {"uv": [50, 30], "uv_size": [0.25, 0.5]},
								"east": {"uv": [37, 6], "uv_size": [5, 0.5]},
								"south": {"uv": [31, 50], "uv_size": [0.25, 0.5]},
								"west": {"uv": [37, 7], "uv_size": [5, 0.5]},
								"up": {"uv": [14, 42], "uv_size": [0.25, 5]},
								"down": {"uv": [15, 47], "uv_size": [0.25, -5]}
							}
						},
						{
							"origin": [0.91384, 6.56687, -7.75],
							"size": [0.25, 0.5, 5],
							"pivot": [1.03884, 6.81687, -4],
							"rotation": [0, 0, 22.5],
							"uv": {
								"north": {"uv": [50, 31], "uv_size": [0.25, 0.5]},
								"east": {"uv": [37, 12], "uv_size": [5, 0.5]},
								"south": {"uv": [32, 50], "uv_size": [0.25, 0.5]},
								"west": {"uv": [37, 13], "uv_size": [5, 0.5]},
								"up": {"uv": [20, 42], "uv_size": [0.25, 5]},
								"down": {"uv": [21, 47], "uv_size": [0.25, -5]}
							}
						},
						{
							"origin": [-0.92441, 7.63687, -7.75],
							"size": [0.25, 0.5, 5],
							"pivot": [-0.17441, 8.63687, -4],
							"rotation": [0, 0, 22.5],
							"uv": {
								"north": {"uv": [50, 43], "uv_size": [0.25, 0.5]},
								"east": {"uv": [37, 37], "uv_size": [5, 0.5]},
								"south": {"uv": [44, 50], "uv_size": [0.25, 0.5]},
								"west": {"uv": [38, 14], "uv_size": [5, 0.5]},
								"up": {"uv": [42, 36], "uv_size": [0.25, 5]},
								"down": {"uv": [37, 47], "uv_size": [0.25, -5]}
							}
						},
						{
							"origin": [-1.25, 7, -7.75],
							"size": [0.25, 1, 5],
							"uv": {
								"north": {"uv": [1, 49], "uv_size": [0.25, 1]},
								"east": {"uv": [29, 10], "uv_size": [5, 1]},
								"south": {"uv": [2, 49], "uv_size": [0.25, 1]},
								"west": {"uv": [29, 11], "uv_size": [5, 1]},
								"up": {"uv": [35, 42], "uv_size": [0.25, 5]},
								"down": {"uv": [36, 47], "uv_size": [0.25, -5]}
							}
						},
						{
							"origin": [-1.16384, 6.56687, -7.75],
							"size": [0.25, 0.5, 5],
							"pivot": [-1.03884, 6.81687, -4],
							"rotation": [0, 0, -22.5],
							"uv": {
								"north": {"uv": [50, 42], "uv_size": [0.25, 0.5]},
								"east": {"uv": [37, 25], "uv_size": [5, 0.5]},
								"south": {"uv": [43, 50], "uv_size": [0.25, 0.5]},
								"west": {"uv": [32, 37], "uv_size": [5, 0.5]},
								"up": {"uv": [25, 42], "uv_size": [0.25, 5]},
								"down": {"uv": [34, 47], "uv_size": [0.25, -5]}
							}
						},
						{
							"origin": [-1, 7.125, -7.75],
							"size": [2, 0.75, 5],
							"uv": {
								"north": {"uv": [40, 38], "uv_size": [2, 0.75]},
								"east": {"uv": [33, 14], "uv_size": [5, 0.75]},
								"south": {"uv": [40, 39], "uv_size": [2, 0.75]},
								"west": {"uv": [33, 24], "uv_size": [5, 0.75]},
								"up": {"uv": [18, 4], "uv_size": [2, 5]},
								"down": {"uv": [20, 9], "uv_size": [2, -5]}
							}
						},
						{
							"origin": [-0.625, 8.5, -12.75],
							"size": [1.25, 1, 8],
							"uv": {
								"north": {"uv": [32, 41], "uv_size": [1.25, 1]},
								"east": {"uv": [22, 7], "uv_size": [8, 1]},
								"south": {"uv": [34, 41], "uv_size": [1.25, 1]},
								"west": {"uv": [22, 8], "uv_size": [8, 1]},
								"up": {"uv": [8, 20], "uv_size": [1.25, 8]},
								"down": {"uv": [14, 28], "uv_size": [1.25, -8]}
							}
						},
						{
							"origin": [-0.375, 7.75, -12.75],
							"size": [0.75, 0.75, 1],
							"uv": {
								"north": {"uv": [19, 47], "uv_size": [0.75, 0.75]},
								"east": {"uv": [45, 45], "uv_size": [1, 0.75]},
								"south": {"uv": [20, 47], "uv_size": [0.75, 0.75]},
								"west": {"uv": [2, 46], "uv_size": [1, 0.75]},
								"up": {"uv": [46, 4], "uv_size": [0.75, 1]},
								"down": {"uv": [46, 6], "uv_size": [0.75, -1]}
							}
						},
						{
							"origin": [-0.375, 7.0795, -13.23483],
							"size": [0.75, 0.75, 0.25],
							"pivot": [0, 7.4545, -12.48483],
							"rotation": [-45, 0, 0],
							"uv": {
								"north": {"uv": [21, 47], "uv_size": [0.75, 0.75]},
								"east": {"uv": [50, 13], "uv_size": [0.25, 0.75]},
								"south": {"uv": [22, 47], "uv_size": [0.75, 0.75]},
								"west": {"uv": [14, 50], "uv_size": [0.25, 0.75]},
								"up": {"uv": [50, 14], "uv_size": [0.75, 0.25]},
								"down": {"uv": [15, 50.25], "uv_size": [0.75, -0.25]}
							}
						},
						{
							"origin": [-0.625, 9, -4.75],
							"size": [1.25, 0.5, 12.5],
							"uv": {
								"north": {"uv": [40, 46], "uv_size": [1.25, 0.5]},
								"east": {"uv": [24, 4], "uv_size": [12.5, 0.5]},
								"south": {"uv": [46, 40], "uv_size": [1.25, 0.5]},
								"west": {"uv": [24, 5], "uv_size": [12.5, 0.5]},
								"up": {"uv": [12, 12], "uv_size": [1.25, 12.5]},
								"down": {"uv": [10, 25.5], "uv_size": [1.25, -12.5]}
							}
						},
						{
							"origin": [-0.375, 8.5, -4.75],
							"size": [0.75, 0.625, 11.5],
							"uv": {
								"north": {"uv": [47, 17], "uv_size": [0.75, 0.75]},
								"east": {"uv": [18, 9], "uv_size": [11.5, 0.75]},
								"south": {"uv": [47, 18], "uv_size": [0.75, 0.75]},
								"west": {"uv": [22, 6], "uv_size": [11.5, 0.75]},
								"up": {"uv": [19, 20], "uv_size": [0.75, 11.5]},
								"down": {"uv": [22, 27.5], "uv_size": [0.75, -11.5]}
							}
						},
						{
							"origin": [-0.625, 8.5, 2.25],
							"size": [1.25, 0.5, 2],
							"uv": {
								"north": {"uv": [42, 46], "uv_size": [1.25, 0.5]},
								"east": {"uv": [43, 36], "uv_size": [2, 0.5]},
								"south": {"uv": [44, 46], "uv_size": [1.25, 0.5]},
								"west": {"uv": [43, 37], "uv_size": [2, 0.5]},
								"up": {"uv": [37, 2], "uv_size": [1.25, 2]},
								"down": {"uv": [37, 6], "uv_size": [1.25, -2]}
							}
						},
						{
							"origin": [-0.624, 9.13388, 1.96967],
							"size": [1.248, 0.5, 0.75],
							"pivot": [-0.001, 9.38388, 1.71967],
							"rotation": [-45, 0, 0],
							"uv": {
								"east": {"uv": [48, 11], "uv_size": [0.75, 0.5]},
								"west": {"uv": [48, 12], "uv_size": [0.75, 0.5]},
								"down": {"uv": [44, 32.75], "uv_size": [1.25, -0.75]}
							}
						},
						{
							"origin": [-0.625, 8.5, -2.25],
							"size": [1.25, 0.5, 2],
							"uv": {
								"north": {"uv": [0, 47], "uv_size": [1.25, 0.5]},
								"east": {"uv": [43, 41], "uv_size": [2, 0.5]},
								"south": {"uv": [47, 0], "uv_size": [1.25, 0.5]},
								"west": {"uv": [43, 42], "uv_size": [2, 0.5]},
								"up": {"uv": [23, 37], "uv_size": [1.25, 2]},
								"down": {"uv": [30, 39], "uv_size": [1.25, -2]}
							}
						},
						{
							"origin": [-0.624, 9.13388, -2.53033],
							"size": [1.248, 0.5, 0.75],
							"pivot": [-0.001, 9.38388, -2.78033],
							"rotation": [-45, 0, 0],
							"uv": {
								"east": {"uv": [48, 19], "uv_size": [0.75, 0.5]},
								"west": {"uv": [20, 48], "uv_size": [0.75, 0.5]},
								"down": {"uv": [45, 11.75], "uv_size": [1.25, -0.75]}
							}
						},
						{
							"origin": [-0.624, 9.13388, 6.46967],
							"size": [1.248, 0.5, 0.75],
							"pivot": [-0.001, 9.38388, 6.21967],
							"rotation": [-45, 0, 0],
							"uv": {
								"east": {"uv": [16, 48], "uv_size": [0.75, 0.5]},
								"west": {"uv": [48, 16], "uv_size": [0.75, 0.5]},
								"down": {"uv": [42, 44.75], "uv_size": [1.25, -0.75]}
							}
						},
						{
							"origin": [-0.624, 9.13388, 3.78033],
							"size": [1.248, 0.5, 0.75],
							"pivot": [-0.001, 9.38388, 4.78033],
							"rotation": [45, 0, 0],
							"uv": {
								"east": {"uv": [48, 13], "uv_size": [0.75, 0.5]},
								"west": {"uv": [14, 48], "uv_size": [0.75, 0.5]},
								"down": {"uv": [38, 44.75], "uv_size": [1.25, -0.75]}
							}
						},
						{
							"origin": [-0.624, 9.13388, -5.21967],
							"size": [1.248, 0.5, 0.75],
							"pivot": [-0.001, 9.38388, -4.21967],
							"rotation": [45, 0, 0],
							"uv": {
								"east": {"uv": [48, 18], "uv_size": [0.75, 0.5]},
								"west": {"uv": [19, 48], "uv_size": [0.75, 0.5]},
								"down": {"uv": [45, 10.75], "uv_size": [1.25, -0.75]}
							}
						},
						{
							"origin": [-0.624, 9.13388, -0.71967],
							"size": [1.248, 0.5, 0.75],
							"pivot": [-0.001, 9.38388, 0.28033],
							"rotation": [45, 0, 0],
							"uv": {
								"east": {"uv": [48, 14], "uv_size": [0.75, 0.5]},
								"west": {"uv": [15, 48], "uv_size": [0.75, 0.5]},
								"down": {"uv": [40, 44.75], "uv_size": [1.25, -0.75]}
							}
						},
						{
							"origin": [-0.625, 8.5, 6.75],
							"size": [1.25, 0.5, 1],
							"uv": {
								"north": {"uv": [46, 45], "uv_size": [1.25, 0.5]},
								"east": {"uv": [43, 47], "uv_size": [1, 0.5]},
								"south": {"uv": [46, 46], "uv_size": [1.25, 0.5]},
								"west": {"uv": [47, 43], "uv_size": [1, 0.5]},
								"up": {"uv": [42, 7], "uv_size": [1.25, 1]},
								"down": {"uv": [42, 13], "uv_size": [1.25, -1]}
							}
						},
						{
							"origin": [-0.375, 9.5, -12.75],
							"size": [0.75, 0.25, 20.5],
							"uv": {
								"north": {"uv": [49, 11], "uv_size": [0.75, 0.25]},
								"east": {"uv": [26, 18], "uv_size": [20.5, 0.25]},
								"south": {"uv": [49, 12], "uv_size": [0.75, 0.25]},
								"west": {"uv": [27, 19], "uv_size": [20.5, 0.25]},
								"up": {"uv": [0, 14], "uv_size": [0.75, 20.5]},
								"down": {"uv": [1, 34.5], "uv_size": [0.75, -20.5]}
							}
						},
						{
							"origin": [-0.375, 9.75, -5],
							"size": [0.75, 0.25, 12.75],
							"uv": {
								"north": {"uv": [43, 49], "uv_size": [0.75, 0.25]},
								"east": {"uv": [34, 28], "uv_size": [12.75, 0.25]},
								"south": {"uv": [49, 43], "uv_size": [0.75, 0.25]},
								"west": {"uv": [34, 29], "uv_size": [12.75, 0.25]}
							}
						},
						{
							"origin": [-0.5, 10, -5],
							"size": [1, 0, 12.75],
							"uv": {
								"up": {"uv": [16, 16], "uv_size": [1, 12.75]}
							}
						},
						{
							"origin": [-0.35426, 9.64715, -5],
							"size": [0.25, 0, 12.75],
							"pivot": [0.14574, 9.64715, 1.375],
							"rotation": [0, 0, 135],
							"uv": {
								"up": {"uv": [13, 32], "uv_size": [0.25, 12.75]}
							}
						},
						{
							"origin": [0.10426, 9.64715, -5],
							"size": [0.25, 0, 12.75],
							"pivot": [-0.14574, 9.64715, 1.375],
							"rotation": [0, 0, -135],
							"uv": {
								"up": {"uv": [19, 32], "uv_size": [0.25, 12.75]}
							}
						},
						{
							"origin": [-0.375, 10, 7],
							"size": [0.75, 0.125, 0.75],
							"uv": {
								"north": {"uv": [13, 49], "uv_size": [0.75, 0.25]},
								"south": {"uv": [49, 13], "uv_size": [0.75, 0.25]},
								"up": {"uv": [2, 47], "uv_size": [0.75, 0.75]}
							}
						},
						{
							"origin": [-0.15533, 10.16789, 7],
							"size": [0.17678, 0.17678, 0.75],
							"pivot": [-0.15533, 9.59467, -12.75],
							"rotation": [0, 0, 45],
							"uv": {
								"north": {"uv": [10, 51], "uv_size": [0.25, 0.25]},
								"south": {"uv": [51, 10], "uv_size": [0.25, 0.25]},
								"up": {"uv": [14, 49], "uv_size": [0.25, 0.75]}
							}
						},
						{
							"origin": [-0.02145, 10.16789, 7],
							"size": [0.17678, 0.17678, 0.75],
							"pivot": [0.15533, 9.59467, -12.75],
							"rotation": [0, 0, -45],
							"uv": {
								"north": {"uv": [11, 51], "uv_size": [0.25, 0.25]},
								"south": {"uv": [51, 11], "uv_size": [0.25, 0.25]},
								"up": {"uv": [49, 14], "uv_size": [0.25, 0.75]}
							}
						},
						{
							"origin": [-0.15533, 10.16789, 5.5],
							"size": [0.17678, 0.17678, 0.75],
							"pivot": [-0.15533, 9.59467, -14.25],
							"rotation": [0, 0, 45],
							"uv": {
								"north": {"uv": [19, 51], "uv_size": [0.25, 0.25]},
								"south": {"uv": [51, 19], "uv_size": [0.25, 0.25]},
								"up": {"uv": [20, 49], "uv_size": [0.25, 0.75]}
							}
						},
						{
							"origin": [-0.375, 10, 5.5],
							"size": [0.75, 0.125, 0.75],
							"uv": {
								"north": {"uv": [19, 49], "uv_size": [0.75, 0.25]},
								"south": {"uv": [49, 19], "uv_size": [0.75, 0.25]},
								"up": {"uv": [3, 47], "uv_size": [0.75, 0.75]}
							}
						},
						{
							"origin": [-0.02145, 10.16789, 5.5],
							"size": [0.17678, 0.17678, 0.75],
							"pivot": [0.15533, 9.59467, -14.25],
							"rotation": [0, 0, -45],
							"uv": {
								"north": {"uv": [18, 51], "uv_size": [0.25, 0.25]},
								"south": {"uv": [51, 18], "uv_size": [0.25, 0.25]},
								"up": {"uv": [49, 18], "uv_size": [0.25, 0.75]}
							}
						},
						{
							"origin": [-0.375, 10, 6.5],
							"size": [0.75, 0.125, 0.25],
							"uv": {
								"north": {"uv": [15, 49], "uv_size": [0.75, 0.25]},
								"south": {"uv": [49, 15], "uv_size": [0.75, 0.25]},
								"up": {"uv": [16, 49], "uv_size": [0.75, 0.25]}
							}
						},
						{
							"origin": [-0.15533, 10.16789, 6.5],
							"size": [0.17678, 0.17678, 0.25],
							"pivot": [-0.15533, 9.59467, -13.25],
							"rotation": [0, 0, 45],
							"uv": {
								"north": {"uv": [51, 13], "uv_size": [0.25, 0.25]},
								"south": {"uv": [14, 51], "uv_size": [0.25, 0.25]},
								"up": {"uv": [51, 14], "uv_size": [0.25, 0.25]}
							}
						},
						{
							"origin": [-0.02145, 10.16789, 6.5],
							"size": [0.17678, 0.17678, 0.25],
							"pivot": [0.15533, 9.59467, -13.25],
							"rotation": [0, 0, -45],
							"uv": {
								"north": {"uv": [12, 51], "uv_size": [0.25, 0.25]},
								"south": {"uv": [51, 12], "uv_size": [0.25, 0.25]},
								"up": {"uv": [13, 51], "uv_size": [0.25, 0.25]}
							}
						},
						{
							"origin": [-0.375, 10, 5],
							"size": [0.75, 0.125, 0.25],
							"uv": {
								"north": {"uv": [49, 16], "uv_size": [0.75, 0.25]},
								"south": {"uv": [17, 49], "uv_size": [0.75, 0.25]},
								"up": {"uv": [18, 49], "uv_size": [0.75, 0.25]}
							}
						},
						{
							"origin": [-0.15533, 10.16789, 5],
							"size": [0.17678, 0.17678, 0.25],
							"pivot": [-0.15533, 9.59467, -14.75],
							"rotation": [0, 0, 45],
							"uv": {
								"north": {"uv": [51, 16], "uv_size": [0.25, 0.25]},
								"south": {"uv": [17, 51], "uv_size": [0.25, 0.25]},
								"up": {"uv": [51, 17], "uv_size": [0.25, 0.25]}
							}
						},
						{
							"origin": [-0.02145, 10.16789, 5],
							"size": [0.17678, 0.17678, 0.25],
							"pivot": [0.15533, 9.59467, -14.75],
							"rotation": [0, 0, -45],
							"uv": {
								"north": {"uv": [15, 51], "uv_size": [0.25, 0.25]},
								"south": {"uv": [51, 15], "uv_size": [0.25, 0.25]},
								"up": {"uv": [16, 51], "uv_size": [0.25, 0.25]}
							}
						},
						{
							"origin": [-0.15533, 10.16789, 2.5],
							"size": [0.17678, 0.17678, 0.75],
							"pivot": [-0.15533, 9.59467, -17.25],
							"rotation": [0, 0, 45],
							"uv": {
								"north": {"uv": [29, 51], "uv_size": [0.25, 0.25]},
								"south": {"uv": [51, 29], "uv_size": [0.25, 0.25]},
								"up": {"uv": [49, 28], "uv_size": [0.25, 0.75]}
							}
						},
						{
							"origin": [-0.375, 10, 2.5],
							"size": [0.75, 0.125, 0.75],
							"uv": {
								"north": {"uv": [27, 49], "uv_size": [0.75, 0.25]},
								"south": {"uv": [28, 49], "uv_size": [0.75, 0.25]},
								"up": {"uv": [47, 5], "uv_size": [0.75, 0.75]}
							}
						},
						{
							"origin": [-0.02145, 10.16789, 2.5],
							"size": [0.17678, 0.17678, 0.75],
							"pivot": [0.15533, 9.59467, -17.25],
							"rotation": [0, 0, -45],
							"uv": {
								"north": {"uv": [28, 51], "uv_size": [0.25, 0.25]},
								"south": {"uv": [51, 28], "uv_size": [0.25, 0.25]},
								"up": {"uv": [26, 49], "uv_size": [0.25, 0.75]}
							}
						},
						{
							"origin": [-0.15533, 10.16789, 3.5],
							"size": [0.17678, 0.17678, 0.25],
							"pivot": [-0.15533, 9.59467, -16.25],
							"rotation": [0, 0, 45],
							"uv": {
								"north": {"uv": [51, 26], "uv_size": [0.25, 0.25]},
								"south": {"uv": [27, 51], "uv_size": [0.25, 0.25]},
								"up": {"uv": [51, 27], "uv_size": [0.25, 0.25]}
							}
						},
						{
							"origin": [-0.15533, 10.16789, 4],
							"size": [0.17678, 0.17678, 0.75],
							"pivot": [-0.15533, 9.59467, -15.75],
							"rotation": [0, 0, 45],
							"uv": {
								"north": {"uv": [51, 25], "uv_size": [0.25, 0.25]},
								"south": {"uv": [26, 51], "uv_size": [0.25, 0.25]},
								"up": {"uv": [49, 25], "uv_size": [0.25, 0.75]}
							}
						},
						{
							"origin": [-0.375, 10, 4],
							"size": [0.75, 0.125, 0.75],
							"uv": {
								"north": {"uv": [49, 24], "uv_size": [0.75, 0.25]},
								"south": {"uv": [25, 49], "uv_size": [0.75, 0.25]},
								"up": {"uv": [47, 4], "uv_size": [0.75, 0.75]}
							}
						},
						{
							"origin": [-0.02145, 10.16789, 4],
							"size": [0.17678, 0.17678, 0.75],
							"pivot": [0.15533, 9.59467, -15.75],
							"rotation": [0, 0, -45],
							"uv": {
								"north": {"uv": [51, 24], "uv_size": [0.25, 0.25]},
								"south": {"uv": [25, 51], "uv_size": [0.25, 0.25]},
								"up": {"uv": [24, 49], "uv_size": [0.25, 0.75]}
							}
						},
						{
							"origin": [-0.375, 10, 3.5],
							"size": [0.75, 0.125, 0.25],
							"uv": {
								"north": {"uv": [49, 22], "uv_size": [0.75, 0.25]},
								"south": {"uv": [23, 49], "uv_size": [0.75, 0.25]},
								"up": {"uv": [49, 23], "uv_size": [0.75, 0.25]}
							}
						},
						{
							"origin": [-0.375, 10, 2],
							"size": [0.75, 0.125, 0.25],
							"uv": {
								"north": {"uv": [21, 49], "uv_size": [0.75, 0.25]},
								"south": {"uv": [49, 21], "uv_size": [0.75, 0.25]},
								"up": {"uv": [22, 49], "uv_size": [0.75, 0.25]}
							}
						},
						{
							"origin": [-0.15533, 10.16789, 2],
							"size": [0.17678, 0.17678, 0.25],
							"pivot": [-0.15533, 9.59467, -17.75],
							"rotation": [0, 0, 45],
							"uv": {
								"north": {"uv": [23, 51], "uv_size": [0.25, 0.25]},
								"south": {"uv": [51, 23], "uv_size": [0.25, 0.25]},
								"up": {"uv": [24, 51], "uv_size": [0.25, 0.25]}
							}
						},
						{
							"origin": [-0.02145, 10.16789, 2],
							"size": [0.17678, 0.17678, 0.25],
							"pivot": [0.15533, 9.59467, -17.75],
							"rotation": [0, 0, -45],
							"uv": {
								"north": {"uv": [51, 21], "uv_size": [0.25, 0.25]},
								"south": {"uv": [22, 51], "uv_size": [0.25, 0.25]},
								"up": {"uv": [51, 22], "uv_size": [0.25, 0.25]}
							}
						},
						{
							"origin": [-0.02145, 10.16789, 3.5],
							"size": [0.17678, 0.17678, 0.25],
							"pivot": [0.15533, 9.59467, -16.25],
							"rotation": [0, 0, -45],
							"uv": {
								"north": {"uv": [20, 51], "uv_size": [0.25, 0.25]},
								"south": {"uv": [51, 20], "uv_size": [0.25, 0.25]},
								"up": {"uv": [21, 51], "uv_size": [0.25, 0.25]}
							}
						},
						{
							"origin": [-0.15533, 10.16789, -0.5],
							"size": [0.17678, 0.17678, 0.75],
							"pivot": [-0.15533, 9.59467, -20.25],
							"rotation": [0, 0, 45],
							"uv": {
								"north": {"uv": [39, 51], "uv_size": [0.25, 0.25]},
								"south": {"uv": [51, 39], "uv_size": [0.25, 0.25]},
								"up": {"uv": [49, 35], "uv_size": [0.25, 0.75]}
							}
						},
						{
							"origin": [-0.375, 10, -0.5],
							"size": [0.75, 0.125, 0.75],
							"uv": {
								"north": {"uv": [49, 34], "uv_size": [0.75, 0.25]},
								"south": {"uv": [35, 49], "uv_size": [0.75, 0.25]},
								"up": {"uv": [47, 10], "uv_size": [0.75, 0.75]}
							}
						},
						{
							"origin": [-0.02145, 10.16789, -0.5],
							"size": [0.17678, 0.17678, 0.75],
							"pivot": [0.15533, 9.59467, -20.25],
							"rotation": [0, 0, -45],
							"uv": {
								"north": {"uv": [38, 51], "uv_size": [0.25, 0.25]},
								"south": {"uv": [51, 38], "uv_size": [0.25, 0.25]},
								"up": {"uv": [34, 49], "uv_size": [0.25, 0.75]}
							}
						},
						{
							"origin": [-0.15533, 10.16789, 0.5],
							"size": [0.17678, 0.17678, 0.25],
							"pivot": [-0.15533, 9.59467, -19.25],
							"rotation": [0, 0, 45],
							"uv": {
								"north": {"uv": [51, 36], "uv_size": [0.25, 0.25]},
								"south": {"uv": [37, 51], "uv_size": [0.25, 0.25]},
								"up": {"uv": [51, 37], "uv_size": [0.25, 0.25]}
							}
						},
						{
							"origin": [-0.15533, 10.16789, 1],
							"size": [0.17678, 0.17678, 0.75],
							"pivot": [-0.15533, 9.59467, -18.75],
							"rotation": [0, 0, 45],
							"uv": {
								"north": {"uv": [51, 35], "uv_size": [0.25, 0.25]},
								"south": {"uv": [36, 51], "uv_size": [0.25, 0.25]},
								"up": {"uv": [49, 33], "uv_size": [0.25, 0.75]}
							}
						},
						{
							"origin": [-0.375, 10, 1],
							"size": [0.75, 0.125, 0.75],
							"uv": {
								"north": {"uv": [49, 32], "uv_size": [0.75, 0.25]},
								"south": {"uv": [33, 49], "uv_size": [0.75, 0.25]},
								"up": {"uv": [10, 47], "uv_size": [0.75, 0.75]}
							}
						},
						{
							"origin": [-0.02145, 10.16789, 1],
							"size": [0.17678, 0.17678, 0.75],
							"pivot": [0.15533, 9.59467, -18.75],
							"rotation": [0, 0, -45],
							"uv": {
								"north": {"uv": [51, 34], "uv_size": [0.25, 0.25]},
								"south": {"uv": [35, 51], "uv_size": [0.25, 0.25]},
								"up": {"uv": [32, 49], "uv_size": [0.25, 0.75]}
							}
						},
						{
							"origin": [-0.375, 10, 0.5],
							"size": [0.75, 0.125, 0.25],
							"uv": {
								"north": {"uv": [49, 30], "uv_size": [0.75, 0.25]},
								"south": {"uv": [31, 49], "uv_size": [0.75, 0.25]},
								"up": {"uv": [49, 31], "uv_size": [0.75, 0.25]}
							}
						},
						{
							"origin": [-0.375, 10, -1],
							"size": [0.75, 0.125, 0.25],
							"uv": {
								"north": {"uv": [29, 49], "uv_size": [0.75, 0.25]},
								"south": {"uv": [49, 29], "uv_size": [0.75, 0.25]},
								"up": {"uv": [30, 49], "uv_size": [0.75, 0.25]}
							}
						},
						{
							"origin": [-0.15533, 10.16789, -1],
							"size": [0.17678, 0.17678, 0.25],
							"pivot": [-0.15533, 9.59467, -20.75],
							"rotation": [0, 0, 45],
							"uv": {
								"north": {"uv": [33, 51], "uv_size": [0.25, 0.25]},
								"south": {"uv": [51, 33], "uv_size": [0.25, 0.25]},
								"up": {"uv": [34, 51], "uv_size": [0.25, 0.25]}
							}
						},
						{
							"origin": [-0.02145, 10.16789, -1],
							"size": [0.17678, 0.17678, 0.25],
							"pivot": [0.15533, 9.59467, -20.75],
							"rotation": [0, 0, -45],
							"uv": {
								"north": {"uv": [51, 31], "uv_size": [0.25, 0.25]},
								"south": {"uv": [32, 51], "uv_size": [0.25, 0.25]},
								"up": {"uv": [51, 32], "uv_size": [0.25, 0.25]}
							}
						},
						{
							"origin": [-0.02145, 10.16789, 0.5],
							"size": [0.17678, 0.17678, 0.25],
							"pivot": [0.15533, 9.59467, -19.25],
							"rotation": [0, 0, -45],
							"uv": {
								"north": {"uv": [30, 51], "uv_size": [0.25, 0.25]},
								"south": {"uv": [51, 30], "uv_size": [0.25, 0.25]},
								"up": {"uv": [31, 51], "uv_size": [0.25, 0.25]}
							}
						},
						{
							"origin": [-0.15533, 10.16789, -3.5],
							"size": [0.17678, 0.17678, 0.75],
							"pivot": [-0.15533, 9.59467, -23.25],
							"rotation": [0, 0, 45],
							"uv": {
								"north": {"uv": [49, 51], "uv_size": [0.25, 0.25]},
								"south": {"uv": [51, 49], "uv_size": [0.25, 0.25]},
								"up": {"uv": [49, 42], "uv_size": [0.25, 0.75]}
							}
						},
						{
							"origin": [-0.375, 10, -3.5],
							"size": [0.75, 0.125, 0.75],
							"uv": {
								"north": {"uv": [49, 41], "uv_size": [0.75, 0.25]},
								"south": {"uv": [42, 49], "uv_size": [0.75, 0.25]},
								"up": {"uv": [47, 11], "uv_size": [0.75, 0.75]}
							}
						},
						{
							"origin": [-0.02145, 10.16789, -3.5],
							"size": [0.17678, 0.17678, 0.75],
							"pivot": [0.15533, 9.59467, -23.25],
							"rotation": [0, 0, -45],
							"uv": {
								"north": {"uv": [48, 51], "uv_size": [0.25, 0.25]},
								"south": {"uv": [51, 48], "uv_size": [0.25, 0.25]},
								"up": {"uv": [41, 49], "uv_size": [0.25, 0.75]}
							}
						},
						{
							"origin": [-0.15533, 10.16789, -5],
							"size": [0.17678, 0.17678, 0.75],
							"pivot": [-0.15533, 9.59467, -24.75],
							"rotation": [0, 0, 45],
							"uv": {
								"north": {"uv": [51, 51], "uv_size": [0.25, 0.25]},
								"south": {"uv": [0, 52], "uv_size": [0.25, 0.25]},
								"up": {"uv": [49, 45], "uv_size": [0.25, 0.75]}
							}
						},
						{
							"origin": [-0.375, 10, -5],
							"size": [0.75, 0.125, 0.75],
							"uv": {
								"north": {"uv": [49, 44], "uv_size": [0.75, 0.25]},
								"south": {"uv": [45, 49], "uv_size": [0.75, 0.25]},
								"up": {"uv": [47, 13], "uv_size": [0.75, 0.75]}
							}
						},
						{
							"origin": [-0.02145, 10.16789, -5],
							"size": [0.17678, 0.17678, 0.75],
							"pivot": [0.15533, 9.59467, -24.75],
							"rotation": [0, 0, -45],
							"uv": {
								"north": {"uv": [50, 51], "uv_size": [0.25, 0.25]},
								"south": {"uv": [51, 50], "uv_size": [0.25, 0.25]},
								"up": {"uv": [44, 49], "uv_size": [0.25, 0.75]}
							}
						},
						{
							"origin": [-0.15533, 10.16789, -2.5],
							"size": [0.17678, 0.17678, 0.25],
							"pivot": [-0.15533, 9.59467, -22.25],
							"rotation": [0, 0, 45],
							"uv": {
								"north": {"uv": [51, 46], "uv_size": [0.25, 0.25]},
								"south": {"uv": [47, 51], "uv_size": [0.25, 0.25]},
								"up": {"uv": [51, 47], "uv_size": [0.25, 0.25]}
							}
						},
						{
							"origin": [-0.15533, 10.16789, -2],
							"size": [0.17678, 0.17678, 0.75],
							"pivot": [-0.15533, 9.59467, -21.75],
							"rotation": [0, 0, 45],
							"uv": {
								"north": {"uv": [51, 45], "uv_size": [0.25, 0.25]},
								"south": {"uv": [46, 51], "uv_size": [0.25, 0.25]},
								"up": {"uv": [49, 40], "uv_size": [0.25, 0.75]}
							}
						},
						{
							"origin": [-0.375, 10, -2],
							"size": [0.75, 0.125, 0.75],
							"uv": {
								"north": {"uv": [49, 39], "uv_size": [0.75, 0.25]},
								"south": {"uv": [40, 49], "uv_size": [0.75, 0.25]},
								"up": {"uv": [11, 47], "uv_size": [0.75, 0.75]}
							}
						},
						{
							"origin": [-0.02145, 10.16789, -2],
							"size": [0.17678, 0.17678, 0.75],
							"pivot": [0.15533, 9.59467, -21.75],
							"rotation": [0, 0, -45],
							"uv": {
								"north": {"uv": [51, 44], "uv_size": [0.25, 0.25]},
								"south": {"uv": [45, 51], "uv_size": [0.25, 0.25]},
								"up": {"uv": [39, 49], "uv_size": [0.25, 0.75]}
							}
						},
						{
							"origin": [-0.375, 10, -2.5],
							"size": [0.75, 0.125, 0.25],
							"uv": {
								"north": {"uv": [49, 37], "uv_size": [0.75, 0.25]},
								"south": {"uv": [38, 49], "uv_size": [0.75, 0.25]},
								"up": {"uv": [49, 38], "uv_size": [0.75, 0.25]}
							}
						},
						{
							"origin": [-0.375, 10, -4],
							"size": [0.75, 0.125, 0.25],
							"uv": {
								"north": {"uv": [36, 49], "uv_size": [0.75, 0.25]},
								"south": {"uv": [49, 36], "uv_size": [0.75, 0.25]},
								"up": {"uv": [37, 49], "uv_size": [0.75, 0.25]}
							}
						},
						{
							"origin": [-0.15533, 10.16789, -4],
							"size": [0.17678, 0.17678, 0.25],
							"pivot": [-0.15533, 9.59467, -23.75],
							"rotation": [0, 0, 45],
							"uv": {
								"north": {"uv": [43, 51], "uv_size": [0.25, 0.25]},
								"south": {"uv": [51, 43], "uv_size": [0.25, 0.25]},
								"up": {"uv": [44, 51], "uv_size": [0.25, 0.25]}
							}
						},
						{
							"origin": [-0.02145, 10.16789, -4],
							"size": [0.17678, 0.17678, 0.25],
							"pivot": [0.15533, 9.59467, -23.75],
							"rotation": [0, 0, -45],
							"uv": {
								"north": {"uv": [51, 41], "uv_size": [0.25, 0.25]},
								"south": {"uv": [42, 51], "uv_size": [0.25, 0.25]},
								"up": {"uv": [51, 42], "uv_size": [0.25, 0.25]}
							}
						},
						{
							"origin": [-0.02145, 10.16789, -2.5],
							"size": [0.17678, 0.17678, 0.25],
							"pivot": [0.15533, 9.59467, -22.25],
							"rotation": [0, 0, -45],
							"uv": {
								"north": {"uv": [40, 51], "uv_size": [0.25, 0.25]},
								"south": {"uv": [51, 40], "uv_size": [0.25, 0.25]},
								"up": {"uv": [41, 51], "uv_size": [0.25, 0.25]}
							}
						},
						{
							"origin": [0.02145, 9.18934, -12.75],
							"size": [0.35355, 0.25, 20.5],
							"pivot": [-0.375, 8.68934, -12.75],
							"rotation": [0, 0, -45],
							"uv": {
								"north": {"uv": [4, 51], "uv_size": [0.25, 0.25]},
								"east": {"uv": [27, 20], "uv_size": [20.5, 0.25]},
								"south": {"uv": [51, 4], "uv_size": [0.25, 0.25]},
								"west": {"uv": [27, 21], "uv_size": [20.5, 0.25]},
								"up": {"uv": [6, 27], "uv_size": [0.25, 20.5]},
								"down": {"uv": [7, 47.5], "uv_size": [0.25, -20.5]}
							}
						},
						{
							"origin": [-0.375, 9.18934, -12.75],
							"size": [0.35355, 0.25, 20.5],
							"pivot": [0.375, 8.68934, -12.75],
							"rotation": [0, 0, 45],
							"uv": {
								"north": {"uv": [5, 51], "uv_size": [0.25, 0.25]},
								"east": {"uv": [27, 22], "uv_size": [20.5, 0.25]},
								"south": {"uv": [51, 5], "uv_size": [0.25, 0.25]},
								"west": {"uv": [27, 23], "uv_size": [20.5, 0.25]},
								"up": {"uv": [17, 27], "uv_size": [0.25, 20.5]},
								"down": {"uv": [18, 47.5], "uv_size": [0.25, -20.5]}
							}
						},
						{
							"origin": [-0.624, 12.38444, -13.72158],
							"size": [1.248, 0.92388, 0.38268],
							"pivot": [-0.001, 12.88444, -3.47158],
							"rotation": [22.5, 0, 0],
							"uv": {
								"north": {"uv": [41, 41], "uv_size": [1.25, 1]},
								"east": {"uv": [34, 47], "uv_size": [0.5, 1]},
								"south": {"uv": [42, 6], "uv_size": [1.25, 1]},
								"west": {"uv": [35, 47], "uv_size": [0.5, 1]},
								"up": {"uv": [38, 46], "uv_size": [1.25, 0.5]},
								"down": {"uv": [46, 39.5], "uv_size": [1.25, -0.5]}
							}
						},
						{
							"origin": [-0.624, 1.3986, 4.39429],
							"size": [1.248, 1, 1.5],
							"pivot": [-0.126, 1.8986, 14.64429],
							"rotation": [-45, 0, 0],
							"uv": {
								"north": {"uv": [37, 41], "uv_size": [1.25, 1]},
								"east": {"uv": [40, 36], "uv_size": [1.5, 1]},
								"south": {"uv": [39, 41], "uv_size": [1.25, 1]},
								"west": {"uv": [38, 40], "uv_size": [1.5, 1]},
								"up": {"uv": [39, 4], "uv_size": [1.25, 1.5]},
								"down": {"uv": [14, 40.5], "uv_size": [1.25, -1.5]}
							}
						},
						{
							"origin": [-0.999, 4.1276, 0.83839],
							"size": [1.998, 0.75, 1.5],
							"pivot": [-0.001, 5.2526, 1.33839],
							"rotation": [-45, 0, 0],
							"uv": {
								"north": {"uv": [23, 40], "uv_size": [2, 0.75]},
								"east": {"uv": [41, 42], "uv_size": [1.5, 0.75]},
								"south": {"uv": [30, 40], "uv_size": [2, 0.75]},
								"west": {"uv": [43, 2], "uv_size": [1.5, 0.75]},
								"up": {"uv": [25, 34], "uv_size": [2, 1.5]},
								"down": {"uv": [27, 35.5], "uv_size": [2, -1.5]}
							}
						},
						{
							"origin": [-0.375, 7.46967, -16.75],
							"size": [0.125, 0.31066, 10],
							"uv": {
								"north": {"uv": [3, 51], "uv_size": [0.25, 0.25]},
								"east": {"uv": [36, 31], "uv_size": [10, 0.25]},
								"south": {"uv": [51, 3], "uv_size": [0.25, 0.25]},
								"west": {"uv": [36, 33], "uv_size": [10, 0.25]}
							}
						},
						{
							"origin": [-0.375, 7.46967, -16.75],
							"size": [0.125, 0.31066, 10],
							"pivot": [0, 7.625, -8.75],
							"rotation": [0, 0, 45],
							"uv": {
								"north": {"uv": [2, 51], "uv_size": [0.25, 0.25]},
								"east": {"uv": [30, 36], "uv_size": [10, 0.25]},
								"south": {"uv": [51, 2], "uv_size": [0.25, 0.25]},
								"west": {"uv": [36, 30], "uv_size": [10, 0.25]}
							}
						},
						{
							"origin": [-0.15533, 7.875, -16.75],
							"size": [0.31066, 0.125, 10],
							"uv": {
								"north": {"uv": [1, 51], "uv_size": [0.25, 0.25]},
								"south": {"uv": [51, 1], "uv_size": [0.25, 0.25]},
								"up": {"uv": [28, 36], "uv_size": [0.25, 10]},
								"down": {"uv": [29, 46], "uv_size": [0.25, -10]}
							}
						},
						{
							"origin": [-0.15533, 7.25, -16.75],
							"size": [0.31066, 0.125, 10],
							"pivot": [0, 7.625, -8.75],
							"rotation": [0, 0, 45],
							"uv": {
								"north": {"uv": [0, 51], "uv_size": [0.25, 0.25]},
								"south": {"uv": [51, 0], "uv_size": [0.25, 0.25]},
								"up": {"uv": [26, 36], "uv_size": [0.25, 10]},
								"down": {"uv": [27, 46], "uv_size": [0.25, -10]}
							}
						},
						{
							"origin": [-0.15533, 7.25, -16.75],
							"size": [0.31066, 0.125, 10],
							"pivot": [0, 7.625, -8.75],
							"rotation": [0, 0, -135],
							"uv": {
								"north": {"uv": [9, 51], "uv_size": [0.25, 0.25]},
								"south": {"uv": [51, 9], "uv_size": [0.25, 0.25]},
								"up": {"uv": [3, 37], "uv_size": [0.25, 10]},
								"down": {"uv": [10, 47], "uv_size": [0.25, -10]}
							}
						},
						{
							"origin": [-0.375, 7.46967, -16.75],
							"size": [0.125, 0.31066, 10],
							"pivot": [0, 7.625, -8.75],
							"rotation": [0, 0, -180],
							"uv": {
								"north": {"uv": [8, 51], "uv_size": [0.25, 0.25]},
								"east": {"uv": [37, 0], "uv_size": [10, 0.25]},
								"south": {"uv": [51, 8], "uv_size": [0.25, 0.25]},
								"west": {"uv": [37, 1], "uv_size": [10, 0.25]}
							}
						},
						{
							"origin": [-0.375, 7.46967, -16.75],
							"size": [0.125, 0.31066, 10],
							"pivot": [0, 7.625, -8.75],
							"rotation": [0, 0, -135],
							"uv": {
								"north": {"uv": [7, 51], "uv_size": [0.25, 0.25]},
								"east": {"uv": [36, 34], "uv_size": [10, 0.25]},
								"south": {"uv": [51, 7], "uv_size": [0.25, 0.25]},
								"west": {"uv": [36, 35], "uv_size": [10, 0.25]}
							}
						},
						{
							"origin": [-0.15533, 7.875, -16.75],
							"size": [0.31066, 0.125, 10],
							"pivot": [0, 7.625, -8.75],
							"rotation": [0, 0, -180],
							"uv": {
								"north": {"uv": [6, 51], "uv_size": [0.25, 0.25]},
								"south": {"uv": [51, 6], "uv_size": [0.25, 0.25]},
								"up": {"uv": [0, 37], "uv_size": [0.25, 10]},
								"down": {"uv": [1, 47], "uv_size": [0.25, -10]}
							}
						},
						{
							"origin": [-0.1864, 7.175, -13.75],
							"size": [0.37279, 0.9, 2],
							"pivot": [0, 7.625, -11.75],
							"rotation": [0, 0, 45],
							"uv": {
								"north": {"uv": [33, 48], "uv_size": [0.25, 1]},
								"south": {"uv": [48, 33], "uv_size": [0.25, 1]},
								"up": {"uv": [47, 41], "uv_size": [0.25, 2]},
								"down": {"uv": [42, 49], "uv_size": [0.25, -2]}
							}
						},
						{
							"origin": [-0.1864, 7.175, -13.75],
							"size": [0.37279, 0.9, 2],
							"uv": {
								"north": {"uv": [32, 48], "uv_size": [0.25, 1]},
								"south": {"uv": [48, 32], "uv_size": [0.25, 1]},
								"up": {"uv": [40, 47], "uv_size": [0.25, 2]},
								"down": {"uv": [41, 49], "uv_size": [0.25, -2]}
							}
						},
						{
							"origin": [-0.45, 7.4386, -13.75],
							"size": [0.9, 0.37279, 2],
							"pivot": [0, 7.625, -11.75],
							"rotation": [0, 0, 45],
							"uv": {
								"north": {"uv": [31, 48], "uv_size": [1, 0.25]},
								"east": {"uv": [47, 37], "uv_size": [2, 0.25]},
								"south": {"uv": [48, 31], "uv_size": [1, 0.25]},
								"west": {"uv": [38, 47], "uv_size": [2, 0.25]}
							}
						},
						{
							"origin": [-0.45, 7.4386, -13.75],
							"size": [0.9, 0.37279, 2],
							"uv": {
								"north": {"uv": [48, 29], "uv_size": [1, 0.25]},
								"east": {"uv": [36, 47], "uv_size": [2, 0.25]},
								"south": {"uv": [48, 30], "uv_size": [1, 0.25]},
								"west": {"uv": [47, 36], "uv_size": [2, 0.25]}
							}
						},
						{
							"origin": [-0.45, 7.4386, -10.5],
							"size": [0.9, 0.37279, 0.5],
							"pivot": [0, 7.625, -10],
							"rotation": [0, 0, 45],
							"uv": {
								"north": {"uv": [48, 42], "uv_size": [1, 0.25]},
								"east": {"uv": [50, 35], "uv_size": [0.5, 0.25]},
								"south": {"uv": [43, 48], "uv_size": [1, 0.25]},
								"west": {"uv": [36, 50], "uv_size": [0.5, 0.25]}
							}
						},
						{
							"origin": [-0.45, 7.4386, -10.5],
							"size": [0.9, 0.37279, 0.5],
							"uv": {
								"north": {"uv": [48, 40], "uv_size": [1, 0.25]},
								"east": {"uv": [50, 34], "uv_size": [0.5, 0.25]},
								"south": {"uv": [48, 41], "uv_size": [1, 0.25]},
								"west": {"uv": [35, 50], "uv_size": [0.5, 0.25]}
							}
						},
						{
							"origin": [-0.1864, 7.175, -10.5],
							"size": [0.37279, 0.9, 0.5],
							"pivot": [0, 7.625, -10],
							"rotation": [0, 0, 45],
							"uv": {
								"north": {"uv": [39, 48], "uv_size": [0.25, 1]},
								"south": {"uv": [48, 39], "uv_size": [0.25, 1]},
								"up": {"uv": [50, 33], "uv_size": [0.25, 0.5]},
								"down": {"uv": [34, 50.5], "uv_size": [0.25, -0.5]}
							}
						},
						{
							"origin": [-0.1864, 7.175, -10.5],
							"size": [0.37279, 0.9, 0.5],
							"uv": {
								"north": {"uv": [38, 48], "uv_size": [0.25, 1]},
								"south": {"uv": [48, 38], "uv_size": [0.25, 1]},
								"up": {"uv": [50, 32], "uv_size": [0.25, 0.5]},
								"down": {"uv": [33, 50.5], "uv_size": [0.25, -0.5]}
							}
						},
						{
							"origin": [-0.375, 7.0614, -13.75],
							"size": [0.75, 0.3125, 3.75],
							"uv": {
								"north": {"uv": [50, 15], "uv_size": [0.75, 0.25]},
								"east": {"uv": [44, 44], "uv_size": [3.75, 0.25]},
								"south": {"uv": [16, 50], "uv_size": [0.75, 0.25]},
								"west": {"uv": [45, 2], "uv_size": [3.75, 0.25]},
								"up": {"uv": [2, 35], "uv_size": [0.75, 3.75]}
							}
						},
						{
							"origin": [-0.5, 7.0614, -13.75],
							"size": [1, 0, 3.75],
							"uv": {
								"down": {"uv": [21, 3.75], "uv_size": [1, -3.75]}
							}
						},
						{
							"origin": [-0.78033, 7.59173, -13.75],
							"size": [0.25, 0, 3.75],
							"pivot": [-0.03033, 7.59173, -11.875],
							"rotation": [0, 0, -135],
							"uv": {
								"down": {"uv": [33, 47.75], "uv_size": [0.25, -3.75]}
							}
						},
						{
							"origin": [0.53033, 7.59173, -13.75],
							"size": [0.25, 0, 3.75],
							"pivot": [0.03033, 7.59173, -11.875],
							"rotation": [0, 0, 135],
							"uv": {
								"down": {"uv": [45, 7.75], "uv_size": [0.25, -3.75]}
							}
						},
						{
							"origin": [-0.375, 6.9364, -13.75],
							"size": [0.75, 0.125, 0.75],
							"uv": {
								"north": {"uv": [50, 16], "uv_size": [0.75, 0.25]},
								"south": {"uv": [17, 50], "uv_size": [0.75, 0.25]},
								"down": {"uv": [23, 47.75], "uv_size": [0.75, -0.75]}
							}
						},
						{
							"origin": [0.15481, 7.21798, -13.75],
							"size": [0.17678, 0.17678, 0.75],
							"pivot": [0.60481, 7.34298, -11.75],
							"rotation": [0, 0, -45],
							"uv": {
								"north": {"uv": [52, 24], "uv_size": [0.25, 0.25]},
								"south": {"uv": [25, 52], "uv_size": [0.25, 0.25]},
								"down": {"uv": [50, 17.75], "uv_size": [0.25, -0.75]}
							}
						},
						{
							"origin": [-0.33159, 7.21798, -13.75],
							"size": [0.17678, 0.17678, 0.75],
							"pivot": [-0.60481, 7.34298, -11.75],
							"rotation": [0, 0, 45],
							"uv": {
								"north": {"uv": [52, 25], "uv_size": [0.25, 0.25]},
								"south": {"uv": [26, 52], "uv_size": [0.25, 0.25]},
								"down": {"uv": [18, 50.75], "uv_size": [0.25, -0.75]}
							}
						},
						{
							"origin": [0.15481, 7.21798, -12.75],
							"size": [0.17678, 0.17678, 0.25],
							"pivot": [0.60481, 7.34298, -10.75],
							"rotation": [0, 0, -45],
							"uv": {
								"north": {"uv": [28, 52], "uv_size": [0.25, 0.25]},
								"south": {"uv": [52, 28], "uv_size": [0.25, 0.25]},
								"down": {"uv": [29, 52.25], "uv_size": [0.25, -0.25]}
							}
						},
						{
							"origin": [-0.375, 6.9364, -12.75],
							"size": [0.75, 0.125, 0.25],
							"uv": {
								"north": {"uv": [50, 18], "uv_size": [0.75, 0.25]},
								"south": {"uv": [19, 50], "uv_size": [0.75, 0.25]},
								"down": {"uv": [50, 19.25], "uv_size": [0.75, -0.25]}
							}
						},
						{
							"origin": [-0.33159, 7.21798, -12.75],
							"size": [0.17678, 0.17678, 0.25],
							"pivot": [-0.60481, 7.34298, -10.75],
							"rotation": [0, 0, 45],
							"uv": {
								"north": {"uv": [52, 26], "uv_size": [0.25, 0.25]},
								"south": {"uv": [27, 52], "uv_size": [0.25, 0.25]},
								"down": {"uv": [52, 27.25], "uv_size": [0.25, -0.25]}
							}
						},
						{
							"origin": [0.15481, 7.21798, -11.25],
							"size": [0.17678, 0.17678, 0.25],
							"pivot": [0.60481, 7.34298, -9.25],
							"rotation": [0, 0, -45],
							"uv": {
								"north": {"uv": [33, 52], "uv_size": [0.25, 0.25]},
								"south": {"uv": [52, 33], "uv_size": [0.25, 0.25]},
								"down": {"uv": [34, 52.25], "uv_size": [0.25, -0.25]}
							}
						},
						{
							"origin": [-0.375, 6.9364, -11.25],
							"size": [0.75, 0.125, 0.25],
							"uv": {
								"north": {"uv": [22, 50], "uv_size": [0.75, 0.25]},
								"south": {"uv": [50, 22], "uv_size": [0.75, 0.25]},
								"down": {"uv": [23, 50.25], "uv_size": [0.75, -0.25]}
							}
						},
						{
							"origin": [-0.33159, 7.21798, -11.25],
							"size": [0.17678, 0.17678, 0.25],
							"pivot": [-0.60481, 7.34298, -9.25],
							"rotation": [0, 0, 45],
							"uv": {
								"north": {"uv": [52, 31], "uv_size": [0.25, 0.25]},
								"south": {"uv": [32, 52], "uv_size": [0.25, 0.25]},
								"down": {"uv": [52, 32.25], "uv_size": [0.25, -0.25]}
							}
						},
						{
							"origin": [-0.33159, 7.21798, -12.25],
							"size": [0.17678, 0.17678, 0.75],
							"pivot": [-0.60481, 7.34298, -10.25],
							"rotation": [0, 0, 45],
							"uv": {
								"north": {"uv": [52, 30], "uv_size": [0.25, 0.25]},
								"south": {"uv": [31, 52], "uv_size": [0.25, 0.25]},
								"down": {"uv": [50, 21.75], "uv_size": [0.25, -0.75]}
							}
						},
						{
							"origin": [-0.375, 6.9364, -12.25],
							"size": [0.75, 0.125, 0.75],
							"uv": {
								"north": {"uv": [50, 20], "uv_size": [0.75, 0.25]},
								"south": {"uv": [21, 50], "uv_size": [0.75, 0.25]},
								"down": {"uv": [24, 47.75], "uv_size": [0.75, -0.75]}
							}
						},
						{
							"origin": [0.15481, 7.21798, -12.25],
							"size": [0.17678, 0.17678, 0.75],
							"pivot": [0.60481, 7.34298, -10.25],
							"rotation": [0, 0, -45],
							"uv": {
								"north": {"uv": [52, 29], "uv_size": [0.25, 0.25]},
								"south": {"uv": [30, 52], "uv_size": [0.25, 0.25]},
								"down": {"uv": [20, 50.75], "uv_size": [0.25, -0.75]}
							}
						},
						{
							"origin": [0.15481, 7.21798, -10.75],
							"size": [0.17678, 0.17678, 0.75],
							"pivot": [0.60481, 7.34298, -8.75],
							"rotation": [0, 0, -45],
							"uv": {
								"north": {"uv": [52, 35], "uv_size": [0.25, 0.25]},
								"south": {"uv": [36, 52], "uv_size": [0.25, 0.25]},
								"down": {"uv": [25, 50.75], "uv_size": [0.25, -0.75]}
							}
						},
						{
							"origin": [-0.375, 6.9364, -10.75],
							"size": [0.75, 0.125, 0.75],
							"uv": {
								"north": {"uv": [24, 50], "uv_size": [0.75, 0.25]},
								"south": {"uv": [50, 24], "uv_size": [0.75, 0.25]},
								"down": {"uv": [47, 24.75], "uv_size": [0.75, -0.75]}
							}
						},
						{
							"origin": [-0.33159, 7.21798, -10.75],
							"size": [0.17678, 0.17678, 0.75],
							"pivot": [-0.60481, 7.34298, -8.75],
							"rotation": [0, 0, 45],
							"uv": {
								"north": {"uv": [52, 34], "uv_size": [0.25, 0.25]},
								"south": {"uv": [35, 52], "uv_size": [0.25, 0.25]},
								"down": {"uv": [50, 23.75], "uv_size": [0.25, -0.75]}
							}
						},
						{
							"origin": [0.75, 7, -1.25],
							"size": [0.25, 1, 3.5],
							"uv": {
								"north": {"uv": [48, 43], "uv_size": [0.25, 1]},
								"east": {"uv": [25, 33], "uv_size": [3.5, 1]},
								"south": {"uv": [44, 48], "uv_size": [0.25, 1]},
								"west": {"uv": [33, 25], "uv_size": [3.5, 1]},
								"up": {"uv": [9, 45], "uv_size": [0.25, 3.5]},
								"down": {"uv": [13, 48.5], "uv_size": [0.25, -3.5]}
							}
						},
						{
							"origin": [0.75, 6.75, -1.25],
							"size": [0.25, 0.25, 4],
							"uv": {
								"north": {"uv": [52, 36], "uv_size": [0.25, 0.25]},
								"east": {"uv": [43, 43], "uv_size": [4, 0.25]},
								"south": {"uv": [37, 52], "uv_size": [0.25, 0.25]},
								"west": {"uv": [44, 3], "uv_size": [4, 0.25]},
								"up": {"uv": [4, 44], "uv_size": [0.25, 4]},
								"down": {"uv": [44, 8], "uv_size": [0.25, -4]}
							}
						}
					]
				},
				{
					"name": "gun_positioning",
					"parent": "gun",
					"pivot": [0, 0, 0]
				},
				{
					"name": "scope_pos",
					"parent": "gun_positioning",
					"pivot": [0, 10.125, 4.1875]
				},
				{
					"name": "muzzle_pos",
					"parent": "gun_positioning",
					"pivot": [0, 7.625, -16.75]
				},
				{
					"name": "muzzle_flash",
					"parent": "gun_positioning",
					"pivot": [0, 7.625, -17.75]
				},
				{
					"name": "grip_pos",
					"parent": "gun_positioning",
					"pivot": [0, 4.875, -4.5625]
				},
				{
					"name": "shell",
					"parent": "gun_positioning",
					"pivot": [0, 7.25, 0.875]
				},
				{
					"name": "mag",
					"parent": "gun",
					"pivot": [0, 4, 0.5]
				},
				{
					"name": "magazine",
					"parent": "mag",
					"pivot": [0, 4, 0.5]
				},
				{
					"name": "mag_standard",
					"parent": "magazine",
					"pivot": [0, 5, 0.25],
					"cubes": [
						{
							"origin": [-0.5, 6.501, -0.5],
							"size": [1, 0, 2.5],
							"uv": {
								"up": {"uv": [11, 37], "uv_size": [1, 2.5]}
							}
						},
						{
							"origin": [-0.75, 2.5, -0.75],
							"size": [1.5, 4, 3],
							"uv": {
								"north": {"uv": [25, 25], "uv_size": [1.5, 4]},
								"east": {"uv": [17, 16], "uv_size": [3, 4]},
								"south": {"uv": [10, 26], "uv_size": [1.5, 4]},
								"west": {"uv": [18, 0], "uv_size": [3, 4]},
								"up": {"uv": [30, 26], "uv_size": [1.5, 3]},
								"down": {"uv": [30, 32], "uv_size": [1.5, -3]}
							}
						}
					]
				},
				{
					"name": "mag_extended_1",
					"parent": "magazine",
					"pivot": [0, 5, 0.25],
					"cubes": [
						{
							"origin": [-0.75, 1.5, -0.75],
							"size": [1.5, 5, 3],
							"uv": {
								"north": {"uv": [20, 23], "uv_size": [1.5, 5]},
								"east": {"uv": [15, 0], "uv_size": [3, 5]},
								"south": {"uv": [23, 22], "uv_size": [1.5, 5]},
								"west": {"uv": [15, 5], "uv_size": [3, 5]},
								"up": {"uv": [3, 31], "uv_size": [1.5, 3]},
								"down": {"uv": [8, 34], "uv_size": [1.5, -3]}
							}
						},
						{
							"origin": [-0.5, 6.501, -0.5],
							"size": [1, 0, 2.5],
							"uv": {
								"up": {"uv": [25, 37], "uv_size": [1, 2.5]}
							}
						}
					]
				},
				{
					"name": "mag_extended_2",
					"parent": "magazine",
					"pivot": [0, 5, 0.25],
					"cubes": [
						{
							"origin": [-0.75, 0.5, -0.75],
							"size": [1.5, 6, 3],
							"uv": {
								"north": {"uv": [22, 0], "uv_size": [1.5, 6]},
								"east": {"uv": [12, 0], "uv_size": [3, 6]},
								"south": {"uv": [2, 22], "uv_size": [1.5, 6]},
								"west": {"uv": [12, 6], "uv_size": [3, 6]},
								"up": {"uv": [31, 12], "uv_size": [1.5, 3]},
								"down": {"uv": [14, 34], "uv_size": [1.5, -3]}
							}
						},
						{
							"origin": [-0.5, 6.501, -0.5],
							"size": [1, 0, 2.5],
							"uv": {
								"up": {"uv": [8, 38], "uv_size": [1, 2.5]}
							}
						}
					]
				},
				{
					"name": "mag_extended_3",
					"parent": "magazine",
					"pivot": [0, 5, 0.25],
					"cubes": [
						{
							"origin": [-0.75, -0.5, -0.75],
							"size": [1.5, 7, 3],
							"uv": {
								"north": {"uv": [4, 20], "uv_size": [1.5, 7]},
								"east": {"uv": [4, 0], "uv_size": [3, 7]},
								"south": {"uv": [6, 20], "uv_size": [1.5, 7]},
								"west": {"uv": [7, 0], "uv_size": [3, 7]},
								"up": {"uv": [20, 31], "uv_size": [1.5, 3]},
								"down": {"uv": [32, 10], "uv_size": [1.5, -3]}
							}
						},
						{
							"origin": [-0.5, 6.501, -0.5],
							"size": [1, 0, 2.5],
							"uv": {
								"up": {"uv": [4, 38], "uv_size": [1, 2.5]}
							}
						}
					]
				},
				{
					"name": "bullet_in_mag",
					"parent": "mag",
					"pivot": [0, 6.5625, 0.89063],
					"cubes": [
						{
							"origin": [-0.25, 6.3125, 1.875],
							"size": [0.5, 0.5, 0.125],
							"pivot": [0, 6.5625, 0.5],
							"rotation": [0, 0, -45],
							"uv": {
								"north": {"uv": [49, 2], "uv_size": [0.5, 0.5]},
								"east": {"uv": [50, 44], "uv_size": [0.25, 0.5]},
								"south": {"uv": [3, 49], "uv_size": [0.5, 0.5]},
								"west": {"uv": [45, 50], "uv_size": [0.25, 0.5]},
								"up": {"uv": [50, 45], "uv_size": [0.5, 0.25]},
								"down": {"uv": [46, 50.25], "uv_size": [0.5, -0.25]}
							}
						},
						{
							"origin": [-0.1875, 6.375, -0.125],
							"size": [0.375, 0.375, 2],
							"pivot": [0, 6.5625, 0.375],
							"rotation": [0, 0, -45],
							"uv": {
								"north": {"uv": [5, 49], "uv_size": [0.5, 0.5]},
								"east": {"uv": [44, 8], "uv_size": [2, 0.5]},
								"west": {"uv": [44, 9], "uv_size": [2, 0.5]},
								"up": {"uv": [44, 10], "uv_size": [0.5, 2]},
								"down": {"uv": [30, 46], "uv_size": [0.5, -2]}
							}
						},
						{
							"origin": [-0.125, 6.4375, -0.375],
							"size": [0.25, 0.25, 0.25],
							"pivot": [0, 6.5625, -1.625],
							"rotation": [0, 0, -45],
							"uv": {
								"north": {"uv": [52, 37], "uv_size": [0.25, 0.25]},
								"east": {"uv": [38, 52], "uv_size": [0.25, 0.25]},
								"west": {"uv": [52, 38], "uv_size": [0.25, 0.25]},
								"up": {"uv": [39, 52], "uv_size": [0.25, 0.25]},
								"down": {"uv": [52, 39.25], "uv_size": [0.25, -0.25]}
							}
						},
						{
							"origin": [-0.25, 6.3125, 0.25],
							"size": [0.5, 0.5, 1.5],
							"pivot": [0, 6.5625, 0.5],
							"rotation": [0, 0, -45],
							"uv": {
								"north": {"uv": [49, 6], "uv_size": [0.5, 0.5]},
								"east": {"uv": [27, 46], "uv_size": [1.5, 0.5]},
								"south": {"uv": [7, 49], "uv_size": [0.5, 0.5]},
								"west": {"uv": [29, 46], "uv_size": [1.5, 0.5]},
								"up": {"uv": [46, 30], "uv_size": [0.5, 1.5]},
								"down": {"uv": [46, 33.5], "uv_size": [0.5, -1.5]}
							}
						}
					]
				},
				{
					"name": "bullet_new_mag",
					"parent": "mag",
					"pivot": [0, 6.5625, 0.89063],
					"cubes": [
						{
							"origin": [-0.25, 6.3125, 1.875],
							"size": [0.5, 0.5, 0.125],
							"pivot": [0, 6.5625, 0.5],
							"rotation": [0, 0, -45],
							"uv": {
								"north": {"uv": [49, 2], "uv_size": [0.5, 0.5]},
								"east": {"uv": [50, 44], "uv_size": [0.25, 0.5]},
								"south": {"uv": [3, 49], "uv_size": [0.5, 0.5]},
								"west": {"uv": [45, 50], "uv_size": [0.25, 0.5]},
								"up": {"uv": [50, 45], "uv_size": [0.5, 0.25]},
								"down": {"uv": [46, 50.25], "uv_size": [0.5, -0.25]}
							}
						},
						{
							"origin": [-0.1875, 6.375, -0.125],
							"size": [0.375, 0.375, 2],
							"pivot": [0, 6.5625, 0.375],
							"rotation": [0, 0, -45],
							"uv": {
								"north": {"uv": [5, 49], "uv_size": [0.5, 0.5]},
								"east": {"uv": [44, 8], "uv_size": [2, 0.5]},
								"west": {"uv": [44, 9], "uv_size": [2, 0.5]},
								"up": {"uv": [44, 10], "uv_size": [0.5, 2]},
								"down": {"uv": [30, 46], "uv_size": [0.5, -2]}
							}
						},
						{
							"origin": [-0.125, 6.4375, -0.375],
							"size": [0.25, 0.25, 0.25],
							"pivot": [0, 6.5625, -1.625],
							"rotation": [0, 0, -45],
							"uv": {
								"north": {"uv": [52, 37], "uv_size": [0.25, 0.25]},
								"east": {"uv": [38, 52], "uv_size": [0.25, 0.25]},
								"west": {"uv": [52, 38], "uv_size": [0.25, 0.25]},
								"up": {"uv": [39, 52], "uv_size": [0.25, 0.25]},
								"down": {"uv": [52, 39.25], "uv_size": [0.25, -0.25]}
							}
						},
						{
							"origin": [-0.25, 6.3125, 0.25],
							"size": [0.5, 0.5, 1.5],
							"pivot": [0, 6.5625, 0.5],
							"rotation": [0, 0, -45],
							"uv": {
								"north": {"uv": [49, 6], "uv_size": [0.5, 0.5]},
								"east": {"uv": [27, 46], "uv_size": [1.5, 0.5]},
								"south": {"uv": [7, 49], "uv_size": [0.5, 0.5]},
								"west": {"uv": [29, 46], "uv_size": [1.5, 0.5]},
								"up": {"uv": [46, 30], "uv_size": [0.5, 1.5]},
								"down": {"uv": [46, 33.5], "uv_size": [0.5, -1.5]}
							}
						}
					]
				},
				{
					"name": "left",
					"parent": "gun",
					"pivot": [-6, 11, 0]
				},
				{
					"name": "lefthand_pos",
					"parent": "left",
					"pivot": [0, 0, 0],
					"cubes": [
						{
							"origin": [-8, 0, -2],
							"size": [4, 12, 4],
							"uv": {
								"north": {"uv": [0, 0], "uv_size": [4, 12]},
								"west": {"uv": [0, 0], "uv_size": [4, 12]},
								"up": {"uv": [4, 4], "uv_size": [-4, -4]}
							}
						}
					]
				},
				{
					"name": "constraint",
					"parent": "gun",
					"pivot": [0, 12, -10]
				},
				{
					"name": "additional_magazine",
					"parent": "gun",
					"pivot": [0, 4, 0.5]
				},
				{
					"name": "bolt",
					"parent": "gun",
					"pivot": [0, 7.25, 0.875],
					"cubes": [
						{
							"origin": [-0.625, 6.75, -0.5],
							"size": [1.25, 1, 2.75],
							"uv": {
								"north": {"uv": [30, 42], "uv_size": [1.25, 1]},
								"east": {"uv": [33, 35], "uv_size": [2.75, 1]},
								"south": {"uv": [32, 42], "uv_size": [1.25, 1]},
								"west": {"uv": [23, 36], "uv_size": [2.75, 1]},
								"up": {"uv": [29, 33], "uv_size": [1.25, 2.75]},
								"down": {"uv": [31, 35.75], "uv_size": [1.25, -2.75]}
							}
						}
					]
				},
				{
					"name": "right",
					"parent": "root",
					"pivot": [6, 11, 0]
				},
				{
					"name": "righthand_pos",
					"parent": "right",
					"pivot": [0, 0, 0],
					"cubes": [
						{
							"origin": [4, 0, -2],
							"size": [4, 12, 4],
							"uv": {
								"north": {"uv": [4, 0], "uv_size": [-4, 12]},
								"east": {"uv": [4, 0], "uv_size": [-4, 12]},
								"up": {"uv": [0, 4], "uv_size": [4, -4]}
							}
						}
					]
				},
				{
					"name": "view",
					"pivot": [0, 0, 0]
				},
				{
					"name": "idle_view",
					"parent": "view",
					"pivot": [2.9688, 14.0125, 16.5125]
				},
				{
					"name": "iron_view",
					"parent": "view",
					"pivot": [2.9688, 14.0125, 9.5125]
				},
				{
					"name": "refit_view",
					"parent": "view",
					"pivot": [23.325, 6.575, -2],
					"rotation": [0, 90, 0]
				},
				{
					"name": "refit_extended_mag_view",
					"parent": "view",
					"pivot": [8.325, 1.575, 1],
					"rotation": [0, 90, 0]
				},
				{
					"name": "refit_grip_view",
					"parent": "view",
					"pivot": [8.925, 2.975, -4.875],
					"rotation": [0, 90, 0]
				},
				{
					"name": "refit_muzzle_view",
					"parent": "view",
					"pivot": [9.925, 7.975, -20.875],
					"rotation": [0, 97.5, 0]
				},
				{
					"name": "refit_scope_view",
					"parent": "view",
					"pivot": [8.675, 11.05, 5.625],
					"rotation": [0, 72.5, 0]
				},
				{
					"name": "positioning",
					"pivot": [0, 0, -8]
				},
				{
					"name": "thirdperson_hand",
					"parent": "positioning",
					"pivot": [0, 6, 6]
				},
				{
					"name": "ground",
					"parent": "positioning",
					"pivot": [0, 0.375, 1.1]
				},
				{
					"name": "fixed",
					"parent": "positioning",
					"pivot": [0.95, 6.525, 0.6],
					"rotation": [0, 90, 0]
				},
				{
					"name": "camera",
					"pivot": [2.9688, 14.0125, 16.5125]
				}
			]
		}
	]
}