{
	"format_version": "1.12.0",
	"minecraft:geometry": [
		{
			"description": {
				"identifier": "geometry.unknown",
				"texture_width": 64,
				"texture_height": 64,
				"visible_bounds_width": 5,
				"visible_bounds_height": 3,
				"visible_bounds_offset": [0, 0.5, 0]
			},
			"bones": [
				{
					"name": "root",
					"pivot": [0, 5, 7]
				},
				{
					"name": "gun",
					"parent": "root",
					"pivot": [0, 5, 7]
				},
				{
					"name": "bolt",
					"parent": "gun",
					"pivot": [-0.12056, 8.04733, 3.25],
					"cubes": [
						{
							"origin": [-0.36428, 9.07138, -1.5],
							"size": [2, 0.5, 4],
							"pivot": [-1.11428, 9.57138, -2.75],
							"rotation": [0, 0, 45],
							"uv": {
								"north": {"uv": [36, 21], "uv_size": [2, 0.5]},
								"east": {"uv": [32, 4], "uv_size": [4, 0.5]},
								"south": {"uv": [36, 22], "uv_size": [2, 0.5]},
								"west": {"uv": [32, 5], "uv_size": [4, 0.5]},
								"up": {"uv": [18, 4], "uv_size": [2, 4]},
								"down": {"uv": [11, 22], "uv_size": [2, -4]}
							}
						},
						{
							"origin": [-0.9375, 7.1875, -1.5],
							"size": [2, 1.5, 4],
							"uv": {
								"north": {"uv": [29, 20], "uv_size": [2, 1.5]},
								"east": {"uv": [25, 20], "uv_size": [4, 1.5]},
								"south": {"uv": [29, 22], "uv_size": [2, 1.5]},
								"west": {"uv": [25, 22], "uv_size": [4, 1.5]},
								"up": {"uv": [16, 15], "uv_size": [2, 4]},
								"down": {"uv": [0, 22], "uv_size": [2, -4]}
							}
						}
					]
				},
				{
					"name": "ring",
					"parent": "gun",
					"pivot": [0, 5.125, -9.75],
					"cubes": [
						{
							"origin": [-1, 5, -9.875],
							"size": [2, 0.25, 0.25],
							"uv": {
								"north": {"uv": [38, 36], "uv_size": [2, 0.25]},
								"south": {"uv": [37, 38], "uv_size": [2, 0.25]},
								"up": {"uv": [38, 37], "uv_size": [2, 0.25]},
								"down": {"uv": [39, 1.25], "uv_size": [2, -0.25]}
							}
						},
						{
							"origin": [-1, 3.75, -9.875],
							"size": [2, 0.25, 0.25],
							"uv": {
								"north": {"uv": [39, 2], "uv_size": [2, 0.25]},
								"south": {"uv": [39, 3], "uv_size": [2, 0.25]},
								"up": {"uv": [39, 4], "uv_size": [2, 0.25]},
								"down": {"uv": [5, 39.25], "uv_size": [2, -0.25]}
							}
						},
						{
							"origin": [-1.4545, 3.25628, -9.875],
							"size": [0.35355, 0.25, 0.25],
							"pivot": [-0.4545, 3.38128, -9.75],
							"rotation": [0, 0, 45],
							"uv": {
								"north": {"uv": [44, 15], "uv_size": [0.25, 0.25]},
								"south": {"uv": [16, 44], "uv_size": [0.25, 0.25]},
								"up": {"uv": [44, 16], "uv_size": [0.25, 0.25]},
								"down": {"uv": [17, 44.25], "uv_size": [0.25, -0.25]}
							}
						},
						{
							"origin": [1.10095, 3.25628, -9.875],
							"size": [0.35355, 0.25, 0.25],
							"pivot": [0.4545, 3.38128, -9.75],
							"rotation": [0, 0, -45],
							"uv": {
								"north": {"uv": [44, 17], "uv_size": [0.25, 0.25]},
								"south": {"uv": [18, 44], "uv_size": [0.25, 0.25]},
								"up": {"uv": [44, 18], "uv_size": [0.25, 0.25]},
								"down": {"uv": [19, 44.25], "uv_size": [0.25, -0.25]}
							}
						},
						{
							"origin": [1.10095, 5.49372, -9.875],
							"size": [0.35355, 0.25, 0.25],
							"pivot": [0.4545, 5.61872, -9.75],
							"rotation": [0, 0, 45],
							"uv": {
								"north": {"uv": [44, 21], "uv_size": [0.25, 0.25]},
								"south": {"uv": [22, 44], "uv_size": [0.25, 0.25]},
								"up": {"uv": [44, 22], "uv_size": [0.25, 0.25]},
								"down": {"uv": [23, 44.25], "uv_size": [0.25, -0.25]}
							}
						},
						{
							"origin": [-1.4545, 5.49372, -9.875],
							"size": [0.35355, 0.25, 0.25],
							"pivot": [-0.4545, 5.61872, -9.75],
							"rotation": [0, 0, -45],
							"uv": {
								"north": {"uv": [44, 19], "uv_size": [0.25, 0.25]},
								"south": {"uv": [20, 44], "uv_size": [0.25, 0.25]},
								"up": {"uv": [44, 20], "uv_size": [0.25, 0.25]},
								"down": {"uv": [21, 44.25], "uv_size": [0.25, -0.25]}
							}
						},
						{
							"origin": [1, 4, -9.875],
							"size": [0.25, 1, 0.25],
							"uv": {
								"north": {"uv": [41, 2], "uv_size": [0.25, 1]},
								"east": {"uv": [3, 41], "uv_size": [0.25, 1]},
								"south": {"uv": [41, 3], "uv_size": [0.25, 1]},
								"west": {"uv": [4, 41], "uv_size": [0.25, 1]}
							}
						},
						{
							"origin": [-1.25, 4, -9.875],
							"size": [0.25, 1, 0.25],
							"uv": {
								"north": {"uv": [41, 4], "uv_size": [0.25, 1]},
								"east": {"uv": [5, 41], "uv_size": [0.25, 1]},
								"south": {"uv": [41, 5], "uv_size": [0.25, 1]},
								"west": {"uv": [6, 41], "uv_size": [0.25, 1]}
							}
						}
					]
				},
				{
					"name": "body",
					"parent": "gun",
					"pivot": [0, 5.06564, 5.24686]
				},
				{
					"name": "body_illuminated",
					"parent": "body",
					"pivot": [-2, 7.75, -4],
					"cubes": [
						{
							"origin": [1.25, 7.75, -1.5],
							"size": [0, 0.5, 1],
							"uv": {
								"west": {"uv": [39, 20], "uv_size": [1, 0.5]}
							}
						}
					]
				},
				{
					"name": "body_main",
					"parent": "body",
					"pivot": [0, 8.25, 8.75],
					"cubes": [
						{
							"origin": [-0.626, 1.9, 6.25],
							"size": [1.252, 3.75, 1.5],
							"pivot": [0.4635, 5.825, 6.9],
							"rotation": [22.5, 0, 0],
							"uv": {
								"east": {"uv": [0, 26], "uv_size": [1.5, 3.75]},
								"west": {"uv": [11, 26], "uv_size": [1.5, 3.75]},
								"down": {"uv": [11, 33.5], "uv_size": [1.25, -1.5]}
							}
						},
						{
							"origin": [-0.625, 5, 6],
							"size": [1.25, 1.5, 2],
							"uv": {
								"north": {"uv": [32, 11], "uv_size": [1.25, 1.5]},
								"east": {"uv": [28, 24], "uv_size": [2, 1.5]},
								"west": {"uv": [28, 26], "uv_size": [2, 1.5]},
								"up": {"uv": [13, 31], "uv_size": [1.25, 2]},
								"down": {"uv": [31, 19], "uv_size": [1.25, -2]}
							}
						},
						{
							"origin": [-0.627, 4.11968, 7.75465],
							"size": [1.254, 0.75, 0.25],
							"pivot": [0.4645, 5.07614, 7.90895],
							"rotation": [45, 0, 0],
							"uv": {
								"east": {"uv": [41, 28], "uv_size": [0.25, 0.75]},
								"south": {"uv": [36, 23], "uv_size": [1.25, 0.75]},
								"west": {"uv": [41, 29], "uv_size": [0.25, 0.75]},
								"up": {"uv": [19, 40], "uv_size": [1.25, 0.25]}
							}
						},
						{
							"origin": [-0.625, 1.78834, 7.51363],
							"size": [1.25, 2, 0.25],
							"pivot": [0.4625, 6.36334, 6.50113],
							"rotation": [22.5, 0, 0],
							"uv": {
								"east": {"uv": [38, 14], "uv_size": [0.25, 2]},
								"west": {"uv": [15, 38], "uv_size": [0.25, 2]},
								"down": {"uv": [40, 19.25], "uv_size": [1.25, -0.25]}
							}
						},
						{
							"origin": [-0.375, 1.91202, 7.33065],
							"size": [0.75, 0.5, 0.5],
							"pivot": [-0.125, 2.53702, 7.55565],
							"rotation": [-22.5, 0, 0],
							"uv": {
								"north": {"uv": [39, 29], "uv_size": [0.75, 0.5]},
								"east": {"uv": [40, 20], "uv_size": [0.5, 0.5]},
								"west": {"uv": [40, 21], "uv_size": [0.5, 0.5]},
								"down": {"uv": [39, 30.5], "uv_size": [0.75, -0.5]}
							}
						},
						{
							"origin": [-0.375, 1.9, 6],
							"size": [0.75, 3.75, 0.25],
							"pivot": [0.2125, 5.825, 6.9],
							"rotation": [22.5, 0, 0],
							"uv": {
								"north": {"uv": [3, 31], "uv_size": [0.75, 3.75]},
								"down": {"uv": [30, 41.25], "uv_size": [0.75, -0.25]}
							}
						},
						{
							"origin": [0.17678, 1.84693, 7.05465],
							"size": [0.35355, 3.75, 0.25],
							"pivot": [0.55178, 3.72193, 7.17965],
							"rotation": [30.36119, -40.78947, -20.94102],
							"uv": {
								"north": {"uv": [22, 36], "uv_size": [0.25, 3.75]},
								"down": {"uv": [44, 7.25], "uv_size": [0.25, -0.25]}
							}
						},
						{
							"origin": [-0.53033, 1.84693, 7.05465],
							"size": [0.35355, 3.75, 0.25],
							"pivot": [-0.55178, 3.72193, 7.17965],
							"rotation": [30.36119, 40.78947, 20.94102],
							"uv": {
								"north": {"uv": [24, 36], "uv_size": [0.25, 3.75]},
								"down": {"uv": [8, 44.25], "uv_size": [0.25, -0.25]}
							}
						},
						{
							"origin": [-0.375, 1.78834, 7.76363],
							"size": [0.75, 2, 0.25],
							"pivot": [0.4625, 6.36334, 6.50113],
							"rotation": [22.5, 0, 0],
							"uv": {
								"south": {"uv": [33, 0], "uv_size": [0.75, 2]},
								"down": {"uv": [41, 30.25], "uv_size": [0.75, -0.25]}
							}
						},
						{
							"origin": [-0.375, 3.9, 7.75],
							"size": [0.75, 1.75, 0.25],
							"pivot": [2.4625, 5.825, 6.9],
							"rotation": [22.5, 0, 0],
							"uv": {
								"south": {"uv": [3, 35], "uv_size": [0.75, 1.75]}
							}
						},
						{
							"origin": [-0.375, 5, 8],
							"size": [0.75, 1.5, 0.25],
							"uv": {
								"south": {"uv": [0, 36], "uv_size": [0.75, 1.5]},
								"up": {"uv": [31, 41], "uv_size": [0.75, 0.25]}
							}
						},
						{
							"origin": [-0.53033, 5, 7.77145],
							"size": [0.35355, 1.5, 0.25],
							"pivot": [-0.55178, 5.75, 7.89645],
							"rotation": [0, -45, 0],
							"uv": {
								"south": {"uv": [31, 39], "uv_size": [0.25, 1.5]},
								"up": {"uv": [44, 8], "uv_size": [0.25, 0.25]}
							}
						},
						{
							"origin": [0.17678, 5, 7.77145],
							"size": [0.35355, 1.5, 0.25],
							"pivot": [0.55178, 5.75, 7.89645],
							"rotation": [0, 45, 0],
							"uv": {
								"south": {"uv": [39, 31], "uv_size": [0.25, 1.5]},
								"up": {"uv": [9, 44], "uv_size": [0.25, 0.25]}
							}
						},
						{
							"origin": [-0.375, 4.03857, 8.05884],
							"size": [0.75, 0.75, 0.25],
							"pivot": [0.2125, 4.99503, 7.96314],
							"rotation": [45, 0, 0],
							"uv": {
								"south": {"uv": [5, 38], "uv_size": [0.75, 0.75]}
							}
						},
						{
							"origin": [-0.53033, 4.26558, 7.86644],
							"size": [0.35355, 1.75, 0.25],
							"pivot": [-0.55178, 5.14058, 7.99144],
							"rotation": [30.36119, -40.78947, -20.94102],
							"uv": {
								"south": {"uv": [21, 39], "uv_size": [0.25, 1.75]}
							}
						},
						{
							"origin": [0.17678, 4.26558, 7.86644],
							"size": [0.35355, 1.75, 0.25],
							"pivot": [0.55178, 5.14058, 7.99144],
							"rotation": [30.36119, 40.78947, 20.94102],
							"uv": {
								"south": {"uv": [39, 21], "uv_size": [0.25, 1.75]}
							}
						},
						{
							"origin": [-0.53033, 2.50398, 8.81495],
							"size": [0.35355, 2, 0.25],
							"pivot": [-0.55178, 3.50398, 8.93995],
							"rotation": [30.36119, -40.78947, -20.94102],
							"uv": {
								"south": {"uv": [16, 38], "uv_size": [0.25, 2]},
								"down": {"uv": [44, 9.25], "uv_size": [0.25, -0.25]}
							}
						},
						{
							"origin": [0.17678, 2.50398, 8.81495],
							"size": [0.35355, 2, 0.25],
							"pivot": [0.55178, 3.50398, 8.93995],
							"rotation": [30.36119, 40.78947, 20.94102],
							"uv": {
								"south": {"uv": [38, 16], "uv_size": [0.25, 2]},
								"down": {"uv": [10, 44.25], "uv_size": [0.25, -0.25]}
							}
						},
						{
							"origin": [0.29045, 4.30579, 8.29934],
							"size": [0.25, 0.65625, 0.34],
							"pivot": [0.41545, 4.68079, 8.47121],
							"rotation": [-124.29392, -31.14095, -37.17229],
							"uv": {
								"west": {"uv": [41, 31], "uv_size": [0.25, 0.75]}
							}
						},
						{
							"origin": [0.4124, 4.31141, 8.26098],
							"size": [0.25, 0.08943, 0.32803],
							"pivot": [0.53841, 4.40084, 8.58901],
							"rotation": [-139.54392, -31.14095, -37.17229],
							"uv": {
								"west": {"uv": [44, 10], "uv_size": [0.25, 0.25]}
							}
						},
						{
							"origin": [-0.6624, 4.31141, 8.26098],
							"size": [0.25, 0.08943, 0.32803],
							"pivot": [-0.53841, 4.40084, 8.58901],
							"rotation": [-139.54392, 31.14095, 37.17229],
							"uv": {
								"east": {"uv": [11, 44], "uv_size": [0.25, 0.25]}
							}
						},
						{
							"origin": [-0.54045, 4.30579, 8.29934],
							"size": [0.25, 0.65625, 0.34],
							"pivot": [-0.41545, 4.68079, 8.47121],
							"rotation": [-124.29392, 31.14095, 37.17229],
							"uv": {
								"east": {"uv": [32, 41], "uv_size": [0.25, 0.75]}
							}
						},
						{
							"origin": [-0.5, 4.75, 3.75],
							"size": [1, 0.25, 2],
							"uv": {
								"north": {"uv": [22, 40], "uv_size": [1, 0.25]},
								"east": {"uv": [17, 38], "uv_size": [2, 0.25]},
								"south": {"uv": [40, 22], "uv_size": [1, 0.25]},
								"west": {"uv": [38, 18], "uv_size": [2, 0.25]},
								"up": {"uv": [6, 21], "uv_size": [1, 2]},
								"down": {"uv": [25, 33], "uv_size": [1, -2]}
							}
						},
						{
							"origin": [-0.5, 5, 3.5],
							"size": [1, 1.5, 0.25],
							"uv": {
								"north": {"uv": [2, 33], "uv_size": [1, 1.5]},
								"east": {"uv": [32, 39], "uv_size": [0.25, 1.5]},
								"south": {"uv": [4, 33], "uv_size": [1, 1.5]},
								"west": {"uv": [33, 39], "uv_size": [0.25, 1.5]},
								"up": {"uv": [40, 24], "uv_size": [1, 0.25]},
								"down": {"uv": [40, 25.25], "uv_size": [1, -0.25]}
							}
						},
						{
							"origin": [-0.5, 5.28033, 3.53033],
							"size": [1, 0.70711, 0.25],
							"pivot": [0.5, 5.28033, 4.28033],
							"rotation": [45, 0, 0],
							"uv": {
								"north": {"uv": [36, 28], "uv_size": [1, 0.75]},
								"east": {"uv": [41, 33], "uv_size": [0.25, 0.75]},
								"south": {"uv": [36, 29], "uv_size": [1, 0.75]},
								"west": {"uv": [34, 41], "uv_size": [0.25, 0.75]},
								"up": {"uv": [40, 26], "uv_size": [1, 0.25]},
								"down": {"uv": [40, 27.25], "uv_size": [1, -0.25]}
							}
						},
						{
							"origin": [-0.5, 6.5, 3.5],
							"size": [1, 0.75, 4.5],
							"uv": {
								"east": {"uv": [26, 17], "uv_size": [4.5, 0.75]},
								"south": {"uv": [36, 24], "uv_size": [1, 0.75]},
								"west": {"uv": [26, 18], "uv_size": [4.5, 0.75]},
								"down": {"uv": [14, 30.5], "uv_size": [1, -4.5]}
							}
						},
						{
							"origin": [0.36612, 6.57322, 3.5],
							"size": [0.70711, 0.5, 4.5],
							"pivot": [0.21967, 6.82322, 5.75],
							"rotation": [0, 0, -45],
							"uv": {
								"south": {"uv": [39, 33], "uv_size": [0.75, 0.5]},
								"down": {"uv": [4, 32.5], "uv_size": [0.75, -4.5]}
							}
						},
						{
							"origin": [-1.07322, 6.57322, 3.5],
							"size": [0.70711, 0.5, 4.5],
							"pivot": [-0.21967, 6.82322, 5.75],
							"rotation": [0, 0, 45],
							"uv": {
								"south": {"uv": [34, 39], "uv_size": [0.75, 0.5]},
								"down": {"uv": [5, 32.5], "uv_size": [0.75, -4.5]}
							}
						},
						{
							"origin": [-1, 7.25, 3.5],
							"size": [2, 1.5, 4.5],
							"uv": {
								"east": {"uv": [21, 15], "uv_size": [4.5, 1.5]},
								"south": {"uv": [28, 28], "uv_size": [2, 1.5]},
								"west": {"uv": [21, 17], "uv_size": [4.5, 1.5]}
							}
						},
						{
							"origin": [-0.5, 8.75, 3.5],
							"size": [1, 0.5, 4.5],
							"uv": {
								"south": {"uv": [27, 38], "uv_size": [1, 0.5]},
								"up": {"uv": [6, 27], "uv_size": [1, 4.5]}
							}
						},
						{
							"origin": [1.06066, 9.27513, 3.5],
							"size": [0.70711, 0.5, 4.5],
							"pivot": [1.26777, 6.77513, 4.75],
							"rotation": [0, 0, -45],
							"uv": {
								"south": {"uv": [37, 39], "uv_size": [0.75, 0.5]},
								"up": {"uv": [15, 28], "uv_size": [0.75, 4.5]}
							}
						},
						{
							"origin": [-1.76777, 9.27513, 3.5],
							"size": [0.70711, 0.5, 4.5],
							"pivot": [-1.26777, 6.77513, 4.75],
							"rotation": [0, 0, 45],
							"uv": {
								"south": {"uv": [38, 39], "uv_size": [0.75, 0.5]},
								"up": {"uv": [18, 28], "uv_size": [0.75, 4.5]}
							}
						},
						{
							"origin": [-0.5, 9, -7.5],
							"size": [1, 0.5, 11.75],
							"uv": {
								"north": {"uv": [19, 38], "uv_size": [1, 0.5]},
								"east": {"uv": [24, 3], "uv_size": [11.75, 0.5]},
								"south": {"uv": [38, 19], "uv_size": [1, 0.5]},
								"west": {"uv": [25, 10], "uv_size": [11.75, 0.5]},
								"up": {"uv": [7, 11], "uv_size": [1, 11.75]},
								"down": {"uv": [8, 22.75], "uv_size": [1, -11.75]}
							}
						},
						{
							"origin": [-0.375, 9.5, -7.5],
							"size": [0.75, 0.25, 11.75],
							"uv": {
								"north": {"uv": [8, 42], "uv_size": [0.75, 0.25]},
								"east": {"uv": [29, 9], "uv_size": [11.75, 0.25]},
								"south": {"uv": [42, 8], "uv_size": [0.75, 0.25]},
								"west": {"uv": [30, 6], "uv_size": [11.75, 0.25]}
							}
						},
						{
							"origin": [-0.5, 9.75, -7.5],
							"size": [1, 0, 11.75],
							"uv": {
								"up": {"uv": [10, 11], "uv_size": [1, 11.75]}
							}
						},
						{
							"origin": [0.10426, 9.39715, -7.5],
							"size": [0.25, 0, 11.75],
							"pivot": [-0.14574, 9.39715, -1.625],
							"rotation": [0, 0, -135],
							"uv": {
								"up": {"uv": [30, 28], "uv_size": [0.25, 11.75]}
							}
						},
						{
							"origin": [-0.35426, 9.39715, -7.5],
							"size": [0.25, 0, 11.75],
							"pivot": [0.14574, 9.39715, -1.625],
							"rotation": [0, 0, 135],
							"uv": {
								"up": {"uv": [29, 30], "uv_size": [0.25, 11.75]}
							}
						},
						{
							"origin": [-0.375, 9.75, -7.5],
							"size": [0.75, 0.125, 1],
							"uv": {
								"north": {"uv": [25, 42], "uv_size": [0.75, 0.25]},
								"south": {"uv": [42, 25], "uv_size": [0.75, 0.25]},
								"up": {"uv": [37, 20], "uv_size": [0.75, 1]}
							}
						},
						{
							"origin": [0.17678, 9.46967, -7.5],
							"size": [0.17678, 0.17678, 1],
							"pivot": [0.55178, 9.52145, -1.375],
							"rotation": [0, 0, 45],
							"uv": {
								"north": {"uv": [1, 45], "uv_size": [0.25, 0.25]},
								"south": {"uv": [45, 1], "uv_size": [0.25, 0.25]},
								"up": {"uv": [7, 41], "uv_size": [0.25, 1]}
							}
						},
						{
							"origin": [-0.35355, 9.46967, -7.5],
							"size": [0.17678, 0.17678, 1],
							"pivot": [-0.55178, 9.52145, -1.375],
							"rotation": [0, 0, -45],
							"uv": {
								"north": {"uv": [2, 45], "uv_size": [0.25, 0.25]},
								"south": {"uv": [45, 2], "uv_size": [0.25, 0.25]},
								"up": {"uv": [41, 7], "uv_size": [0.25, 1]}
							}
						},
						{
							"origin": [-0.375, 9.75, -6.25],
							"size": [0.75, 0.125, 0.25],
							"uv": {
								"north": {"uv": [26, 42], "uv_size": [0.75, 0.25]},
								"south": {"uv": [42, 26], "uv_size": [0.75, 0.25]},
								"up": {"uv": [27, 42], "uv_size": [0.75, 0.25]}
							}
						},
						{
							"origin": [-0.35355, 9.46967, -6.25],
							"size": [0.17678, 0.17678, 0.25],
							"pivot": [-0.55178, 9.52145, -0.875],
							"rotation": [0, 0, -45],
							"uv": {
								"north": {"uv": [45, 4], "uv_size": [0.25, 0.25]},
								"south": {"uv": [5, 45], "uv_size": [0.25, 0.25]},
								"up": {"uv": [45, 5], "uv_size": [0.25, 0.25]}
							}
						},
						{
							"origin": [0.17678, 9.46967, -6.25],
							"size": [0.17678, 0.17678, 0.25],
							"pivot": [0.55178, 9.52145, -0.875],
							"rotation": [0, 0, 45],
							"uv": {
								"north": {"uv": [3, 45], "uv_size": [0.25, 0.25]},
								"south": {"uv": [45, 3], "uv_size": [0.25, 0.25]},
								"up": {"uv": [4, 45], "uv_size": [0.25, 0.25]}
							}
						},
						{
							"origin": [-0.375, 9.75, -4.75],
							"size": [0.75, 0.125, 0.25],
							"uv": {
								"north": {"uv": [42, 29], "uv_size": [0.75, 0.25]},
								"south": {"uv": [30, 42], "uv_size": [0.75, 0.25]},
								"up": {"uv": [42, 30], "uv_size": [0.75, 0.25]}
							}
						},
						{
							"origin": [-0.35355, 9.46967, -4.75],
							"size": [0.17678, 0.17678, 0.25],
							"pivot": [-0.55178, 9.52145, 0.625],
							"rotation": [0, 0, -45],
							"uv": {
								"north": {"uv": [45, 9], "uv_size": [0.25, 0.25]},
								"south": {"uv": [10, 45], "uv_size": [0.25, 0.25]},
								"up": {"uv": [45, 10], "uv_size": [0.25, 0.25]}
							}
						},
						{
							"origin": [0.17678, 9.46967, -4.75],
							"size": [0.17678, 0.17678, 0.25],
							"pivot": [0.55178, 9.52145, 0.625],
							"rotation": [0, 0, 45],
							"uv": {
								"north": {"uv": [8, 45], "uv_size": [0.25, 0.25]},
								"south": {"uv": [45, 8], "uv_size": [0.25, 0.25]},
								"up": {"uv": [9, 45], "uv_size": [0.25, 0.25]}
							}
						},
						{
							"origin": [0.17678, 9.46967, -5.75],
							"size": [0.17678, 0.17678, 0.75],
							"pivot": [0.55178, 9.52145, 0.125],
							"rotation": [0, 0, 45],
							"uv": {
								"north": {"uv": [7, 45], "uv_size": [0.25, 0.25]},
								"south": {"uv": [45, 7], "uv_size": [0.25, 0.25]},
								"up": {"uv": [29, 42], "uv_size": [0.25, 0.75]}
							}
						},
						{
							"origin": [-0.375, 9.75, -5.75],
							"size": [0.75, 0.125, 0.75],
							"uv": {
								"north": {"uv": [28, 42], "uv_size": [0.75, 0.25]},
								"south": {"uv": [42, 28], "uv_size": [0.75, 0.25]},
								"up": {"uv": [9, 38], "uv_size": [0.75, 0.75]}
							}
						},
						{
							"origin": [-0.35355, 9.46967, -5.75],
							"size": [0.17678, 0.17678, 0.75],
							"pivot": [-0.55178, 9.52145, 0.125],
							"rotation": [0, 0, -45],
							"uv": {
								"north": {"uv": [6, 45], "uv_size": [0.25, 0.25]},
								"south": {"uv": [45, 6], "uv_size": [0.25, 0.25]},
								"up": {"uv": [42, 27], "uv_size": [0.25, 0.75]}
							}
						},
						{
							"origin": [-0.375, 9.75, -3.25],
							"size": [0.75, 0.125, 0.25],
							"uv": {
								"north": {"uv": [33, 42], "uv_size": [0.75, 0.25]},
								"south": {"uv": [42, 33], "uv_size": [0.75, 0.25]},
								"up": {"uv": [34, 42], "uv_size": [0.75, 0.25]}
							}
						},
						{
							"origin": [-0.35355, 9.46967, -3.25],
							"size": [0.17678, 0.17678, 0.25],
							"pivot": [-0.55178, 9.52145, 2.125],
							"rotation": [0, 0, -45],
							"uv": {
								"north": {"uv": [45, 14], "uv_size": [0.25, 0.25]},
								"south": {"uv": [15, 45], "uv_size": [0.25, 0.25]},
								"up": {"uv": [45, 15], "uv_size": [0.25, 0.25]}
							}
						},
						{
							"origin": [0.17678, 9.46967, -3.25],
							"size": [0.17678, 0.17678, 0.25],
							"pivot": [0.55178, 9.52145, 2.125],
							"rotation": [0, 0, 45],
							"uv": {
								"north": {"uv": [13, 45], "uv_size": [0.25, 0.25]},
								"south": {"uv": [45, 13], "uv_size": [0.25, 0.25]},
								"up": {"uv": [14, 45], "uv_size": [0.25, 0.25]}
							}
						},
						{
							"origin": [0.17678, 9.46967, -4.25],
							"size": [0.17678, 0.17678, 0.75],
							"pivot": [0.55178, 9.52145, 1.625],
							"rotation": [0, 0, 45],
							"uv": {
								"north": {"uv": [12, 45], "uv_size": [0.25, 0.25]},
								"south": {"uv": [45, 12], "uv_size": [0.25, 0.25]},
								"up": {"uv": [42, 32], "uv_size": [0.25, 0.75]}
							}
						},
						{
							"origin": [-0.375, 9.75, -4.25],
							"size": [0.75, 0.125, 0.75],
							"uv": {
								"north": {"uv": [42, 31], "uv_size": [0.75, 0.25]},
								"south": {"uv": [32, 42], "uv_size": [0.75, 0.25]},
								"up": {"uv": [11, 38], "uv_size": [0.75, 0.75]}
							}
						},
						{
							"origin": [-0.35355, 9.46967, -4.25],
							"size": [0.17678, 0.17678, 0.75],
							"pivot": [-0.55178, 9.52145, 1.625],
							"rotation": [0, 0, -45],
							"uv": {
								"north": {"uv": [11, 45], "uv_size": [0.25, 0.25]},
								"south": {"uv": [45, 11], "uv_size": [0.25, 0.25]},
								"up": {"uv": [31, 42], "uv_size": [0.25, 0.75]}
							}
						},
						{
							"origin": [-0.375, 9.75, -1.75],
							"size": [0.75, 0.125, 0.25],
							"uv": {
								"north": {"uv": [42, 36], "uv_size": [0.75, 0.25]},
								"south": {"uv": [37, 42], "uv_size": [0.75, 0.25]},
								"up": {"uv": [42, 37], "uv_size": [0.75, 0.25]}
							}
						},
						{
							"origin": [-0.35355, 9.46967, -1.75],
							"size": [0.17678, 0.17678, 0.25],
							"pivot": [-0.55178, 9.52145, 3.625],
							"rotation": [0, 0, -45],
							"uv": {
								"north": {"uv": [45, 19], "uv_size": [0.25, 0.25]},
								"south": {"uv": [20, 45], "uv_size": [0.25, 0.25]},
								"up": {"uv": [45, 20], "uv_size": [0.25, 0.25]}
							}
						},
						{
							"origin": [0.17678, 9.46967, -1.75],
							"size": [0.17678, 0.17678, 0.25],
							"pivot": [0.55178, 9.52145, 3.625],
							"rotation": [0, 0, 45],
							"uv": {
								"north": {"uv": [18, 45], "uv_size": [0.25, 0.25]},
								"south": {"uv": [45, 18], "uv_size": [0.25, 0.25]},
								"up": {"uv": [19, 45], "uv_size": [0.25, 0.25]}
							}
						},
						{
							"origin": [0.17678, 9.46967, -2.75],
							"size": [0.17678, 0.17678, 0.75],
							"pivot": [0.55178, 9.52145, 3.125],
							"rotation": [0, 0, 45],
							"uv": {
								"north": {"uv": [17, 45], "uv_size": [0.25, 0.25]},
								"south": {"uv": [45, 17], "uv_size": [0.25, 0.25]},
								"up": {"uv": [36, 42], "uv_size": [0.25, 0.75]}
							}
						},
						{
							"origin": [-0.375, 9.75, -2.75],
							"size": [0.75, 0.125, 0.75],
							"uv": {
								"north": {"uv": [35, 42], "uv_size": [0.75, 0.25]},
								"south": {"uv": [42, 35], "uv_size": [0.75, 0.25]},
								"up": {"uv": [38, 11], "uv_size": [0.75, 0.75]}
							}
						},
						{
							"origin": [-0.35355, 9.46967, -2.75],
							"size": [0.17678, 0.17678, 0.75],
							"pivot": [-0.55178, 9.52145, 3.125],
							"rotation": [0, 0, -45],
							"uv": {
								"north": {"uv": [16, 45], "uv_size": [0.25, 0.25]},
								"south": {"uv": [45, 16], "uv_size": [0.25, 0.25]},
								"up": {"uv": [42, 34], "uv_size": [0.25, 0.75]}
							}
						},
						{
							"origin": [-0.375, 9.75, -0.25],
							"size": [0.75, 0.125, 0.25],
							"uv": {
								"north": {"uv": [40, 42], "uv_size": [0.75, 0.25]},
								"south": {"uv": [42, 40], "uv_size": [0.75, 0.25]},
								"up": {"uv": [41, 42], "uv_size": [0.75, 0.25]}
							}
						},
						{
							"origin": [-0.35355, 9.46967, -0.25],
							"size": [0.17678, 0.17678, 0.25],
							"pivot": [-0.55178, 9.52145, 5.125],
							"rotation": [0, 0, -45],
							"uv": {
								"north": {"uv": [45, 24], "uv_size": [0.25, 0.25]},
								"south": {"uv": [25, 45], "uv_size": [0.25, 0.25]},
								"up": {"uv": [45, 25], "uv_size": [0.25, 0.25]}
							}
						},
						{
							"origin": [0.17678, 9.46967, -0.25],
							"size": [0.17678, 0.17678, 0.25],
							"pivot": [0.55178, 9.52145, 5.125],
							"rotation": [0, 0, 45],
							"uv": {
								"north": {"uv": [23, 45], "uv_size": [0.25, 0.25]},
								"south": {"uv": [45, 23], "uv_size": [0.25, 0.25]},
								"up": {"uv": [24, 45], "uv_size": [0.25, 0.25]}
							}
						},
						{
							"origin": [0.17678, 9.46967, -1.25],
							"size": [0.17678, 0.17678, 0.75],
							"pivot": [0.55178, 9.52145, 4.625],
							"rotation": [0, 0, 45],
							"uv": {
								"north": {"uv": [22, 45], "uv_size": [0.25, 0.25]},
								"south": {"uv": [45, 22], "uv_size": [0.25, 0.25]},
								"up": {"uv": [42, 39], "uv_size": [0.25, 0.75]}
							}
						},
						{
							"origin": [-0.375, 9.75, -1.25],
							"size": [0.75, 0.125, 0.75],
							"uv": {
								"north": {"uv": [42, 38], "uv_size": [0.75, 0.25]},
								"south": {"uv": [39, 42], "uv_size": [0.75, 0.25]},
								"up": {"uv": [12, 38], "uv_size": [0.75, 0.75]}
							}
						},
						{
							"origin": [-0.35355, 9.46967, -1.25],
							"size": [0.17678, 0.17678, 0.75],
							"pivot": [-0.55178, 9.52145, 4.625],
							"rotation": [0, 0, -45],
							"uv": {
								"north": {"uv": [21, 45], "uv_size": [0.25, 0.25]},
								"south": {"uv": [45, 21], "uv_size": [0.25, 0.25]},
								"up": {"uv": [38, 42], "uv_size": [0.25, 0.75]}
							}
						},
						{
							"origin": [-0.375, 9.75, 1.25],
							"size": [0.75, 0.125, 0.25],
							"uv": {
								"north": {"uv": [1, 43], "uv_size": [0.75, 0.25]},
								"south": {"uv": [43, 1], "uv_size": [0.75, 0.25]},
								"up": {"uv": [2, 43], "uv_size": [0.75, 0.25]}
							}
						},
						{
							"origin": [-0.35355, 9.46967, 1.25],
							"size": [0.17678, 0.17678, 0.25],
							"pivot": [-0.55178, 9.52145, 6.625],
							"rotation": [0, 0, -45],
							"uv": {
								"north": {"uv": [45, 29], "uv_size": [0.25, 0.25]},
								"south": {"uv": [30, 45], "uv_size": [0.25, 0.25]},
								"up": {"uv": [45, 30], "uv_size": [0.25, 0.25]}
							}
						},
						{
							"origin": [0.17678, 9.46967, 1.25],
							"size": [0.17678, 0.17678, 0.25],
							"pivot": [0.55178, 9.52145, 6.625],
							"rotation": [0, 0, 45],
							"uv": {
								"north": {"uv": [28, 45], "uv_size": [0.25, 0.25]},
								"south": {"uv": [45, 28], "uv_size": [0.25, 0.25]},
								"up": {"uv": [29, 45], "uv_size": [0.25, 0.25]}
							}
						},
						{
							"origin": [0.17678, 9.46967, 0.25],
							"size": [0.17678, 0.17678, 0.75],
							"pivot": [0.55178, 9.52145, 6.125],
							"rotation": [0, 0, 45],
							"uv": {
								"north": {"uv": [27, 45], "uv_size": [0.25, 0.25]},
								"south": {"uv": [45, 27], "uv_size": [0.25, 0.25]},
								"up": {"uv": [43, 0], "uv_size": [0.25, 0.75]}
							}
						},
						{
							"origin": [-0.375, 9.75, 0.25],
							"size": [0.75, 0.125, 0.75],
							"uv": {
								"north": {"uv": [42, 42], "uv_size": [0.75, 0.25]},
								"south": {"uv": [0, 43], "uv_size": [0.75, 0.25]},
								"up": {"uv": [38, 12], "uv_size": [0.75, 0.75]}
							}
						},
						{
							"origin": [-0.35355, 9.46967, 0.25],
							"size": [0.17678, 0.17678, 0.75],
							"pivot": [-0.55178, 9.52145, 6.125],
							"rotation": [0, 0, -45],
							"uv": {
								"north": {"uv": [26, 45], "uv_size": [0.25, 0.25]},
								"south": {"uv": [45, 26], "uv_size": [0.25, 0.25]},
								"up": {"uv": [42, 41], "uv_size": [0.25, 0.75]}
							}
						},
						{
							"origin": [-0.375, 9.75, 2.75],
							"size": [0.75, 0.125, 0.25],
							"uv": {
								"north": {"uv": [43, 4], "uv_size": [0.75, 0.25]},
								"south": {"uv": [5, 43], "uv_size": [0.75, 0.25]},
								"up": {"uv": [43, 5], "uv_size": [0.75, 0.25]}
							}
						},
						{
							"origin": [-0.35355, 9.46967, 2.75],
							"size": [0.17678, 0.17678, 0.25],
							"pivot": [-0.55178, 9.52145, 8.125],
							"rotation": [0, 0, -45],
							"uv": {
								"north": {"uv": [45, 34], "uv_size": [0.25, 0.25]},
								"south": {"uv": [35, 45], "uv_size": [0.25, 0.25]},
								"up": {"uv": [45, 35], "uv_size": [0.25, 0.25]}
							}
						},
						{
							"origin": [0.17678, 9.46967, 2.75],
							"size": [0.17678, 0.17678, 0.25],
							"pivot": [0.55178, 9.52145, 8.125],
							"rotation": [0, 0, 45],
							"uv": {
								"north": {"uv": [33, 45], "uv_size": [0.25, 0.25]},
								"south": {"uv": [45, 33], "uv_size": [0.25, 0.25]},
								"up": {"uv": [34, 45], "uv_size": [0.25, 0.25]}
							}
						},
						{
							"origin": [0.17678, 9.46967, 1.75],
							"size": [0.17678, 0.17678, 0.75],
							"pivot": [0.55178, 9.52145, 7.625],
							"rotation": [0, 0, 45],
							"uv": {
								"north": {"uv": [32, 45], "uv_size": [0.25, 0.25]},
								"south": {"uv": [45, 32], "uv_size": [0.25, 0.25]},
								"up": {"uv": [4, 43], "uv_size": [0.25, 0.75]}
							}
						},
						{
							"origin": [-0.375, 9.75, 1.75],
							"size": [0.75, 0.125, 0.75],
							"uv": {
								"north": {"uv": [3, 43], "uv_size": [0.75, 0.25]},
								"south": {"uv": [43, 3], "uv_size": [0.75, 0.25]},
								"up": {"uv": [14, 38], "uv_size": [0.75, 0.75]}
							}
						},
						{
							"origin": [-0.35355, 9.46967, 1.75],
							"size": [0.17678, 0.17678, 0.75],
							"pivot": [-0.55178, 9.52145, 7.625],
							"rotation": [0, 0, -45],
							"uv": {
								"north": {"uv": [31, 45], "uv_size": [0.25, 0.25]},
								"south": {"uv": [45, 31], "uv_size": [0.25, 0.25]},
								"up": {"uv": [43, 2], "uv_size": [0.25, 0.75]}
							}
						},
						{
							"origin": [-0.35355, 9.46967, 3.25],
							"size": [0.17678, 0.17678, 1],
							"pivot": [-0.55178, 9.52145, 9.125],
							"rotation": [0, 0, -45],
							"uv": {
								"north": {"uv": [37, 45], "uv_size": [0.25, 0.25]},
								"south": {"uv": [45, 37], "uv_size": [0.25, 0.25]},
								"up": {"uv": [41, 8], "uv_size": [0.25, 1]}
							}
						},
						{
							"origin": [-0.375, 9.75, 3.25],
							"size": [0.75, 0.125, 1],
							"uv": {
								"north": {"uv": [6, 43], "uv_size": [0.75, 0.25]},
								"south": {"uv": [43, 6], "uv_size": [0.75, 0.25]},
								"up": {"uv": [37, 24], "uv_size": [0.75, 1]}
							}
						},
						{
							"origin": [0.17678, 9.46967, 3.25],
							"size": [0.17678, 0.17678, 1],
							"pivot": [0.55178, 9.52145, 9.125],
							"rotation": [0, 0, 45],
							"uv": {
								"north": {"uv": [36, 45], "uv_size": [0.25, 0.25]},
								"south": {"uv": [45, 36], "uv_size": [0.25, 0.25]},
								"up": {"uv": [8, 41], "uv_size": [0.25, 1]}
							}
						},
						{
							"origin": [0.66421, 10.12868, -7.5],
							"size": [1.06066, 0.5, 6],
							"pivot": [1.97487, 7.37868, 0.25],
							"rotation": [0, 0, -45],
							"uv": {
								"north": {"uv": [28, 38], "uv_size": [1, 0.5]},
								"south": {"uv": [38, 28], "uv_size": [1, 0.5]},
								"up": {"uv": [10, 23], "uv_size": [1, 6]}
							}
						},
						{
							"origin": [1.22487, 10.12868, -1.5],
							"size": [0.5, 0.5, 4],
							"pivot": [1.97487, 7.37868, 4.25],
							"rotation": [0, 0, -45],
							"uv": {
								"east": {"uv": [31, 30], "uv_size": [4, 0.5]},
								"up": {"uv": [31, 31], "uv_size": [0.5, 4]},
								"down": {"uv": [6, 36], "uv_size": [0.5, -4]}
							}
						},
						{
							"origin": [-0.53033, 8.3651, -1.25],
							"size": [0.25, 0.5, 0.5],
							"pivot": [-1.03033, 8.61612, -1],
							"rotation": [0, 45, -45],
							"uv": {
								"east": {"uv": [41, 10], "uv_size": [0.5, 0.5]},
								"up": {"uv": [26, 43], "uv_size": [0.25, 0.5]},
								"down": {"uv": [43, 26.5], "uv_size": [0.25, -0.5]}
							}
						},
						{
							"origin": [0.66421, 10.12868, 2.5],
							"size": [1.06066, 0.5, 1.75],
							"pivot": [1.97487, 7.37868, 0.25],
							"rotation": [0, 0, -45],
							"uv": {
								"north": {"uv": [39, 7], "uv_size": [1, 0.5]},
								"south": {"uv": [8, 39], "uv_size": [1, 0.5]},
								"up": {"uv": [22, 32], "uv_size": [1, 1.75]}
							}
						},
						{
							"origin": [-1.28033, 8.3651, 2.5],
							"size": [0.5, 0.5, 0.25],
							"pivot": [-1.03033, 8.61612, 2],
							"rotation": [0, 45, -45],
							"uv": {
								"north": {"uv": [10, 41], "uv_size": [0.5, 0.5]},
								"up": {"uv": [25, 43], "uv_size": [0.5, 0.25]},
								"down": {"uv": [43, 25.25], "uv_size": [0.5, -0.25]}
							}
						},
						{
							"origin": [-1.72487, 10.12868, -7.5],
							"size": [1.06066, 0.5, 11.75],
							"pivot": [-1.97487, 7.37868, 0.25],
							"rotation": [0, 0, 45],
							"uv": {
								"north": {"uv": [38, 29], "uv_size": [1, 0.5]},
								"south": {"uv": [38, 30], "uv_size": [1, 0.5]},
								"up": {"uv": [9, 11], "uv_size": [1, 11.75]}
							}
						},
						{
							"origin": [0.66421, 4.12132, -7.5],
							"size": [1.06066, 0.75, 0.5],
							"pivot": [1.97487, 7.37132, 0.25],
							"rotation": [0, 0, 45],
							"uv": {
								"north": {"uv": [4, 37], "uv_size": [1, 0.75]},
								"east": {"uv": [0, 40], "uv_size": [0.5, 0.75]},
								"south": {"uv": [5, 37], "uv_size": [1, 0.75]},
								"west": {"uv": [40, 0], "uv_size": [0.5, 0.75]},
								"up": {"uv": [38, 32], "uv_size": [1, 0.5]},
								"down": {"uv": [33, 38.5], "uv_size": [1, -0.5]}
							}
						},
						{
							"origin": [-1.72487, 4.12132, -7.5],
							"size": [1.06066, 0.75, 0.5],
							"pivot": [-1.97487, 7.37132, 0.25],
							"rotation": [0, 0, -45],
							"uv": {
								"north": {"uv": [2, 37], "uv_size": [1, 0.75]},
								"east": {"uv": [39, 38], "uv_size": [0.5, 0.75]},
								"south": {"uv": [3, 37], "uv_size": [1, 0.75]},
								"west": {"uv": [39, 39], "uv_size": [0.5, 0.75]},
								"up": {"uv": [38, 31], "uv_size": [1, 0.5]},
								"down": {"uv": [32, 38.5], "uv_size": [1, -0.5]}
							}
						},
						{
							"origin": [-1.25, 8.25, 3.5],
							"size": [2.5, 0.5, 0.75],
							"uv": {
								"north": {"uv": [36, 1], "uv_size": [2.5, 0.5]},
								"east": {"uv": [40, 5], "uv_size": [0.75, 0.5]},
								"south": {"uv": [36, 2], "uv_size": [2.5, 0.5]},
								"west": {"uv": [7, 40], "uv_size": [0.75, 0.5]},
								"up": {"uv": [32, 13], "uv_size": [2.5, 0.75]},
								"down": {"uv": [32, 14.75], "uv_size": [2.5, -0.75]}
							}
						},
						{
							"origin": [-1.249, 7.91161, 3.1224],
							"size": [2.498, 0.625, 1.06066],
							"pivot": [-0.001, 8.16161, 3.80806],
							"rotation": [45, 0, 0],
							"uv": {
								"east": {"uv": [39, 8], "uv_size": [1, 0.5]},
								"west": {"uv": [9, 39], "uv_size": [1, 0.5]},
								"down": {"uv": [31, 22], "uv_size": [2.5, -1]}
							}
						},
						{
							"origin": [-1.25, 6.5, -7.5],
							"size": [2.5, 1, 6.75],
							"uv": {
								"north": {"uv": [31, 20], "uv_size": [2.5, 1]},
								"east": {"uv": [20, 7], "uv_size": [6.75, 1]},
								"west": {"uv": [21, 19], "uv_size": [6.75, 1]},
								"up": {"uv": [0, 6], "uv_size": [2.5, 6.75]}
							}
						},
						{
							"origin": [1, 5.04688, -7],
							"size": [0.25, 1.45313, 5.75],
							"pivot": [1.25, 6.5, -3.875],
							"rotation": [0, 0, 31],
							"uv": {
								"west": {"uv": [16, 11], "uv_size": [5.75, 1.5]}
							}
						},
						{
							"origin": [-1.25, 5.04688, -7],
							"size": [0.25, 1.45313, 5.75],
							"pivot": [-1.25, 6.5, -3.875],
							"rotation": [0, 0, -31],
							"uv": {
								"east": {"uv": [16, 13], "uv_size": [5.75, 1.5]}
							}
						},
						{
							"origin": [-1.25, 6, -7.5],
							"size": [2.5, 0.5, 0.5],
							"uv": {
								"north": {"uv": [36, 3], "uv_size": [2.5, 0.5]},
								"east": {"uv": [11, 41], "uv_size": [0.5, 0.5]},
								"south": {"uv": [36, 4], "uv_size": [2.5, 0.5]},
								"west": {"uv": [41, 11], "uv_size": [0.5, 0.5]}
							}
						},
						{
							"origin": [-1.25, 6, -1.25],
							"size": [2.5, 0.5, 0.5],
							"uv": {
								"north": {"uv": [36, 5], "uv_size": [2.5, 0.5]},
								"east": {"uv": [12, 41], "uv_size": [0.5, 0.5]},
								"west": {"uv": [41, 12], "uv_size": [0.5, 0.5]}
							}
						},
						{
							"origin": [-1.72487, 4.12132, -1.25],
							"size": [1.06066, 0.75, 0.5],
							"pivot": [-1.97487, 7.37132, 6],
							"rotation": [0, 0, -45],
							"uv": {
								"north": {"uv": [27, 37], "uv_size": [1, 0.75]},
								"east": {"uv": [17, 40], "uv_size": [0.5, 0.75]},
								"south": {"uv": [28, 37], "uv_size": [1, 0.75]},
								"west": {"uv": [40, 17], "uv_size": [0.5, 0.75]},
								"up": {"uv": [13, 39], "uv_size": [1, 0.5]},
								"down": {"uv": [39, 13.5], "uv_size": [1, -0.5]}
							}
						},
						{
							"origin": [0.66421, 4.12132, -1.25],
							"size": [1.06066, 0.75, 0.5],
							"pivot": [1.97487, 7.37132, 6],
							"rotation": [0, 0, 45],
							"uv": {
								"north": {"uv": [37, 28], "uv_size": [1, 0.75]},
								"east": {"uv": [18, 40], "uv_size": [0.5, 0.75]},
								"south": {"uv": [37, 29], "uv_size": [1, 0.75]},
								"west": {"uv": [40, 18], "uv_size": [0.5, 0.75]},
								"up": {"uv": [14, 39], "uv_size": [1, 0.5]},
								"down": {"uv": [39, 14.5], "uv_size": [1, -0.5]}
							}
						},
						{
							"origin": [-1.25, 7.5, 2.5],
							"size": [0.5, 1.25, 1],
							"uv": {
								"north": {"uv": [3, 38], "uv_size": [0.5, 1.25]},
								"east": {"uv": [31, 35], "uv_size": [1, 1.25]},
								"south": {"uv": [4, 38], "uv_size": [0.5, 1.25]},
								"west": {"uv": [35, 34], "uv_size": [1, 1.25]},
								"up": {"uv": [39, 5], "uv_size": [0.5, 1]},
								"down": {"uv": [7, 40], "uv_size": [0.5, -1]}
							}
						},
						{
							"origin": [-1.249, 7.25, -1.25],
							"size": [0.5, 0.25, 0.5],
							"pivot": [-1, 8, -1],
							"rotation": [-45, 0, 0],
							"uv": {
								"east": {"uv": [23, 43], "uv_size": [0.5, 0.25]},
								"west": {"uv": [43, 23], "uv_size": [0.5, 0.25]},
								"up": {"uv": [9, 41], "uv_size": [0.5, 0.5]}
							}
						},
						{
							"origin": [-1.249, 7.25, 1.75],
							"size": [0.5, 0.25, 0.5],
							"pivot": [-1, 8, 2],
							"rotation": [45, 0, 0],
							"uv": {
								"east": {"uv": [24, 43], "uv_size": [0.5, 0.25]},
								"west": {"uv": [43, 24], "uv_size": [0.5, 0.25]},
								"up": {"uv": [41, 9], "uv_size": [0.5, 0.5]}
							}
						},
						{
							"origin": [-1.25, 8.25, -7.5],
							"size": [2.5, 0.5, 6],
							"uv": {
								"north": {"uv": [35, 25], "uv_size": [2.5, 0.5]},
								"east": {"uv": [29, 7], "uv_size": [6, 0.5]},
								"south": {"uv": [35, 32], "uv_size": [2.5, 0.5]},
								"west": {"uv": [29, 8], "uv_size": [6, 0.5]},
								"down": {"uv": [8, 6], "uv_size": [2.5, -6]}
							}
						},
						{
							"origin": [-1.25, 7.5, -7.5],
							"size": [2.5, 0.75, 0.5],
							"uv": {
								"north": {"uv": [32, 19], "uv_size": [2.5, 0.75]},
								"east": {"uv": [14, 40], "uv_size": [0.5, 0.75]},
								"south": {"uv": [32, 24], "uv_size": [2.5, 0.75]},
								"west": {"uv": [40, 14], "uv_size": [0.5, 0.75]}
							}
						},
						{
							"origin": [-1.25, 7.5, -5],
							"size": [0.25, 0.75, 0.5],
							"uv": {
								"north": {"uv": [7, 43], "uv_size": [0.25, 0.75]},
								"east": {"uv": [15, 40], "uv_size": [0.5, 0.75]},
								"south": {"uv": [43, 7], "uv_size": [0.25, 0.75]},
								"west": {"uv": [40, 15], "uv_size": [0.5, 0.75]}
							}
						},
						{
							"origin": [1, 7.5, -5],
							"size": [0.25, 0.75, 0.5],
							"uv": {
								"north": {"uv": [8, 43], "uv_size": [0.25, 0.75]},
								"east": {"uv": [16, 40], "uv_size": [0.5, 0.75]},
								"south": {"uv": [43, 8], "uv_size": [0.25, 0.75]},
								"west": {"uv": [40, 16], "uv_size": [0.5, 0.75]}
							}
						},
						{
							"origin": [0.999, 7.25, -6.875],
							"size": [0.25, 0.25, 0.5],
							"pivot": [1.125, 7.875, -6.625],
							"rotation": [-45, 0, 0],
							"uv": {
								"east": {"uv": [27, 43], "uv_size": [0.5, 0.25]},
								"west": {"uv": [43, 27], "uv_size": [0.5, 0.25]},
								"up": {"uv": [28, 43], "uv_size": [0.25, 0.5]}
							}
						},
						{
							"origin": [0.999, 7.625, -7.25],
							"size": [0.25, 0.5, 0.25],
							"pivot": [1.125, 7.875, -6.625],
							"rotation": [-45, 0, 0],
							"uv": {
								"east": {"uv": [43, 28], "uv_size": [0.25, 0.5]},
								"south": {"uv": [29, 43], "uv_size": [0.25, 0.5]},
								"west": {"uv": [43, 29], "uv_size": [0.25, 0.5]}
							}
						},
						{
							"origin": [0.999, 7.625, -4.75],
							"size": [0.25, 0.5, 0.25],
							"pivot": [1.125, 7.875, -4.125],
							"rotation": [-45, 0, 0],
							"uv": {
								"east": {"uv": [43, 31], "uv_size": [0.25, 0.5]},
								"south": {"uv": [32, 43], "uv_size": [0.25, 0.5]},
								"west": {"uv": [43, 32], "uv_size": [0.25, 0.5]}
							}
						},
						{
							"origin": [0.999, 7.25, -4.375],
							"size": [0.25, 0.25, 0.5],
							"pivot": [1.125, 7.875, -4.125],
							"rotation": [-45, 0, 0],
							"uv": {
								"east": {"uv": [30, 43], "uv_size": [0.5, 0.25]},
								"west": {"uv": [43, 30], "uv_size": [0.5, 0.25]},
								"up": {"uv": [31, 43], "uv_size": [0.25, 0.5]}
							}
						},
						{
							"origin": [0.999, 7.625, -5],
							"size": [0.25, 0.5, 0.25],
							"pivot": [1.125, 7.875, -5.375],
							"rotation": [45, 0, 0],
							"uv": {
								"north": {"uv": [43, 34], "uv_size": [0.25, 0.5]},
								"east": {"uv": [35, 43], "uv_size": [0.25, 0.5]},
								"west": {"uv": [43, 35], "uv_size": [0.25, 0.5]}
							}
						},
						{
							"origin": [0.999, 7.25, -5.625],
							"size": [0.25, 0.25, 0.5],
							"pivot": [1.125, 7.875, -5.375],
							"rotation": [45, 0, 0],
							"uv": {
								"east": {"uv": [33, 43], "uv_size": [0.5, 0.25]},
								"west": {"uv": [43, 33], "uv_size": [0.5, 0.25]},
								"up": {"uv": [34, 43], "uv_size": [0.25, 0.5]}
							}
						},
						{
							"origin": [0.999, 7.625, -2.5],
							"size": [0.25, 0.5, 0.25],
							"pivot": [1.125, 7.875, -2.875],
							"rotation": [45, 0, 0],
							"uv": {
								"north": {"uv": [43, 37], "uv_size": [0.25, 0.5]},
								"east": {"uv": [38, 43], "uv_size": [0.25, 0.5]},
								"west": {"uv": [43, 38], "uv_size": [0.25, 0.5]}
							}
						},
						{
							"origin": [0.999, 7.25, -3.125],
							"size": [0.25, 0.25, 0.5],
							"pivot": [1.125, 7.875, -2.875],
							"rotation": [45, 0, 0],
							"uv": {
								"east": {"uv": [36, 43], "uv_size": [0.5, 0.25]},
								"west": {"uv": [43, 36], "uv_size": [0.5, 0.25]},
								"up": {"uv": [37, 43], "uv_size": [0.25, 0.5]}
							}
						},
						{
							"origin": [-1.249, 7.625, -2.5],
							"size": [0.25, 0.5, 0.25],
							"pivot": [-1.125, 7.875, -2.875],
							"rotation": [45, 0, 0],
							"uv": {
								"north": {"uv": [6, 44], "uv_size": [0.25, 0.5]},
								"east": {"uv": [44, 6], "uv_size": [0.25, 0.5]},
								"west": {"uv": [7, 44], "uv_size": [0.25, 0.5]}
							}
						},
						{
							"origin": [-1.249, 7.25, -3.125],
							"size": [0.25, 0.25, 0.5],
							"pivot": [-1.125, 7.875, -2.875],
							"rotation": [45, 0, 0],
							"uv": {
								"east": {"uv": [44, 4], "uv_size": [0.5, 0.25]},
								"west": {"uv": [5, 44], "uv_size": [0.5, 0.25]},
								"up": {"uv": [44, 5], "uv_size": [0.25, 0.5]}
							}
						},
						{
							"origin": [-1.249, 7.625, -7.25],
							"size": [0.25, 0.5, 0.25],
							"pivot": [-1.125, 7.875, -6.625],
							"rotation": [-45, 0, 0],
							"uv": {
								"east": {"uv": [3, 44], "uv_size": [0.25, 0.5]},
								"south": {"uv": [44, 3], "uv_size": [0.25, 0.5]},
								"west": {"uv": [4, 44], "uv_size": [0.25, 0.5]}
							}
						},
						{
							"origin": [-1.249, 7.25, -6.875],
							"size": [0.25, 0.25, 0.5],
							"pivot": [-1.125, 7.875, -6.625],
							"rotation": [-45, 0, 0],
							"uv": {
								"east": {"uv": [44, 1], "uv_size": [0.5, 0.25]},
								"west": {"uv": [2, 44], "uv_size": [0.5, 0.25]},
								"up": {"uv": [44, 2], "uv_size": [0.25, 0.5]}
							}
						},
						{
							"origin": [-1.249, 7.25, -4.375],
							"size": [0.25, 0.25, 0.5],
							"pivot": [-1.125, 7.875, -4.125],
							"rotation": [-45, 0, 0],
							"uv": {
								"east": {"uv": [0, 44], "uv_size": [0.5, 0.25]},
								"west": {"uv": [44, 0], "uv_size": [0.5, 0.25]},
								"up": {"uv": [1, 44], "uv_size": [0.25, 0.5]}
							}
						},
						{
							"origin": [-1.249, 7.625, -4.75],
							"size": [0.25, 0.5, 0.25],
							"pivot": [-1.125, 7.875, -4.125],
							"rotation": [-45, 0, 0],
							"uv": {
								"east": {"uv": [42, 43], "uv_size": [0.25, 0.5]},
								"south": {"uv": [43, 42], "uv_size": [0.25, 0.5]},
								"west": {"uv": [43, 43], "uv_size": [0.25, 0.5]}
							}
						},
						{
							"origin": [-1.249, 7.625, -5],
							"size": [0.25, 0.5, 0.25],
							"pivot": [-1.125, 7.875, -5.375],
							"rotation": [45, 0, 0],
							"uv": {
								"north": {"uv": [43, 40], "uv_size": [0.25, 0.5]},
								"east": {"uv": [41, 43], "uv_size": [0.25, 0.5]},
								"west": {"uv": [43, 41], "uv_size": [0.25, 0.5]}
							}
						},
						{
							"origin": [0.75, 7.5, -1.5],
							"size": [0.5, 1.25, 5],
							"uv": {
								"east": {"uv": [24, 11], "uv_size": [5, 1.25]},
								"west": {"uv": [24, 13], "uv_size": [5, 1.25]}
							}
						},
						{
							"origin": [-1.249, 7.25, -5.625],
							"size": [0.25, 0.25, 0.5],
							"pivot": [-1.125, 7.875, -5.375],
							"rotation": [45, 0, 0],
							"uv": {
								"east": {"uv": [39, 43], "uv_size": [0.5, 0.25]},
								"west": {"uv": [43, 39], "uv_size": [0.5, 0.25]},
								"up": {"uv": [40, 43], "uv_size": [0.25, 0.5]}
							}
						},
						{
							"origin": [-1.25, 7.5, -2.5],
							"size": [2.5, 0.75, 1],
							"uv": {
								"north": {"uv": [32, 25], "uv_size": [2.5, 0.75]},
								"east": {"uv": [25, 37], "uv_size": [1, 0.75]},
								"south": {"uv": [26, 32], "uv_size": [2.5, 0.75]},
								"west": {"uv": [26, 37], "uv_size": [1, 0.75]}
							}
						},
						{
							"origin": [-0.75, 8.75, -7.5],
							"size": [1.5, 0.25, 6],
							"uv": {
								"north": {"uv": [3, 40], "uv_size": [1.5, 0.25]},
								"east": {"uv": [33, 33], "uv_size": [6, 0.25]},
								"south": {"uv": [5, 40], "uv_size": [1.5, 0.25]},
								"west": {"uv": [34, 0], "uv_size": [6, 0.25]},
								"up": {"uv": [3, 15], "uv_size": [1.5, 6]},
								"down": {"uv": [5, 21], "uv_size": [1.5, -6]}
							}
						},
						{
							"origin": [-0.5, 5.25, -7.5],
							"size": [1, 0.75, 6.75],
							"uv": {
								"north": {"uv": [36, 36], "uv_size": [1, 0.75]},
								"down": {"uv": [4, 27.75], "uv_size": [1, -6.75]}
							}
						},
						{
							"origin": [-0.375, 5, -7.5],
							"size": [0.75, 0.25, 6.75],
							"uv": {
								"north": {"uv": [7, 42], "uv_size": [0.75, 0.25]},
								"east": {"uv": [32, 26], "uv_size": [6.75, 0.25]},
								"south": {"uv": [42, 7], "uv_size": [0.75, 0.25]},
								"west": {"uv": [32, 27], "uv_size": [6.75, 0.25]}
							}
						},
						{
							"origin": [-0.375, 4.875, -1.5],
							"size": [0.75, 0.125, 0.75],
							"uv": {
								"north": {"uv": [9, 42], "uv_size": [0.75, 0.25]},
								"south": {"uv": [42, 9], "uv_size": [0.75, 0.25]},
								"down": {"uv": [6, 38.75], "uv_size": [0.75, -0.75]}
							}
						},
						{
							"origin": [-0.5, 5, -7.5],
							"size": [1, 0, 6.75],
							"uv": {
								"down": {"uv": [5, 27.75], "uv_size": [1, -6.75]}
							}
						},
						{
							"origin": [0.28661, 5.08839, -7.5],
							"size": [0.25, 0, 6.75],
							"pivot": [0.41161, 5.08839, -4.125],
							"rotation": [0, 0, -135],
							"uv": {
								"down": {"uv": [23, 38.75], "uv_size": [0.25, -6.75]}
							}
						},
						{
							"origin": [-0.53661, 5.08839, -7.5],
							"size": [0.25, 0, 6.75],
							"pivot": [-0.41161, 5.08839, -4.125],
							"rotation": [0, 0, 135],
							"uv": {
								"down": {"uv": [32, 37.75], "uv_size": [0.25, -6.75]}
							}
						},
						{
							"origin": [-0.08211, 5.50888, -1.5],
							"size": [0.17678, 0.17678, 0.75],
							"pivot": [-0.90533, 5.75888, -4],
							"rotation": [0, 0, 45],
							"uv": {
								"north": {"uv": [44, 23], "uv_size": [0.25, 0.25]},
								"south": {"uv": [24, 44], "uv_size": [0.25, 0.25]},
								"down": {"uv": [10, 42.75], "uv_size": [0.25, -0.75]}
							}
						},
						{
							"origin": [-0.09467, 5.50888, -1.5],
							"size": [0.17678, 0.17678, 0.75],
							"pivot": [0.90533, 5.75888, -4],
							"rotation": [0, 0, -45],
							"uv": {
								"north": {"uv": [44, 24], "uv_size": [0.25, 0.25]},
								"south": {"uv": [25, 44], "uv_size": [0.25, 0.25]},
								"down": {"uv": [42, 10.75], "uv_size": [0.25, -0.75]}
							}
						},
						{
							"origin": [-0.08211, 5.50888, -2],
							"size": [0.17678, 0.17678, 0.25],
							"pivot": [-0.90533, 5.75888, -4.5],
							"rotation": [0, 0, 45],
							"uv": {
								"north": {"uv": [27, 44], "uv_size": [0.25, 0.25]},
								"south": {"uv": [44, 27], "uv_size": [0.25, 0.25]},
								"down": {"uv": [28, 44.25], "uv_size": [0.25, -0.25]}
							}
						},
						{
							"origin": [-0.375, 4.875, -2],
							"size": [0.75, 0.125, 0.25],
							"uv": {
								"north": {"uv": [11, 42], "uv_size": [0.75, 0.25]},
								"south": {"uv": [42, 11], "uv_size": [0.75, 0.25]},
								"down": {"uv": [12, 42.25], "uv_size": [0.75, -0.25]}
							}
						},
						{
							"origin": [-0.09467, 5.50888, -2],
							"size": [0.17678, 0.17678, 0.25],
							"pivot": [0.90533, 5.75888, -4.5],
							"rotation": [0, 0, -45],
							"uv": {
								"north": {"uv": [44, 25], "uv_size": [0.25, 0.25]},
								"south": {"uv": [26, 44], "uv_size": [0.25, 0.25]},
								"down": {"uv": [44, 26.25], "uv_size": [0.25, -0.25]}
							}
						},
						{
							"origin": [-0.08211, 5.50888, -3.5],
							"size": [0.17678, 0.17678, 0.25],
							"pivot": [-0.90533, 5.75888, -6],
							"rotation": [0, 0, 45],
							"uv": {
								"north": {"uv": [32, 44], "uv_size": [0.25, 0.25]},
								"south": {"uv": [44, 32], "uv_size": [0.25, 0.25]},
								"down": {"uv": [33, 44.25], "uv_size": [0.25, -0.25]}
							}
						},
						{
							"origin": [-0.375, 4.875, -3.5],
							"size": [0.75, 0.125, 0.25],
							"uv": {
								"north": {"uv": [42, 14], "uv_size": [0.75, 0.25]},
								"south": {"uv": [15, 42], "uv_size": [0.75, 0.25]},
								"down": {"uv": [42, 15.25], "uv_size": [0.75, -0.25]}
							}
						},
						{
							"origin": [-0.09467, 5.50888, -3.5],
							"size": [0.17678, 0.17678, 0.25],
							"pivot": [0.90533, 5.75888, -6],
							"rotation": [0, 0, -45],
							"uv": {
								"north": {"uv": [44, 30], "uv_size": [0.25, 0.25]},
								"south": {"uv": [31, 44], "uv_size": [0.25, 0.25]},
								"down": {"uv": [44, 31.25], "uv_size": [0.25, -0.25]}
							}
						},
						{
							"origin": [-0.08211, 5.50888, -3],
							"size": [0.17678, 0.17678, 0.75],
							"pivot": [-0.90533, 5.75888, -5.5],
							"rotation": [0, 0, 45],
							"uv": {
								"north": {"uv": [44, 29], "uv_size": [0.25, 0.25]},
								"south": {"uv": [30, 44], "uv_size": [0.25, 0.25]},
								"down": {"uv": [14, 42.75], "uv_size": [0.25, -0.75]}
							}
						},
						{
							"origin": [-0.375, 4.875, -3],
							"size": [0.75, 0.125, 0.75],
							"uv": {
								"north": {"uv": [13, 42], "uv_size": [0.75, 0.25]},
								"south": {"uv": [42, 13], "uv_size": [0.75, 0.25]},
								"down": {"uv": [7, 38.75], "uv_size": [0.75, -0.75]}
							}
						},
						{
							"origin": [-0.09467, 5.50888, -3],
							"size": [0.17678, 0.17678, 0.75],
							"pivot": [0.90533, 5.75888, -5.5],
							"rotation": [0, 0, -45],
							"uv": {
								"north": {"uv": [44, 28], "uv_size": [0.25, 0.25]},
								"south": {"uv": [29, 44], "uv_size": [0.25, 0.25]},
								"down": {"uv": [42, 12.75], "uv_size": [0.25, -0.75]}
							}
						},
						{
							"origin": [-0.08211, 5.50888, -5],
							"size": [0.17678, 0.17678, 0.25],
							"pivot": [-0.90533, 5.75888, -7.5],
							"rotation": [0, 0, 45],
							"uv": {
								"north": {"uv": [37, 44], "uv_size": [0.25, 0.25]},
								"south": {"uv": [44, 37], "uv_size": [0.25, 0.25]},
								"down": {"uv": [38, 44.25], "uv_size": [0.25, -0.25]}
							}
						},
						{
							"origin": [-0.375, 4.875, -5],
							"size": [0.75, 0.125, 0.25],
							"uv": {
								"north": {"uv": [18, 42], "uv_size": [0.75, 0.25]},
								"south": {"uv": [42, 18], "uv_size": [0.75, 0.25]},
								"down": {"uv": [19, 42.25], "uv_size": [0.75, -0.25]}
							}
						},
						{
							"origin": [-0.09467, 5.50888, -5],
							"size": [0.17678, 0.17678, 0.25],
							"pivot": [0.90533, 5.75888, -7.5],
							"rotation": [0, 0, -45],
							"uv": {
								"north": {"uv": [44, 35], "uv_size": [0.25, 0.25]},
								"south": {"uv": [36, 44], "uv_size": [0.25, 0.25]},
								"down": {"uv": [44, 36.25], "uv_size": [0.25, -0.25]}
							}
						},
						{
							"origin": [-0.08211, 5.50888, -4.5],
							"size": [0.17678, 0.17678, 0.75],
							"pivot": [-0.90533, 5.75888, -7],
							"rotation": [0, 0, 45],
							"uv": {
								"north": {"uv": [44, 34], "uv_size": [0.25, 0.25]},
								"south": {"uv": [35, 44], "uv_size": [0.25, 0.25]},
								"down": {"uv": [42, 17.75], "uv_size": [0.25, -0.75]}
							}
						},
						{
							"origin": [-0.375, 4.875, -4.5],
							"size": [0.75, 0.125, 0.75],
							"uv": {
								"north": {"uv": [42, 16], "uv_size": [0.75, 0.25]},
								"south": {"uv": [17, 42], "uv_size": [0.75, 0.25]},
								"down": {"uv": [38, 7.75], "uv_size": [0.75, -0.75]}
							}
						},
						{
							"origin": [-0.09467, 5.50888, -4.5],
							"size": [0.17678, 0.17678, 0.75],
							"pivot": [0.90533, 5.75888, -7],
							"rotation": [0, 0, -45],
							"uv": {
								"north": {"uv": [44, 33], "uv_size": [0.25, 0.25]},
								"south": {"uv": [34, 44], "uv_size": [0.25, 0.25]},
								"down": {"uv": [16, 42.75], "uv_size": [0.25, -0.75]}
							}
						},
						{
							"origin": [-0.08211, 5.50888, -6.5],
							"size": [0.17678, 0.17678, 0.25],
							"pivot": [-0.90533, 5.75888, -9],
							"rotation": [0, 0, 45],
							"uv": {
								"north": {"uv": [42, 44], "uv_size": [0.25, 0.25]},
								"south": {"uv": [44, 42], "uv_size": [0.25, 0.25]},
								"down": {"uv": [43, 44.25], "uv_size": [0.25, -0.25]}
							}
						},
						{
							"origin": [-0.375, 4.875, -6.5],
							"size": [0.75, 0.125, 0.25],
							"uv": {
								"north": {"uv": [42, 21], "uv_size": [0.75, 0.25]},
								"south": {"uv": [22, 42], "uv_size": [0.75, 0.25]},
								"down": {"uv": [42, 22.25], "uv_size": [0.75, -0.25]}
							}
						},
						{
							"origin": [-0.09467, 5.50888, -6.5],
							"size": [0.17678, 0.17678, 0.25],
							"pivot": [0.90533, 5.75888, -9],
							"rotation": [0, 0, -45],
							"uv": {
								"north": {"uv": [44, 40], "uv_size": [0.25, 0.25]},
								"south": {"uv": [41, 44], "uv_size": [0.25, 0.25]},
								"down": {"uv": [44, 41.25], "uv_size": [0.25, -0.25]}
							}
						},
						{
							"origin": [-0.08211, 5.50888, -6],
							"size": [0.17678, 0.17678, 0.75],
							"pivot": [-0.90533, 5.75888, -8.5],
							"rotation": [0, 0, 45],
							"uv": {
								"north": {"uv": [44, 39], "uv_size": [0.25, 0.25]},
								"south": {"uv": [40, 44], "uv_size": [0.25, 0.25]},
								"down": {"uv": [21, 42.75], "uv_size": [0.25, -0.75]}
							}
						},
						{
							"origin": [-0.375, 4.875, -6],
							"size": [0.75, 0.125, 0.75],
							"uv": {
								"north": {"uv": [20, 42], "uv_size": [0.75, 0.25]},
								"south": {"uv": [42, 20], "uv_size": [0.75, 0.25]},
								"down": {"uv": [8, 38.75], "uv_size": [0.75, -0.75]}
							}
						},
						{
							"origin": [-0.09467, 5.50888, -6],
							"size": [0.17678, 0.17678, 0.75],
							"pivot": [0.90533, 5.75888, -8.5],
							"rotation": [0, 0, -45],
							"uv": {
								"north": {"uv": [44, 38], "uv_size": [0.25, 0.25]},
								"south": {"uv": [39, 44], "uv_size": [0.25, 0.25]},
								"down": {"uv": [42, 19.75], "uv_size": [0.25, -0.75]}
							}
						},
						{
							"origin": [-0.09467, 5.50888, -7.5],
							"size": [0.17678, 0.17678, 0.75],
							"pivot": [0.90533, 5.75888, -10],
							"rotation": [0, 0, -45],
							"uv": {
								"north": {"uv": [0, 45], "uv_size": [0.25, 0.25]},
								"south": {"uv": [45, 0], "uv_size": [0.25, 0.25]},
								"down": {"uv": [42, 24.75], "uv_size": [0.25, -0.75]}
							}
						},
						{
							"origin": [-0.375, 4.875, -7.5],
							"size": [0.75, 0.125, 0.75],
							"uv": {
								"north": {"uv": [42, 23], "uv_size": [0.75, 0.25]},
								"south": {"uv": [24, 42], "uv_size": [0.75, 0.25]},
								"down": {"uv": [38, 8.75], "uv_size": [0.75, -0.75]}
							}
						},
						{
							"origin": [-0.08211, 5.50888, -7.5],
							"size": [0.17678, 0.17678, 0.75],
							"pivot": [-0.90533, 5.75888, -10],
							"rotation": [0, 0, 45],
							"uv": {
								"north": {"uv": [44, 43], "uv_size": [0.25, 0.25]},
								"south": {"uv": [44, 44], "uv_size": [0.25, 0.25]},
								"down": {"uv": [23, 42.75], "uv_size": [0.25, -0.75]}
							}
						},
						{
							"origin": [-0.5, 4.85355, 5.5],
							"size": [1, 0.25, 0.75],
							"pivot": [0.5, 5.10355, 5.75],
							"rotation": [45, 0, 0],
							"uv": {
								"north": {"uv": [40, 23], "uv_size": [1, 0.25]},
								"east": {"uv": [41, 32], "uv_size": [0.75, 0.25]},
								"south": {"uv": [24, 40], "uv_size": [1, 0.25]},
								"west": {"uv": [33, 41], "uv_size": [0.75, 0.25]},
								"up": {"uv": [17, 7], "uv_size": [1, 0.75]},
								"down": {"uv": [34, 1.75], "uv_size": [1, -0.75]}
							}
						},
						{
							"origin": [-0.25, 6.18436, 5.12186],
							"size": [0.5, 0.5, 0.25],
							"pivot": [0, 6.43436, 5.24686],
							"rotation": [30, 0, 0],
							"uv": {
								"north": {"uv": [40, 28], "uv_size": [0.5, 0.5]},
								"east": {"uv": [21, 43], "uv_size": [0.25, 0.5]},
								"west": {"uv": [43, 21], "uv_size": [0.25, 0.5]}
							}
						},
						{
							"origin": [-0.25, 5, 5.25],
							"size": [0.5, 1.5, 0.75],
							"uv": {
								"north": {"uv": [36, 30], "uv_size": [0.5, 1.5]},
								"east": {"uv": [1, 36], "uv_size": [0.75, 1.5]},
								"west": {"uv": [6, 36], "uv_size": [0.75, 1.5]}
							}
						},
						{
							"origin": [-0.25, 4.81564, 5.12186],
							"size": [0.5, 0.5, 0.25],
							"pivot": [0, 5.06564, 5.24686],
							"rotation": [-30, 0, 0],
							"uv": {
								"north": {"uv": [40, 29], "uv_size": [0.5, 0.5]},
								"east": {"uv": [22, 43], "uv_size": [0.25, 0.5]},
								"west": {"uv": [43, 22], "uv_size": [0.25, 0.5]}
							}
						},
						{
							"origin": [0.75, 7.83579, -12.5],
							"size": [0.25, 0.82843, 10],
							"pivot": [0, 8.25, -7.75],
							"rotation": [0, 0, 45],
							"uv": {
								"north": {"uv": [4, 42], "uv_size": [0.25, 0.75]},
								"east": {"uv": [19, 2], "uv_size": [10, 0.75]},
								"south": {"uv": [42, 4], "uv_size": [0.25, 0.75]},
								"west": {"uv": [20, 4], "uv_size": [10, 0.75]}
							}
						},
						{
							"origin": [-0.41421, 5.375, -10.5],
							"size": [0.82843, 2, 1],
							"pivot": [0, 6.375, -7.75],
							"rotation": [0, 0, 45],
							"uv": {
								"north": {"uv": [33, 22], "uv_size": [0.75, 2]},
								"south": {"uv": [25, 33], "uv_size": [0.75, 2]},
								"up": {"uv": [14, 37], "uv_size": [0.75, 1]},
								"down": {"uv": [37, 15], "uv_size": [0.75, -1]}
							}
						},
						{
							"origin": [-0.41421, 4.875, -10.5],
							"size": [0.82843, 0.5, 1],
							"uv": {
								"north": {"uv": [1, 40], "uv_size": [0.75, 0.5]},
								"east": {"uv": [35, 38], "uv_size": [1, 0.5]},
								"south": {"uv": [2, 40], "uv_size": [0.75, 0.5]},
								"west": {"uv": [38, 35], "uv_size": [1, 0.5]},
								"up": {"uv": [37, 18], "uv_size": [0.75, 1]},
								"down": {"uv": [37, 20], "uv_size": [0.75, -1]}
							}
						},
						{
							"origin": [-0.41421, 5.375, -10.5],
							"size": [0.82843, 2, 1],
							"uv": {
								"north": {"uv": [26, 33], "uv_size": [0.75, 2]},
								"south": {"uv": [27, 33], "uv_size": [0.75, 2]},
								"up": {"uv": [15, 37], "uv_size": [0.75, 1]},
								"down": {"uv": [37, 16], "uv_size": [0.75, -1]}
							}
						},
						{
							"origin": [-1, 5.96079, -10.5],
							"size": [2, 0.82843, 1],
							"pivot": [0, 6.375, -7.75],
							"rotation": [0, 0, 45],
							"uv": {
								"north": {"uv": [33, 28], "uv_size": [2, 0.75]},
								"east": {"uv": [16, 37], "uv_size": [1, 0.75]},
								"south": {"uv": [33, 29], "uv_size": [2, 0.75]},
								"west": {"uv": [37, 16], "uv_size": [1, 0.75]}
							}
						},
						{
							"origin": [-1, 5.96079, -10.5],
							"size": [2, 0.82843, 1],
							"uv": {
								"north": {"uv": [33, 31], "uv_size": [2, 0.75]},
								"east": {"uv": [17, 37], "uv_size": [1, 0.75]},
								"south": {"uv": [33, 32], "uv_size": [2, 0.75]},
								"west": {"uv": [37, 17], "uv_size": [1, 0.75]}
							}
						},
						{
							"origin": [-1, 7.83579, -12.5],
							"size": [0.25, 0.82843, 10],
							"uv": {
								"north": {"uv": [5, 42], "uv_size": [0.25, 0.75]},
								"east": {"uv": [20, 5], "uv_size": [10, 0.75]},
								"south": {"uv": [42, 5], "uv_size": [0.25, 0.75]},
								"west": {"uv": [20, 6], "uv_size": [10, 0.75]}
							}
						},
						{
							"origin": [-0.41421, 7.25, -12.5],
							"size": [0.82843, 0.25, 10],
							"pivot": [0, 8.25, -7.75],
							"rotation": [0, 0, 45],
							"uv": {
								"north": {"uv": [6, 42], "uv_size": [0.75, 0.25]},
								"south": {"uv": [42, 6], "uv_size": [0.75, 0.25]},
								"up": {"uv": [20, 15], "uv_size": [0.75, 10]},
								"down": {"uv": [3, 31], "uv_size": [0.75, -10]}
							}
						},
						{
							"origin": [0.75, 7.83579, -12.5],
							"size": [0.25, 0.82843, 10],
							"uv": {
								"north": {"uv": [2, 42], "uv_size": [0.25, 0.75]},
								"east": {"uv": [19, 0], "uv_size": [10, 0.75]},
								"south": {"uv": [42, 2], "uv_size": [0.25, 0.75]},
								"west": {"uv": [19, 1], "uv_size": [10, 0.75]}
							}
						},
						{
							"origin": [-1, 7.83579, -12.5],
							"size": [0.25, 0.82843, 10],
							"pivot": [0, 8.25, -7.75],
							"rotation": [0, 0, 45],
							"uv": {
								"north": {"uv": [1, 42], "uv_size": [0.25, 0.75]},
								"east": {"uv": [17, 8], "uv_size": [10, 0.75]},
								"south": {"uv": [42, 1], "uv_size": [0.25, 0.75]},
								"west": {"uv": [17, 9], "uv_size": [10, 0.75]}
							}
						},
						{
							"origin": [-0.41421, 9, -12.5],
							"size": [0.82843, 0.25, 10],
							"uv": {
								"north": {"uv": [3, 42], "uv_size": [0.75, 0.25]},
								"south": {"uv": [42, 3], "uv_size": [0.75, 0.25]},
								"up": {"uv": [16, 19], "uv_size": [0.75, 10]},
								"down": {"uv": [17, 29], "uv_size": [0.75, -10]}
							}
						},
						{
							"origin": [-0.41421, 7.25, -12.5],
							"size": [0.82843, 0.25, 10],
							"uv": {
								"north": {"uv": [0, 42], "uv_size": [0.75, 0.25]},
								"south": {"uv": [42, 0], "uv_size": [0.75, 0.25]},
								"up": {"uv": [18, 15], "uv_size": [0.75, 10]},
								"down": {"uv": [19, 25], "uv_size": [0.75, -10]}
							}
						},
						{
							"origin": [-0.41421, 9, -12.5],
							"size": [0.82843, 0.25, 10],
							"pivot": [0, 8.25, -7.75],
							"rotation": [0, 0, 45],
							"uv": {
								"north": {"uv": [41, 40], "uv_size": [0.75, 0.25]},
								"south": {"uv": [41, 41], "uv_size": [0.75, 0.25]},
								"up": {"uv": [2, 18], "uv_size": [0.75, 10]},
								"down": {"uv": [15, 28], "uv_size": [0.75, -10]}
							}
						},
						{
							"origin": [-0.875, 6.01256, -11.5],
							"size": [1.75, 0.72487, 4],
							"uv": {
								"north": {"uv": [35, 19], "uv_size": [1.75, 0.75]},
								"east": {"uv": [29, 1], "uv_size": [4, 0.75]},
								"south": {"uv": [35, 20], "uv_size": [1.75, 0.75]},
								"west": {"uv": [29, 2], "uv_size": [4, 0.75]}
							}
						},
						{
							"origin": [-0.875, 6.01256, -11.5],
							"size": [1.75, 0.72487, 4],
							"pivot": [0, 6.375, -7.75],
							"rotation": [0, 0, 45],
							"uv": {
								"north": {"uv": [35, 17], "uv_size": [1.75, 0.75]},
								"east": {"uv": [28, 19], "uv_size": [4, 0.75]},
								"south": {"uv": [35, 18], "uv_size": [1.75, 0.75]},
								"west": {"uv": [29, 0], "uv_size": [4, 0.75]}
							}
						},
						{
							"origin": [-0.36244, 5.5, -11.5],
							"size": [0.72487, 1.75, 4],
							"uv": {
								"north": {"uv": [16, 35], "uv_size": [0.75, 1.75]},
								"south": {"uv": [17, 35], "uv_size": [0.75, 1.75]},
								"up": {"uv": [16, 29], "uv_size": [0.75, 4]},
								"down": {"uv": [17, 33], "uv_size": [0.75, -4]}
							}
						},
						{
							"origin": [-0.36244, 5.5, -11.5],
							"size": [0.72487, 1.75, 4],
							"pivot": [0, 6.375, -7.75],
							"rotation": [0, 0, 45],
							"uv": {
								"north": {"uv": [15, 35], "uv_size": [0.75, 1.75]},
								"south": {"uv": [35, 15], "uv_size": [0.75, 1.75]},
								"up": {"uv": [10, 29], "uv_size": [0.75, 4]},
								"down": {"uv": [29, 15], "uv_size": [0.75, -4]}
							}
						},
						{
							"origin": [-0.75, 7.43934, 8],
							"size": [1.5, 1.12132, 0.5],
							"uv": {
								"east": {"uv": [34, 38], "uv_size": [0.5, 1]},
								"south": {"uv": [33, 2], "uv_size": [1.5, 1]},
								"west": {"uv": [38, 34], "uv_size": [0.5, 1]}
							}
						},
						{
							"origin": [-0.31066, 7, 8],
							"size": [0.62132, 0.5, 0.5],
							"pivot": [0, 7.75, 8.25],
							"rotation": [0, 0, 45],
							"uv": {
								"south": {"uv": [41, 0], "uv_size": [0.5, 0.5]},
								"down": {"uv": [1, 41.5], "uv_size": [0.5, -0.5]}
							}
						},
						{
							"origin": [0.25, 7.43934, 8],
							"size": [0.5, 0.62132, 0.5],
							"pivot": [0, 7.75, 8.25],
							"rotation": [0, 0, 45],
							"uv": {
								"south": {"uv": [41, 1], "uv_size": [0.5, 0.5]},
								"west": {"uv": [2, 41], "uv_size": [0.5, 0.5]}
							}
						},
						{
							"origin": [-0.75, 7.93934, 8],
							"size": [0.5, 0.62132, 0.5],
							"pivot": [0, 8.25, 8.25],
							"rotation": [0, 0, 45],
							"uv": {
								"east": {"uv": [40, 40], "uv_size": [0.5, 0.5]},
								"south": {"uv": [0, 41], "uv_size": [0.5, 0.5]}
							}
						},
						{
							"origin": [-0.31066, 7, 8],
							"size": [0.62132, 2, 0.5],
							"uv": {
								"south": {"uv": [21, 36], "uv_size": [0.5, 2]},
								"up": {"uv": [39, 40], "uv_size": [0.5, 0.5]},
								"down": {"uv": [40, 39.5], "uv_size": [0.5, -0.5]}
							}
						},
						{
							"origin": [-0.31066, 8.5, 8],
							"size": [0.62132, 0.5, 0.5],
							"pivot": [0, 8.25, 8.25],
							"rotation": [0, 0, 45],
							"uv": {
								"south": {"uv": [38, 40], "uv_size": [0.5, 0.5]},
								"up": {"uv": [40, 38], "uv_size": [0.5, 0.5]}
							}
						},
						{
							"origin": [-0.75, 4.64793, 17.04068],
							"size": [1.5, 1.5, 0.5],
							"pivot": [0, 4.89793, 17.29068],
							"rotation": [-22.5, 0, 0],
							"uv": {
								"north": {"uv": [31, 22], "uv_size": [1.5, 1.5]},
								"east": {"uv": [37, 11], "uv_size": [0.5, 1.5]},
								"south": {"uv": [31, 28], "uv_size": [1.5, 1.5]},
								"west": {"uv": [13, 37], "uv_size": [0.5, 1.5]},
								"down": {"uv": [37, 13.5], "uv_size": [1.5, -0.5]}
							}
						},
						{
							"origin": [-0.75, 5.95711, 17.5],
							"size": [1.5, 3, 0.5],
							"uv": {
								"north": {"uv": [27, 7], "uv_size": [1.5, 3]},
								"east": {"uv": [18, 33], "uv_size": [0.5, 3]},
								"south": {"uv": [22, 27], "uv_size": [1.5, 3]},
								"west": {"uv": [24, 33], "uv_size": [0.5, 3]},
								"up": {"uv": [37, 10], "uv_size": [1.5, 0.5]}
							}
						},
						{
							"origin": [-0.5, 7.54289, 8.5],
							"size": [1, 0.91421, 9],
							"uv": {
								"east": {"uv": [15, 3], "uv_size": [9, 1]},
								"west": {"uv": [16, 10], "uv_size": [9, 1]}
							}
						},
						{
							"origin": [-0.20711, 7.25, 8.5],
							"size": [0.41421, 0.25, 9],
							"pivot": [0, 7.75, 8.75],
							"rotation": [0, 0, 45],
							"uv": {
								"down": {"uv": [21, 36], "uv_size": [0.5, -9]}
							}
						},
						{
							"origin": [0.25, 7.54289, 8.5],
							"size": [0.25, 0.41421, 9],
							"pivot": [0, 7.75, 8.75],
							"rotation": [0, 0, 45],
							"uv": {
								"west": {"uv": [26, 16], "uv_size": [9, 0.5]}
							}
						},
						{
							"origin": [-0.5, 8.04289, 8.5],
							"size": [0.25, 0.41421, 9],
							"pivot": [0, 8.25, 8.75],
							"rotation": [0, 0, 45],
							"uv": {
								"east": {"uv": [26, 15], "uv_size": [9, 0.5]}
							}
						},
						{
							"origin": [-0.20711, 7.25, 8.5],
							"size": [0.41421, 1.5, 9],
							"uv": {
								"north": {"uv": [37, 7], "uv_size": [0.5, 1.5]},
								"south": {"uv": [10, 37], "uv_size": [0.5, 1.5]},
								"up": {"uv": [8, 27], "uv_size": [0.5, 9]},
								"down": {"uv": [9, 36], "uv_size": [0.5, -9]}
							}
						},
						{
							"origin": [-0.20711, 8.5, 8.5],
							"size": [0.41421, 0.25, 9],
							"pivot": [0, 8.25, 8.75],
							"rotation": [0, 0, 45],
							"uv": {
								"up": {"uv": [7, 27], "uv_size": [0.5, 9]}
							}
						},
						{
							"origin": [-1.25, 5, -0.75],
							"size": [2.5, 2.5, 4.25],
							"uv": {
								"north": {"uv": [21, 24], "uv_size": [2.5, 2.5]},
								"east": {"uv": [11, 10], "uv_size": [4.25, 2.5]},
								"south": {"uv": [24, 24], "uv_size": [2.5, 2.5]},
								"west": {"uv": [13, 4], "uv_size": [4.25, 2.5]},
								"up": {"uv": [0, 13], "uv_size": [2.5, 4.25]},
								"down": {"uv": [11, 17.25], "uv_size": [2.5, -4.25]}
							}
						}
					]
				},
				{
					"name": "mag",
					"parent": "gun",
					"pivot": [0, 5.5, 1.5]
				},
				{
					"name": "mab",
					"parent": "mag",
					"pivot": [0, 0, 0]
				},
				{
					"name": "mag_standard",
					"parent": "mab",
					"pivot": [0, 5.75, 0.30714],
					"cubes": [
						{
							"origin": [-1, 4.25, 0],
							"size": [2, 3, 3.25],
							"uv": {
								"east": {"uv": [13, 7], "uv_size": [3.25, 3]},
								"south": {"uv": [18, 25], "uv_size": [2, 3]},
								"west": {"uv": [15, 0], "uv_size": [3.25, 3]},
								"up": {"uv": [21, 20], "uv_size": [2, 3.25]},
								"down": {"uv": [0, 25.25], "uv_size": [2, -3.25]}
							}
						},
						{
							"origin": [-0.5, 4.25, -0.5],
							"size": [1, 3, 0.5],
							"uv": {
								"north": {"uv": [19, 28], "uv_size": [1, 3]},
								"up": {"uv": [38, 25], "uv_size": [1, 0.5]},
								"down": {"uv": [26, 38.5], "uv_size": [1, -0.5]}
							}
						},
						{
							"origin": [0.03033, 4.25, 0.13388],
							"size": [0.70711, 3, 0.5],
							"pivot": [1.03033, 2.25, 0.38388],
							"rotation": [0, -45, 0],
							"uv": {
								"north": {"uv": [19, 31], "uv_size": [0.75, 3]},
								"up": {"uv": [39, 34], "uv_size": [0.75, 0.5]},
								"down": {"uv": [35, 39.5], "uv_size": [0.75, -0.5]}
							}
						},
						{
							"origin": [-0.73744, 4.25, 0.13388],
							"size": [0.70711, 3, 0.5],
							"pivot": [-1.03033, 2.25, 0.38388],
							"rotation": [0, 45, 0],
							"uv": {
								"north": {"uv": [20, 31], "uv_size": [0.75, 3]},
								"up": {"uv": [39, 35], "uv_size": [0.75, 0.5]},
								"down": {"uv": [36, 39.5], "uv_size": [0.75, -0.5]}
							}
						}
					]
				},
				{
					"name": "mag_extended_1",
					"parent": "mab",
					"pivot": [0, 5.75, 0.30714],
					"cubes": [
						{
							"origin": [-1, 3.25, 0],
							"size": [2, 4, 3.25],
							"uv": {
								"east": {"uv": [11, 0], "uv_size": [3.25, 4]},
								"south": {"uv": [13, 18], "uv_size": [2, 4]},
								"west": {"uv": [3, 11], "uv_size": [3.25, 4]},
								"up": {"uv": [11, 22], "uv_size": [2, 3.25]},
								"down": {"uv": [22, 14.25], "uv_size": [2, -3.25]}
							}
						},
						{
							"origin": [-0.5, 3.25, -0.5],
							"size": [1, 4, 0.5],
							"uv": {
								"north": {"uv": [25, 27], "uv_size": [1, 4]},
								"up": {"uv": [10, 39], "uv_size": [1, 0.5]},
								"down": {"uv": [39, 10.5], "uv_size": [1, -0.5]}
							}
						},
						{
							"origin": [0.03033, 3.25, 0.13388],
							"size": [0.70711, 4, 0.5],
							"pivot": [1.03033, 2.25, 0.38388],
							"rotation": [0, -45, 0],
							"uv": {
								"north": {"uv": [0, 30], "uv_size": [0.75, 4]},
								"up": {"uv": [40, 7], "uv_size": [0.75, 0.5]},
								"down": {"uv": [8, 40.5], "uv_size": [0.75, -0.5]}
							}
						},
						{
							"origin": [-0.73744, 3.25, 0.13388],
							"size": [0.70711, 4, 0.5],
							"pivot": [-1.03033, 2.25, 0.38388],
							"rotation": [0, 45, 0],
							"uv": {
								"north": {"uv": [1, 30], "uv_size": [0.75, 4]},
								"up": {"uv": [40, 8], "uv_size": [0.75, 0.5]},
								"down": {"uv": [9, 40.5], "uv_size": [0.75, -0.5]}
							}
						}
					]
				},
				{
					"name": "mag_extended_2",
					"parent": "mab",
					"pivot": [0, 5.75, 0.30714],
					"cubes": [
						{
							"origin": [-1, 2.25, 0],
							"size": [2, 5, 3.25],
							"uv": {
								"east": {"uv": [3, 6], "uv_size": [3.25, 5]},
								"south": {"uv": [14, 13], "uv_size": [2, 5]},
								"west": {"uv": [7, 6], "uv_size": [3.25, 5]},
								"up": {"uv": [13, 22], "uv_size": [2, 3.25]},
								"down": {"uv": [6, 26.25], "uv_size": [2, -3.25]}
							}
						},
						{
							"origin": [-0.5, 2.25, -0.5],
							"size": [1, 5, 0.5],
							"uv": {
								"north": {"uv": [13, 26], "uv_size": [1, 5]},
								"up": {"uv": [11, 39], "uv_size": [1, 0.5]},
								"down": {"uv": [39, 11.5], "uv_size": [1, -0.5]}
							}
						},
						{
							"origin": [0.03033, 2.25, 0.13388],
							"size": [0.70711, 5, 0.5],
							"pivot": [1.03033, 2.25, 0.38388],
							"rotation": [0, -45, 0],
							"uv": {
								"north": {"uv": [26, 27], "uv_size": [0.75, 5]},
								"up": {"uv": [10, 40], "uv_size": [0.75, 0.5]},
								"down": {"uv": [40, 10.5], "uv_size": [0.75, -0.5]}
							}
						},
						{
							"origin": [-0.73744, 2.25, 0.13388],
							"size": [0.70711, 5, 0.5],
							"pivot": [-1.03033, 2.25, 0.38388],
							"rotation": [0, 45, 0],
							"uv": {
								"north": {"uv": [2, 28], "uv_size": [0.75, 5]},
								"up": {"uv": [11, 40], "uv_size": [0.75, 0.5]},
								"down": {"uv": [40, 11.5], "uv_size": [0.75, -0.5]}
							}
						}
					]
				},
				{
					"name": "mag_extended_3",
					"parent": "mab",
					"pivot": [0, 5.75, 0.30714],
					"cubes": [
						{
							"origin": [-1, 1.25, 0],
							"size": [2, 6, 3.25],
							"uv": {
								"east": {"uv": [0, 0], "uv_size": [3.25, 6]},
								"south": {"uv": [11, 4], "uv_size": [2, 6]},
								"west": {"uv": [4, 0], "uv_size": [3.25, 6]},
								"up": {"uv": [8, 23], "uv_size": [2, 3.25]},
								"down": {"uv": [23, 23.25], "uv_size": [2, -3.25]}
							}
						},
						{
							"origin": [-0.5, 1.25, -0.5],
							"size": [1, 6, 0.5],
							"uv": {
								"north": {"uv": [20, 25], "uv_size": [1, 6]},
								"up": {"uv": [12, 39], "uv_size": [1, 0.5]},
								"down": {"uv": [39, 12.5], "uv_size": [1, -0.5]}
							}
						},
						{
							"origin": [0.03033, 1.25, 0.13388],
							"size": [0.70711, 6, 0.5],
							"pivot": [1.03033, 2.25, 0.38388],
							"rotation": [0, -45, 0],
							"uv": {
								"north": {"uv": [24, 27], "uv_size": [0.75, 6]},
								"up": {"uv": [12, 40], "uv_size": [0.75, 0.5]},
								"down": {"uv": [40, 12.5], "uv_size": [0.75, -0.5]}
							}
						},
						{
							"origin": [-0.73744, 1.25, 0.13388],
							"size": [0.70711, 6, 0.5],
							"pivot": [-1.03033, 2.25, 0.38388],
							"rotation": [0, 45, 0],
							"uv": {
								"north": {"uv": [27, 24], "uv_size": [0.75, 6]},
								"up": {"uv": [13, 40], "uv_size": [0.75, 0.5]},
								"down": {"uv": [40, 13.5], "uv_size": [0.75, -0.5]}
							}
						}
					]
				},
				{
					"name": "bullet_in_mag",
					"parent": "mab",
					"pivot": [0, 7.25, 0.43797],
					"cubes": [
						{
							"origin": [-0.35878, 6.38375, 2.93797],
							"size": [0.71756, 1.7325, 0.125],
							"uv": {
								"north": {"uv": [4, 35], "uv_size": [0.75, 1.75]},
								"south": {"uv": [5, 35], "uv_size": [0.75, 1.75]},
								"up": {"uv": [41, 34], "uv_size": [0.75, 0.25]},
								"down": {"uv": [35, 41.25], "uv_size": [0.75, -0.25]}
							}
						},
						{
							"origin": [-0.35878, 6.38375, 2.93797],
							"size": [0.71756, 1.7325, 0.125],
							"pivot": [0, 7.25, 2.06297],
							"rotation": [0, 0, 45],
							"uv": {
								"north": {"uv": [35, 7], "uv_size": [0.75, 1.75]},
								"south": {"uv": [10, 35], "uv_size": [0.75, 1.75]},
								"up": {"uv": [41, 35], "uv_size": [0.75, 0.25]},
								"down": {"uv": [36, 41.25], "uv_size": [0.75, -0.25]}
							}
						},
						{
							"origin": [-0.35878, 6.38375, 2.93797],
							"size": [0.71756, 1.7325, 0.125],
							"pivot": [0, 7.25, 2.06297],
							"rotation": [0, 0, 90],
							"uv": {
								"north": {"uv": [35, 11], "uv_size": [0.75, 1.75]},
								"south": {"uv": [13, 35], "uv_size": [0.75, 1.75]},
								"up": {"uv": [41, 36], "uv_size": [0.75, 0.25]},
								"down": {"uv": [37, 41.25], "uv_size": [0.75, -0.25]}
							}
						},
						{
							"origin": [-0.35878, 6.38375, 2.93797],
							"size": [0.71756, 1.7325, 0.125],
							"pivot": [0, 7.25, 2.06297],
							"rotation": [0, 0, 135],
							"uv": {
								"north": {"uv": [35, 13], "uv_size": [0.75, 1.75]},
								"south": {"uv": [14, 35], "uv_size": [0.75, 1.75]},
								"up": {"uv": [41, 37], "uv_size": [0.75, 0.25]},
								"down": {"uv": [38, 41.25], "uv_size": [0.75, -0.25]}
							}
						},
						{
							"origin": [-0.14351, 6.9035, 2.96922],
							"size": [0.28702, 0.693, 0.125],
							"uv": {
								"south": {"uv": [41, 38], "uv_size": [0.25, 0.75]},
								"up": {"uv": [44, 11], "uv_size": [0.25, 0.25]},
								"down": {"uv": [12, 44.25], "uv_size": [0.25, -0.25]}
							}
						},
						{
							"origin": [-0.14351, 6.9035, 2.96922],
							"size": [0.28702, 0.693, 0.125],
							"pivot": [0, 7.25, 3.03172],
							"rotation": [0, 0, 135],
							"uv": {
								"south": {"uv": [39, 41], "uv_size": [0.25, 0.75]},
								"up": {"uv": [44, 12], "uv_size": [0.25, 0.25]},
								"down": {"uv": [13, 44.25], "uv_size": [0.25, -0.25]}
							}
						},
						{
							"origin": [-0.14351, 6.9035, 2.96922],
							"size": [0.28702, 0.693, 0.125],
							"pivot": [0, 7.25, 3.03172],
							"rotation": [0, 0, 90],
							"uv": {
								"south": {"uv": [41, 39], "uv_size": [0.25, 0.75]},
								"up": {"uv": [44, 13], "uv_size": [0.25, 0.25]},
								"down": {"uv": [14, 44.25], "uv_size": [0.25, -0.25]}
							}
						},
						{
							"origin": [-0.14351, 6.9035, 2.96922],
							"size": [0.28702, 0.693, 0.125],
							"pivot": [0, 7.25, 3.03172],
							"rotation": [0, 0, 45],
							"uv": {
								"south": {"uv": [40, 41], "uv_size": [0.25, 0.75]},
								"up": {"uv": [44, 14], "uv_size": [0.25, 0.25]},
								"down": {"uv": [15, 44.25], "uv_size": [0.25, -0.25]}
							}
						},
						{
							"origin": [-0.32616, 6.4625, 0.93797],
							"size": [0.65233, 1.575, 2],
							"pivot": [0, 7.25, 1.68797],
							"rotation": [0, 0, 90],
							"uv": {
								"north": {"uv": [7, 36], "uv_size": [0.75, 1.5]},
								"up": {"uv": [5, 33], "uv_size": [0.75, 2]},
								"down": {"uv": [10, 35], "uv_size": [0.75, -2]}
							}
						},
						{
							"origin": [-0.32616, 6.4625, 0.93797],
							"size": [0.65233, 1.575, 2],
							"pivot": [0, 7.25, 1.68797],
							"rotation": [0, 0, 135],
							"uv": {
								"north": {"uv": [36, 7], "uv_size": [0.75, 1.5]},
								"up": {"uv": [13, 33], "uv_size": [0.75, 2]},
								"down": {"uv": [14, 35], "uv_size": [0.75, -2]}
							}
						},
						{
							"origin": [-0.32616, 6.4625, 0.93797],
							"size": [0.65233, 1.575, 2],
							"pivot": [0, 7.25, 1.68797],
							"rotation": [0, 0, -135],
							"uv": {
								"north": {"uv": [9, 36], "uv_size": [0.75, 1.5]},
								"up": {"uv": [17, 33], "uv_size": [0.75, 2]},
								"down": {"uv": [33, 19], "uv_size": [0.75, -2]}
							}
						},
						{
							"origin": [-0.32616, 6.4625, 0.93797],
							"size": [0.65233, 1.575, 2],
							"pivot": [0, 7.25, 1.68797],
							"rotation": [0, 0, -180],
							"uv": {
								"north": {"uv": [8, 36], "uv_size": [0.75, 1.5]},
								"up": {"uv": [15, 33], "uv_size": [0.75, 2]},
								"down": {"uv": [16, 35], "uv_size": [0.75, -2]}
							}
						},
						{
							"origin": [-0.3106, 6.5, 0.18797],
							"size": [0.6212, 1.5, 1],
							"pivot": [0, 7.25, 0.68797],
							"rotation": [0, 0, -180],
							"uv": {
								"north": {"uv": [33, 36], "uv_size": [0.5, 1.5]},
								"up": {"uv": [20, 38], "uv_size": [0.5, 1]},
								"down": {"uv": [38, 21], "uv_size": [0.5, -1]}
							}
						},
						{
							"origin": [-0.3106, 6.67432, -0.36122],
							"size": [0.6212, 0.6212, 0.4394],
							"pivot": [0, 7.25, 0.12355],
							"rotation": [45, 0, -180],
							"uv": {
								"north": {"uv": [30, 40], "uv_size": [0.5, 0.5]},
								"east": {"uv": [40, 30], "uv_size": [0.5, 0.5]},
								"west": {"uv": [40, 31], "uv_size": [0.5, 0.5]}
							}
						},
						{
							"origin": [-0.3106, 7.20448, -0.36122],
							"size": [0.6212, 0.6212, 0.4394],
							"pivot": [0, 7.25, 0.12355],
							"rotation": [-45, 0, -180],
							"uv": {
								"north": {"uv": [40, 32], "uv_size": [0.5, 0.5]},
								"east": {"uv": [40, 33], "uv_size": [0.5, 0.5]},
								"west": {"uv": [34, 40], "uv_size": [0.5, 0.5]}
							}
						},
						{
							"origin": [-0.3106, 7.20448, -0.36122],
							"size": [0.6212, 0.6212, 0.4394],
							"pivot": [0, 7.25, 0.12355],
							"rotation": [-45, 0, 90],
							"uv": {
								"north": {"uv": [36, 40], "uv_size": [0.5, 0.5]},
								"east": {"uv": [40, 36], "uv_size": [0.5, 0.5]},
								"west": {"uv": [37, 40], "uv_size": [0.5, 0.5]}
							}
						},
						{
							"origin": [-0.3106, 6.67432, -0.36122],
							"size": [0.6212, 0.6212, 0.4394],
							"pivot": [0, 7.25, 0.12355],
							"rotation": [45, 0, 90],
							"uv": {
								"north": {"uv": [40, 34], "uv_size": [0.5, 0.5]},
								"east": {"uv": [35, 40], "uv_size": [0.5, 0.5]},
								"west": {"uv": [40, 35], "uv_size": [0.5, 0.5]}
							}
						},
						{
							"origin": [-0.3106, 6.9394, -0.25142],
							"size": [0.6212, 0.6212, 0.4394],
							"pivot": [0, 7.25, 1.24858],
							"rotation": [0, 0, -180],
							"uv": {
								"north": {"uv": [40, 37], "uv_size": [0.5, 0.5]}
							}
						},
						{
							"origin": [-0.3106, 6.5, 0.18797],
							"size": [0.6212, 1.5, 1],
							"pivot": [0, 7.25, 0.68797],
							"rotation": [0, 0, 135],
							"uv": {
								"north": {"uv": [34, 36], "uv_size": [0.5, 1.5]},
								"up": {"uv": [21, 38], "uv_size": [0.5, 1]},
								"down": {"uv": [38, 22], "uv_size": [0.5, -1]}
							}
						},
						{
							"origin": [-0.3106, 6.5, 0.18797],
							"size": [0.6212, 1.5, 1],
							"pivot": [0, 7.25, 0.68797],
							"rotation": [0, 0, 90],
							"uv": {
								"north": {"uv": [36, 34], "uv_size": [0.5, 1.5]},
								"up": {"uv": [38, 22], "uv_size": [0.5, 1]},
								"down": {"uv": [38, 24], "uv_size": [0.5, -1]}
							}
						},
						{
							"origin": [-0.3106, 6.5, 0.18797],
							"size": [0.6212, 1.5, 1],
							"pivot": [0, 7.25, 0.68797],
							"rotation": [0, 0, 45],
							"uv": {
								"north": {"uv": [35, 36], "uv_size": [0.5, 1.5]},
								"up": {"uv": [38, 24], "uv_size": [0.5, 1]},
								"down": {"uv": [25, 39], "uv_size": [0.5, -1]}
							}
						}
					]
				},
				{
					"name": "bullet_new_mag",
					"parent": "mab",
					"pivot": [0, 7.25, 0.43797],
					"cubes": [
						{
							"origin": [-0.35878, 6.38375, 2.93797],
							"size": [0.71756, 1.7325, 0.125],
							"uv": {
								"north": {"uv": [35, 21], "uv_size": [0.75, 1.75]},
								"east": {"uv": [23, 39], "uv_size": [0.25, 1.75]},
								"south": {"uv": [35, 23], "uv_size": [0.75, 1.75]},
								"west": {"uv": [39, 23], "uv_size": [0.25, 1.75]},
								"up": {"uv": [9, 43], "uv_size": [0.75, 0.25]},
								"down": {"uv": [43, 9.25], "uv_size": [0.75, -0.25]}
							}
						},
						{
							"origin": [-0.35878, 6.38375, 2.93797],
							"size": [0.71756, 1.7325, 0.125],
							"pivot": [0, 7.25, 2.06297],
							"rotation": [0, 0, 45],
							"uv": {
								"north": {"uv": [25, 35], "uv_size": [0.75, 1.75]},
								"east": {"uv": [25, 39], "uv_size": [0.25, 1.75]},
								"south": {"uv": [26, 35], "uv_size": [0.75, 1.75]},
								"west": {"uv": [39, 25], "uv_size": [0.25, 1.75]},
								"up": {"uv": [10, 43], "uv_size": [0.75, 0.25]},
								"down": {"uv": [43, 10.25], "uv_size": [0.75, -0.25]}
							}
						},
						{
							"origin": [-0.35878, 6.38375, 2.93797],
							"size": [0.71756, 1.7325, 0.125],
							"pivot": [0, 7.25, 2.06297],
							"rotation": [0, 0, 90],
							"uv": {
								"north": {"uv": [27, 35], "uv_size": [0.75, 1.75]},
								"east": {"uv": [26, 39], "uv_size": [0.25, 1.75]},
								"south": {"uv": [28, 35], "uv_size": [0.75, 1.75]},
								"west": {"uv": [27, 39], "uv_size": [0.25, 1.75]},
								"up": {"uv": [11, 43], "uv_size": [0.75, 0.25]},
								"down": {"uv": [43, 11.25], "uv_size": [0.75, -0.25]}
							}
						},
						{
							"origin": [-0.35878, 6.38375, 2.93797],
							"size": [0.71756, 1.7325, 0.125],
							"pivot": [0, 7.25, 2.06297],
							"rotation": [0, 0, 135],
							"uv": {
								"north": {"uv": [35, 28], "uv_size": [0.75, 1.75]},
								"east": {"uv": [39, 27], "uv_size": [0.25, 1.75]},
								"south": {"uv": [35, 30], "uv_size": [0.75, 1.75]},
								"west": {"uv": [28, 39], "uv_size": [0.25, 1.75]},
								"up": {"uv": [12, 43], "uv_size": [0.75, 0.25]},
								"down": {"uv": [43, 12.25], "uv_size": [0.75, -0.25]}
							}
						},
						{
							"origin": [-0.14351, 6.9035, 2.96922],
							"size": [0.28702, 0.693, 0.125],
							"uv": {
								"north": {"uv": [13, 43], "uv_size": [0.25, 0.75]},
								"east": {"uv": [43, 13], "uv_size": [0.25, 0.75]},
								"south": {"uv": [14, 43], "uv_size": [0.25, 0.75]},
								"west": {"uv": [43, 14], "uv_size": [0.25, 0.75]},
								"up": {"uv": [38, 45], "uv_size": [0.25, 0.25]},
								"down": {"uv": [45, 38.25], "uv_size": [0.25, -0.25]}
							}
						},
						{
							"origin": [-0.14351, 6.9035, 2.96922],
							"size": [0.28702, 0.693, 0.125],
							"pivot": [0, 7.25, 3.03172],
							"rotation": [0, 0, 135],
							"uv": {
								"north": {"uv": [15, 43], "uv_size": [0.25, 0.75]},
								"east": {"uv": [43, 15], "uv_size": [0.25, 0.75]},
								"south": {"uv": [16, 43], "uv_size": [0.25, 0.75]},
								"west": {"uv": [43, 16], "uv_size": [0.25, 0.75]},
								"up": {"uv": [39, 45], "uv_size": [0.25, 0.25]},
								"down": {"uv": [45, 39.25], "uv_size": [0.25, -0.25]}
							}
						},
						{
							"origin": [-0.14351, 6.9035, 2.96922],
							"size": [0.28702, 0.693, 0.125],
							"pivot": [0, 7.25, 3.03172],
							"rotation": [0, 0, 90],
							"uv": {
								"north": {"uv": [17, 43], "uv_size": [0.25, 0.75]},
								"east": {"uv": [43, 17], "uv_size": [0.25, 0.75]},
								"south": {"uv": [18, 43], "uv_size": [0.25, 0.75]},
								"west": {"uv": [43, 18], "uv_size": [0.25, 0.75]},
								"up": {"uv": [40, 45], "uv_size": [0.25, 0.25]},
								"down": {"uv": [45, 40.25], "uv_size": [0.25, -0.25]}
							}
						},
						{
							"origin": [-0.14351, 6.9035, 2.96922],
							"size": [0.28702, 0.693, 0.125],
							"pivot": [0, 7.25, 3.03172],
							"rotation": [0, 0, 45],
							"uv": {
								"north": {"uv": [19, 43], "uv_size": [0.25, 0.75]},
								"east": {"uv": [43, 19], "uv_size": [0.25, 0.75]},
								"south": {"uv": [20, 43], "uv_size": [0.25, 0.75]},
								"west": {"uv": [43, 20], "uv_size": [0.25, 0.75]},
								"up": {"uv": [41, 45], "uv_size": [0.25, 0.25]},
								"down": {"uv": [45, 41.25], "uv_size": [0.25, -0.25]}
							}
						},
						{
							"origin": [-0.32616, 6.4625, 0.93797],
							"size": [0.65233, 1.575, 2],
							"pivot": [0, 7.25, 1.68797],
							"rotation": [0, 0, 90],
							"uv": {
								"north": {"uv": [11, 36], "uv_size": [0.75, 1.5]},
								"east": {"uv": [30, 4], "uv_size": [2, 1.5]},
								"south": {"uv": [36, 11], "uv_size": [0.75, 1.5]},
								"west": {"uv": [11, 30], "uv_size": [2, 1.5]},
								"up": {"uv": [28, 33], "uv_size": [0.75, 2]},
								"down": {"uv": [0, 36], "uv_size": [0.75, -2]}
							}
						},
						{
							"origin": [-0.32616, 6.4625, 0.93797],
							"size": [0.65233, 1.575, 2],
							"pivot": [0, 7.25, 1.68797],
							"rotation": [0, 0, 135],
							"uv": {
								"north": {"uv": [12, 36], "uv_size": [0.75, 1.5]},
								"east": {"uv": [30, 11], "uv_size": [2, 1.5]},
								"south": {"uv": [36, 13], "uv_size": [0.75, 1.5]},
								"west": {"uv": [30, 13], "uv_size": [2, 1.5]},
								"up": {"uv": [1, 34], "uv_size": [0.75, 2]},
								"down": {"uv": [11, 36], "uv_size": [0.75, -2]}
							}
						},
						{
							"origin": [-0.32616, 6.4625, 0.93797],
							"size": [0.65233, 1.575, 2],
							"pivot": [0, 7.25, 1.68797],
							"rotation": [0, 0, -135],
							"uv": {
								"north": {"uv": [36, 15], "uv_size": [0.75, 1.5]},
								"east": {"uv": [22, 30], "uv_size": [2, 1.5]},
								"south": {"uv": [18, 36], "uv_size": [0.75, 1.5]},
								"west": {"uv": [30, 24], "uv_size": [2, 1.5]},
								"up": {"uv": [34, 11], "uv_size": [0.75, 2]},
								"down": {"uv": [12, 36], "uv_size": [0.75, -2]}
							}
						},
						{
							"origin": [-0.32616, 6.4625, 0.93797],
							"size": [0.65233, 1.575, 2],
							"pivot": [0, 7.25, 1.68797],
							"rotation": [0, 0, -180],
							"uv": {
								"north": {"uv": [19, 36], "uv_size": [0.75, 1.5]},
								"east": {"uv": [30, 26], "uv_size": [2, 1.5]},
								"south": {"uv": [20, 36], "uv_size": [0.75, 1.5]},
								"west": {"uv": [27, 30], "uv_size": [2, 1.5]},
								"up": {"uv": [34, 17], "uv_size": [0.75, 2]},
								"down": {"uv": [19, 36], "uv_size": [0.75, -2]}
							}
						},
						{
							"origin": [-0.3106, 6.5, 0.18797],
							"size": [0.6212, 1.5, 1],
							"pivot": [0, 7.25, 0.68797],
							"rotation": [0, 0, -180],
							"uv": {
								"north": {"uv": [37, 30], "uv_size": [0.5, 1.5]},
								"east": {"uv": [20, 34], "uv_size": [1, 1.5]},
								"south": {"uv": [31, 37], "uv_size": [0.5, 1.5]},
								"west": {"uv": [34, 20], "uv_size": [1, 1.5]},
								"up": {"uv": [39, 15], "uv_size": [0.5, 1]},
								"down": {"uv": [39, 17], "uv_size": [0.5, -1]}
							}
						},
						{
							"origin": [-0.3106, 6.67432, -0.36122],
							"size": [0.6212, 0.6212, 0.4394],
							"pivot": [0, 7.25, 0.12355],
							"rotation": [45, 0, -180],
							"uv": {
								"north": {"uv": [13, 41], "uv_size": [0.5, 0.5]},
								"east": {"uv": [41, 13], "uv_size": [0.5, 0.5]},
								"south": {"uv": [14, 41], "uv_size": [0.5, 0.5]},
								"west": {"uv": [41, 14], "uv_size": [0.5, 0.5]},
								"up": {"uv": [15, 41], "uv_size": [0.5, 0.5]},
								"down": {"uv": [41, 15.5], "uv_size": [0.5, -0.5]}
							}
						},
						{
							"origin": [-0.3106, 7.20448, -0.36122],
							"size": [0.6212, 0.6212, 0.4394],
							"pivot": [0, 7.25, 0.12355],
							"rotation": [-45, 0, -180],
							"uv": {
								"north": {"uv": [16, 41], "uv_size": [0.5, 0.5]},
								"east": {"uv": [41, 16], "uv_size": [0.5, 0.5]},
								"south": {"uv": [17, 41], "uv_size": [0.5, 0.5]},
								"west": {"uv": [41, 17], "uv_size": [0.5, 0.5]},
								"up": {"uv": [18, 41], "uv_size": [0.5, 0.5]},
								"down": {"uv": [41, 18.5], "uv_size": [0.5, -0.5]}
							}
						},
						{
							"origin": [-0.3106, 7.20448, -0.36122],
							"size": [0.6212, 0.6212, 0.4394],
							"pivot": [0, 7.25, 0.12355],
							"rotation": [-45, 0, 90],
							"uv": {
								"north": {"uv": [19, 41], "uv_size": [0.5, 0.5]},
								"east": {"uv": [20, 41], "uv_size": [0.5, 0.5]},
								"south": {"uv": [41, 20], "uv_size": [0.5, 0.5]},
								"west": {"uv": [21, 41], "uv_size": [0.5, 0.5]},
								"up": {"uv": [41, 21], "uv_size": [0.5, 0.5]},
								"down": {"uv": [22, 41.5], "uv_size": [0.5, -0.5]}
							}
						},
						{
							"origin": [-0.3106, 6.67432, -0.36122],
							"size": [0.6212, 0.6212, 0.4394],
							"pivot": [0, 7.25, 0.12355],
							"rotation": [45, 0, 90],
							"uv": {
								"north": {"uv": [41, 22], "uv_size": [0.5, 0.5]},
								"east": {"uv": [23, 41], "uv_size": [0.5, 0.5]},
								"south": {"uv": [41, 23], "uv_size": [0.5, 0.5]},
								"west": {"uv": [24, 41], "uv_size": [0.5, 0.5]},
								"up": {"uv": [41, 24], "uv_size": [0.5, 0.5]},
								"down": {"uv": [25, 41.5], "uv_size": [0.5, -0.5]}
							}
						},
						{
							"origin": [-0.3106, 6.9394, -0.25142],
							"size": [0.6212, 0.6212, 0.4394],
							"pivot": [0, 7.25, 1.24858],
							"rotation": [0, 0, -180],
							"uv": {
								"north": {"uv": [41, 25], "uv_size": [0.5, 0.5]},
								"east": {"uv": [26, 41], "uv_size": [0.5, 0.5]},
								"south": {"uv": [41, 26], "uv_size": [0.5, 0.5]},
								"west": {"uv": [27, 41], "uv_size": [0.5, 0.5]},
								"up": {"uv": [41, 27], "uv_size": [0.5, 0.5]},
								"down": {"uv": [28, 41.5], "uv_size": [0.5, -0.5]}
							}
						},
						{
							"origin": [-0.3106, 6.5, 0.18797],
							"size": [0.6212, 1.5, 1],
							"pivot": [0, 7.25, 0.68797],
							"rotation": [0, 0, 135],
							"uv": {
								"north": {"uv": [37, 34], "uv_size": [0.5, 1.5]},
								"east": {"uv": [22, 34], "uv_size": [1, 1.5]},
								"south": {"uv": [36, 37], "uv_size": [0.5, 1.5]},
								"west": {"uv": [34, 22], "uv_size": [1, 1.5]},
								"up": {"uv": [17, 39], "uv_size": [0.5, 1]},
								"down": {"uv": [39, 18], "uv_size": [0.5, -1]}
							}
						},
						{
							"origin": [-0.3106, 6.5, 0.18797],
							"size": [0.6212, 1.5, 1],
							"pivot": [0, 7.25, 0.68797],
							"rotation": [0, 0, 90],
							"uv": {
								"north": {"uv": [37, 36], "uv_size": [0.5, 1.5]},
								"east": {"uv": [33, 34], "uv_size": [1, 1.5]},
								"south": {"uv": [0, 38], "uv_size": [0.5, 1.5]},
								"west": {"uv": [34, 34], "uv_size": [1, 1.5]},
								"up": {"uv": [18, 39], "uv_size": [0.5, 1]},
								"down": {"uv": [19, 40], "uv_size": [0.5, -1]}
							}
						},
						{
							"origin": [-0.3106, 6.5, 0.18797],
							"size": [0.6212, 1.5, 1],
							"pivot": [0, 7.25, 0.68797],
							"rotation": [0, 0, 45],
							"uv": {
								"north": {"uv": [1, 38], "uv_size": [0.5, 1.5]},
								"east": {"uv": [35, 1], "uv_size": [1, 1.5]},
								"south": {"uv": [2, 38], "uv_size": [0.5, 1.5]},
								"west": {"uv": [2, 35], "uv_size": [1, 1.5]},
								"up": {"uv": [39, 19], "uv_size": [0.5, 1]},
								"down": {"uv": [20, 40], "uv_size": [0.5, -1]}
							}
						}
					]
				},
				{
					"name": "constraint",
					"parent": "gun",
					"pivot": [0, 11, -12]
				},
				{
					"name": "right",
					"parent": "gun",
					"pivot": [6, 11, 0]
				},
				{
					"name": "righthand_pos",
					"parent": "right",
					"pivot": [0, 0, 0],
					"cubes": [
						{
							"origin": [4, 0, -2],
							"size": [4, 12, 4],
							"uv": {
								"north": {"uv": [4, 0], "uv_size": [-4, 12]},
								"east": {"uv": [4, 0], "uv_size": [-4, 12]},
								"up": {"uv": [0, 4], "uv_size": [4, -4]}
							}
						}
					]
				},
				{
					"name": "positioning2",
					"parent": "gun",
					"pivot": [0, 5, 7]
				},
				{
					"name": "shell",
					"parent": "positioning2",
					"pivot": [0, 8.25, 0.5]
				},
				{
					"name": "muzzle_flash",
					"parent": "positioning2",
					"pivot": [0, 8.25, -14]
				},
				{
					"name": "grip_pos",
					"parent": "positioning2",
					"pivot": [0, 4.875, -4.125]
				},
				{
					"name": "scope_pos",
					"parent": "positioning2",
					"pivot": [0, 9.875, 1.875]
				},
				{
					"name": "left",
					"parent": "root",
					"pivot": [-6, 11, 0]
				},
				{
					"name": "lefthand_pos",
					"parent": "left",
					"pivot": [0, 0, 0],
					"cubes": [
						{
							"origin": [-8, 0, -2],
							"size": [4, 12, 4],
							"uv": {
								"north": {"uv": [0, 0], "uv_size": [4, 12]},
								"west": {"uv": [0, 0], "uv_size": [4, 12]},
								"up": {"uv": [4, 4], "uv_size": [-4, -4]}
							}
						}
					]
				},
				{
					"name": "view",
					"pivot": [0, 0, 0]
				},
				{
					"name": "idle_view",
					"parent": "view",
					"pivot": [2.9688, 14.0125, 16.5125]
				},
				{
					"name": "iron_view",
					"parent": "view",
					"pivot": [2.9688, 14.0125, 9.5125]
				},
				{
					"name": "refit_view",
					"parent": "view",
					"pivot": [23.325, 6.575, 1],
					"rotation": [0, 90, 0]
				},
				{
					"name": "refit_extended_mag_view",
					"parent": "view",
					"pivot": [8.325, 1.575, 1],
					"rotation": [0, 90, 0]
				},
				{
					"name": "refit_grip_view",
					"parent": "view",
					"pivot": [8.925, 2.975, -4.875],
					"rotation": [0, 90, 0]
				},
				{
					"name": "refit_muzzle_view",
					"parent": "view",
					"pivot": [8.925, 6.975, 0.125],
					"rotation": [0, 90, 0]
				},
				{
					"name": "refit_scope_view",
					"parent": "view",
					"pivot": [8.675, 11.05, 5.625],
					"rotation": [0, 72.5, 0]
				},
				{
					"name": "positioning",
					"pivot": [0, 0, -8]
				},
				{
					"name": "thirdperson_hand",
					"parent": "positioning",
					"pivot": [0, 6, 6]
				},
				{
					"name": "ground",
					"parent": "positioning",
					"pivot": [0, 0.375, 3.1]
				},
				{
					"name": "fixed",
					"parent": "positioning",
					"pivot": [0.95, 6.525, 2.6],
					"rotation": [0, 90, 0]
				},
				{
					"name": "camera",
					"pivot": [2.9688, 14.0125, 16.5125]
				}
			]
		}
	]
}