{
	"format_version": "1.12.0",
	"minecraft:geometry": [
		{
			"description": {
				"identifier": "geometry.unknown",
				"texture_width": 64,
				"texture_height": 64,
				"visible_bounds_width": 3,
				"visible_bounds_height": 2.5,
				"visible_bounds_offset": [0, 0.75, 0]
			},
			"bones": [
				{
					"name": "root",
					"pivot": [0, 5, 7]
				},
				{
					"name": "gun",
					"parent": "root",
					"pivot": [0, 5, 7]
				},
				{
					"name": "muzzle_default",
					"parent": "gun",
					"pivot": [0, 7.875, -7],
					"cubes": [
						{
							"origin": [-0.5625, 7.642, -8.5],
							"size": [0.25, 0.46599, 3],
							"pivot": [0, 7.875, -7],
							"rotation": [0, 0, -135],
							"uv": {
								"north": {"uv": [39, 25], "uv_size": [0.25, 0.5]},
								"east": {"uv": [30, 6], "uv_size": [3, 0.5]},
								"south": {"uv": [26, 39], "uv_size": [0.25, 0.5]},
								"west": {"uv": [30, 26], "uv_size": [3, 0.5]}
							}
						},
						{
							"origin": [-0.233, 8.1875, -8.5],
							"size": [0.46599, 0.25, 3],
							"pivot": [0, 7.875, -7],
							"rotation": [0, 0, -180],
							"uv": {
								"north": {"uv": [39, 26], "uv_size": [0.5, 0.25]},
								"south": {"uv": [27, 39], "uv_size": [0.5, 0.25]},
								"up": {"uv": [4, 30], "uv_size": [0.5, 3]},
								"down": {"uv": [6, 33], "uv_size": [0.5, -3]}
							}
						},
						{
							"origin": [-0.5625, 7.642, -8.5],
							"size": [0.25, 0.46599, 3],
							"pivot": [0, 7.875, -7],
							"rotation": [0, 0, -180],
							"uv": {
								"north": {"uv": [39, 27], "uv_size": [0.25, 0.5]},
								"east": {"uv": [30, 29], "uv_size": [3, 0.5]},
								"south": {"uv": [28, 39], "uv_size": [0.25, 0.5]},
								"west": {"uv": [30, 30], "uv_size": [3, 0.5]}
							}
						},
						{
							"origin": [-0.233, 7.3125, -8.5],
							"size": [0.46599, 0.25, 3],
							"pivot": [0, 7.875, -7],
							"rotation": [0, 0, -135],
							"uv": {
								"north": {"uv": [39, 28], "uv_size": [0.5, 0.25]},
								"south": {"uv": [29, 39], "uv_size": [0.5, 0.25]},
								"up": {"uv": [7, 30], "uv_size": [0.5, 3]},
								"down": {"uv": [10, 33], "uv_size": [0.5, -3]}
							}
						},
						{
							"origin": [-0.5625, 7.642, -8.5],
							"size": [0.25, 0.46599, 3],
							"uv": {
								"north": {"uv": [39, 29], "uv_size": [0.25, 0.5]},
								"east": {"uv": [0, 31], "uv_size": [3, 0.5]},
								"south": {"uv": [30, 39], "uv_size": [0.25, 0.5]},
								"west": {"uv": [31, 10], "uv_size": [3, 0.5]}
							}
						},
						{
							"origin": [-0.5625, 7.642, -8.5],
							"size": [0.25, 0.46599, 3],
							"pivot": [0, 7.875, -7],
							"rotation": [0, 0, 45],
							"uv": {
								"north": {"uv": [39, 30], "uv_size": [0.25, 0.5]},
								"east": {"uv": [31, 13], "uv_size": [3, 0.5]},
								"south": {"uv": [31, 39], "uv_size": [0.25, 0.5]},
								"west": {"uv": [31, 14], "uv_size": [3, 0.5]}
							}
						},
						{
							"origin": [-0.233, 8.1875, -8.5],
							"size": [0.46599, 0.25, 3],
							"uv": {
								"north": {"uv": [39, 31], "uv_size": [0.5, 0.25]},
								"south": {"uv": [32, 39], "uv_size": [0.5, 0.25]},
								"up": {"uv": [11, 30], "uv_size": [0.5, 3]},
								"down": {"uv": [23, 33], "uv_size": [0.5, -3]}
							}
						},
						{
							"origin": [-0.233, 7.3125, -8.5],
							"size": [0.46599, 0.25, 3],
							"pivot": [0, 7.875, -7],
							"rotation": [0, 0, 45],
							"uv": {
								"north": {"uv": [39, 32], "uv_size": [0.5, 0.25]},
								"south": {"uv": [33, 39], "uv_size": [0.5, 0.25]},
								"up": {"uv": [3, 31], "uv_size": [0.5, 3]},
								"down": {"uv": [5, 34], "uv_size": [0.5, -3]}
							}
						}
					]
				},
				{
					"name": "body",
					"parent": "gun",
					"pivot": [0, 5.96447, 5.95711]
				},
				{
					"name": "body_main",
					"parent": "body",
					"pivot": [-0.001, 1.96807, 3.46972],
					"cubes": [
						{
							"origin": [-0.5, 5, 5.75],
							"size": [1, 1.5, 2.25],
							"uv": {
								"north": {"uv": [17, 4], "uv_size": [1, 1.5]},
								"east": {"uv": [25, 2], "uv_size": [2.25, 1.5]},
								"south": {"uv": [19, 29], "uv_size": [1, 1.5]},
								"west": {"uv": [25, 4], "uv_size": [2.25, 1.5]}
							}
						},
						{
							"origin": [-0.625, 5, 6],
							"size": [1.25, 1.5, 2],
							"uv": {
								"north": {"uv": [29, 20], "uv_size": [1.25, 1.5]},
								"east": {"uv": [23, 25], "uv_size": [2, 1.5]},
								"west": {"uv": [25, 25], "uv_size": [2, 1.5]},
								"up": {"uv": [14, 26], "uv_size": [1.25, 2]},
								"down": {"uv": [19, 28], "uv_size": [1.25, -2]}
							}
						},
						{
							"origin": [-0.626, 1.9, 6.25],
							"size": [1.252, 3.75, 1.5],
							"pivot": [0.2135, 5.825, 6.9],
							"rotation": [22.5, 0, 0],
							"uv": {
								"east": {"uv": [0, 23], "uv_size": [1.5, 3.75]},
								"west": {"uv": [2, 23], "uv_size": [1.5, 3.75]},
								"down": {"uv": [21, 30.5], "uv_size": [1.25, -1.5]}
							}
						},
						{
							"origin": [0.17678, 1.84693, 7.05465],
							"size": [0.35355, 3.75, 0.25],
							"pivot": [0.55178, 3.72193, 7.17965],
							"rotation": [30.36119, -40.78947, -20.94102],
							"uv": {
								"north": {"uv": [32, 33], "uv_size": [0.25, 3.75]},
								"down": {"uv": [12, 40.25], "uv_size": [0.25, -0.25]}
							}
						},
						{
							"origin": [-0.375, 1.9, 6],
							"size": [0.75, 3.75, 0.25],
							"pivot": [0.2125, 5.825, 6.9],
							"rotation": [22.5, 0, 0],
							"uv": {
								"north": {"uv": [11, 26], "uv_size": [0.75, 3.75]},
								"down": {"uv": [38, 16.25], "uv_size": [0.75, -0.25]}
							}
						},
						{
							"origin": [-0.375, 1.85436, 3.07054],
							"size": [0.75, 0.5, 4.5],
							"uv": {
								"east": {"uv": [27, 24], "uv_size": [4.5, 0.5]},
								"west": {"uv": [27, 25], "uv_size": [4.5, 0.5]},
								"up": {"uv": [21, 24], "uv_size": [0.75, 4.5]},
								"down": {"uv": [25, 10.5], "uv_size": [0.75, -4.5]}
							}
						},
						{
							"origin": [0.17678, 4.26558, 7.86644],
							"size": [0.35355, 1.75, 0.25],
							"pivot": [0.55178, 5.14058, 7.99144],
							"rotation": [30.36119, 40.78947, 20.94102],
							"uv": {
								"south": {"uv": [36, 31], "uv_size": [0.25, 1.75]}
							}
						},
						{
							"origin": [0.17678, 5, 7.77145],
							"size": [0.35355, 1.5, 0.25],
							"pivot": [0.55178, 5.75, 7.89645],
							"rotation": [0, 45, 0],
							"uv": {
								"south": {"uv": [34, 36], "uv_size": [0.25, 1.5]},
								"up": {"uv": [40, 12], "uv_size": [0.25, 0.25]}
							}
						},
						{
							"origin": [-0.375, 5, 8],
							"size": [0.75, 1.5, 0.25],
							"uv": {
								"south": {"uv": [27, 32], "uv_size": [0.75, 1.5]},
								"up": {"uv": [17, 38], "uv_size": [0.75, 0.25]}
							}
						},
						{
							"origin": [-0.375, 3.9, 7.75],
							"size": [0.75, 1.75, 0.25],
							"pivot": [2.2125, 5.825, 6.9],
							"rotation": [22.5, 0, 0],
							"uv": {
								"south": {"uv": [31, 22], "uv_size": [0.75, 1.75]}
							}
						},
						{
							"origin": [0.29045, 4.30579, 8.29934],
							"size": [0.25, 0.65625, 0.34],
							"pivot": [0.41545, 4.68079, 8.47121],
							"rotation": [-124.29392, -31.14095, -37.17229],
							"uv": {
								"west": {"uv": [38, 17], "uv_size": [0.25, 0.75]}
							}
						},
						{
							"origin": [-0.627, 4.11968, 7.75465],
							"size": [1.254, 0.75, 0.25],
							"pivot": [0.2145, 5.07614, 7.90895],
							"rotation": [45, 0, 0],
							"uv": {
								"east": {"uv": [18, 38], "uv_size": [0.25, 0.75]},
								"south": {"uv": [33, 29], "uv_size": [1.25, 0.75]},
								"west": {"uv": [38, 18], "uv_size": [0.25, 0.75]},
								"up": {"uv": [37, 33], "uv_size": [1.25, 0.25]}
							}
						},
						{
							"origin": [-0.625, 1.78834, 7.51363],
							"size": [1.25, 2, 0.25],
							"pivot": [0.2125, 6.36334, 6.50113],
							"rotation": [22.5, 0, 0],
							"uv": {
								"east": {"uv": [35, 35], "uv_size": [0.25, 2]},
								"west": {"uv": [3, 36], "uv_size": [0.25, 2]},
								"down": {"uv": [37, 34.25], "uv_size": [1.25, -0.25]}
							}
						},
						{
							"origin": [0.17678, 2.50398, 8.81495],
							"size": [0.35355, 2, 0.25],
							"pivot": [0.55178, 3.50398, 8.93995],
							"rotation": [30.36119, 40.78947, 20.94102],
							"uv": {
								"south": {"uv": [36, 13], "uv_size": [0.25, 2]}
							}
						},
						{
							"origin": [0.4124, 4.31141, 8.26098],
							"size": [0.25, 0.08943, 0.32803],
							"pivot": [0.53841, 4.40084, 8.58901],
							"rotation": [-139.54392, -31.14095, -37.17229],
							"uv": {
								"west": {"uv": [13, 40], "uv_size": [0.25, 0.25]}
							}
						},
						{
							"origin": [-0.375, 1.78834, 7.76363],
							"size": [0.75, 2, 0.25],
							"pivot": [0.2125, 6.36334, 6.50113],
							"rotation": [22.5, 0, 0],
							"uv": {
								"south": {"uv": [26, 29], "uv_size": [0.75, 2]}
							}
						},
						{
							"origin": [-0.375, 4.03857, 8.05884],
							"size": [0.75, 0.75, 0.25],
							"pivot": [-0.0375, 4.99503, 7.96314],
							"rotation": [45, 0, 0],
							"uv": {
								"south": {"uv": [15, 35], "uv_size": [0.75, 0.75]}
							}
						},
						{
							"origin": [-0.53033, 5, 7.77145],
							"size": [0.35355, 1.5, 0.25],
							"pivot": [-0.55178, 5.75, 7.89645],
							"rotation": [0, -45, 0],
							"uv": {
								"south": {"uv": [4, 37], "uv_size": [0.25, 1.5]},
								"up": {"uv": [40, 13], "uv_size": [0.25, 0.25]}
							}
						},
						{
							"origin": [-0.53033, 4.26558, 7.86644],
							"size": [0.35355, 1.75, 0.25],
							"pivot": [-0.55178, 5.14058, 7.99144],
							"rotation": [30.36119, -40.78947, -20.94102],
							"uv": {
								"south": {"uv": [36, 33], "uv_size": [0.25, 1.75]}
							}
						},
						{
							"origin": [-0.54045, 4.30579, 8.29934],
							"size": [0.25, 0.65625, 0.34],
							"pivot": [-0.41545, 4.68079, 8.47121],
							"rotation": [-124.29392, 31.14095, 37.17229],
							"uv": {
								"east": {"uv": [19, 38], "uv_size": [0.25, 0.75]}
							}
						},
						{
							"origin": [-0.6624, 4.31141, 8.26098],
							"size": [0.25, 0.08943, 0.32803],
							"pivot": [-0.53841, 4.40084, 8.58901],
							"rotation": [-139.54392, 31.14095, 37.17229],
							"uv": {
								"east": {"uv": [14, 40], "uv_size": [0.25, 0.25]}
							}
						},
						{
							"origin": [-0.53033, 2.50398, 8.81495],
							"size": [0.35355, 2, 0.25],
							"pivot": [-0.55178, 3.50398, 8.93995],
							"rotation": [30.36119, -40.78947, -20.94102],
							"uv": {
								"south": {"uv": [15, 36], "uv_size": [0.25, 2]}
							}
						},
						{
							"origin": [-0.53033, 1.84693, 7.05465],
							"size": [0.35355, 3.75, 0.25],
							"pivot": [-0.55178, 3.72193, 7.17965],
							"rotation": [30.36119, 40.78947, 20.94102],
							"uv": {
								"north": {"uv": [33, 33], "uv_size": [0.25, 3.75]},
								"down": {"uv": [40, 14.25], "uv_size": [0.25, -0.25]}
							}
						},
						{
							"origin": [-0.499, 4.80178, 5.625],
							"size": [0.998, 0.25, 0.5],
							"pivot": [-0.001, 4.92678, 5.75],
							"rotation": [45, 0, 0],
							"uv": {
								"north": {"uv": [1, 38], "uv_size": [1, 0.25]},
								"east": {"uv": [39, 19], "uv_size": [0.5, 0.25]},
								"south": {"uv": [38, 1], "uv_size": [1, 0.25]},
								"west": {"uv": [20, 39], "uv_size": [0.5, 0.25]},
								"up": {"uv": [36, 10], "uv_size": [1, 0.5]},
								"down": {"uv": [19, 36.5], "uv_size": [1, -0.5]}
							}
						},
						{
							"origin": [-0.5, 4.75, 2.75],
							"size": [1, 0.25, 3],
							"uv": {
								"east": {"uv": [34, 27], "uv_size": [3, 0.25]},
								"west": {"uv": [34, 28], "uv_size": [3, 0.25]},
								"up": {"uv": [8, 25], "uv_size": [1, 3]},
								"down": {"uv": [18, 28], "uv_size": [1, -3]}
							}
						},
						{
							"origin": [-0.25, 6.18436, 4.87186],
							"size": [0.5, 0.5, 0.25],
							"pivot": [0, 6.43436, 4.99686],
							"rotation": [30, 0, 0],
							"uv": {
								"north": {"uv": [2, 38], "uv_size": [0.5, 0.5]},
								"east": {"uv": [39, 20], "uv_size": [0.25, 0.5]},
								"west": {"uv": [21, 39], "uv_size": [0.25, 0.5]}
							}
						},
						{
							"origin": [-0.25, 5, 5],
							"size": [0.5, 1.5, 0.75],
							"uv": {
								"north": {"uv": [28, 34], "uv_size": [0.5, 1.5]},
								"east": {"uv": [28, 32], "uv_size": [0.75, 1.5]},
								"west": {"uv": [29, 32], "uv_size": [0.75, 1.5]}
							}
						},
						{
							"origin": [-0.25, 4.81564, 4.87186],
							"size": [0.5, 0.5, 0.25],
							"pivot": [0, 5.06564, 4.99686],
							"rotation": [-30, 0, 0],
							"uv": {
								"north": {"uv": [3, 38], "uv_size": [0.5, 0.5]},
								"east": {"uv": [39, 21], "uv_size": [0.25, 0.5]},
								"west": {"uv": [22, 39], "uv_size": [0.25, 0.5]}
							}
						},
						{
							"origin": [-0.75, 6.5, -4.75],
							"size": [1.5, 1, 13.25],
							"uv": {
								"north": {"uv": [29, 27], "uv_size": [1.5, 1]},
								"east": {"uv": [15, 12], "uv_size": [13.25, 1]},
								"west": {"uv": [15, 13], "uv_size": [13.25, 1]},
								"up": {"uv": [0, 9], "uv_size": [1.5, 13.25]},
								"down": {"uv": [9, 13.25], "uv_size": [1.5, -13.25]}
							}
						},
						{
							"origin": [-0.75, 7, 8.499],
							"size": [1.5, 0.5, 0.5],
							"uv": {
								"east": {"uv": [38, 4], "uv_size": [0.5, 0.5]},
								"south": {"uv": [34, 31], "uv_size": [1.5, 0.5]},
								"west": {"uv": [5, 38], "uv_size": [0.5, 0.5]}
							}
						},
						{
							"origin": [-0.749, 6.64645, 7.64645],
							"size": [1.498, 0.70711, 0.5],
							"pivot": [0.249, 6.14645, 8.14645],
							"rotation": [-45, 0, 0],
							"uv": {
								"east": {"uv": [37, 4], "uv_size": [0.5, 0.75]},
								"south": {"uv": [32, 31], "uv_size": [1.5, 0.75]},
								"west": {"uv": [5, 37], "uv_size": [0.5, 0.75]}
							}
						},
						{
							"origin": [-0.75, -0.16237, -0.37097],
							"size": [1.5, 4.5, 3.5],
							"pivot": [0, 3.83763, -2.62097],
							"rotation": [22.5, 0, 0],
							"uv": {
								"north": {"uv": [19, 4], "uv_size": [1.5, 4.5]},
								"east": {"uv": [11, 7], "uv_size": [3.5, 4.5]},
								"south": {"uv": [19, 18], "uv_size": [1.5, 4.5]},
								"west": {"uv": [11, 12], "uv_size": [3.5, 4.5]},
								"down": {"uv": [4, 26.5], "uv_size": [1.5, -3.5]}
							}
						},
						{
							"origin": [-0.375, 2.35436, 7.19554],
							"size": [0.75, 0.5, 0.3125],
							"pivot": [0, 2.60436, 7.07054],
							"rotation": [-45, 0, 0],
							"uv": {
								"north": {"uv": [37, 9], "uv_size": [0.75, 0.5]},
								"east": {"uv": [39, 22], "uv_size": [0.25, 0.5]},
								"west": {"uv": [23, 39], "uv_size": [0.25, 0.5]}
							}
						},
						{
							"origin": [-0.875, 6.5, -3],
							"size": [1.75, 0.5, 6.5],
							"uv": {
								"north": {"uv": [10, 34], "uv_size": [1.75, 0.5]},
								"east": {"uv": [24, 23], "uv_size": [6.5, 0.5]},
								"south": {"uv": [34, 10], "uv_size": [1.75, 0.5]},
								"west": {"uv": [25, 11], "uv_size": [6.5, 0.5]},
								"up": {"uv": [2, 16], "uv_size": [1.75, 6.5]},
								"down": {"uv": [4, 22.5], "uv_size": [1.75, -6.5]}
							}
						},
						{
							"origin": [-0.875, 4.5, -1],
							"size": [1.75, 2, 3.5],
							"uv": {
								"north": {"uv": [24, 20], "uv_size": [1.75, 2]},
								"east": {"uv": [18, 14], "uv_size": [3.5, 2]},
								"west": {"uv": [18, 16], "uv_size": [3.5, 2]},
								"down": {"uv": [21, 7.5], "uv_size": [1.75, -3.5]}
							}
						},
						{
							"origin": [-0.876, 5.75, -1],
							"size": [1.752, 0.75, 3],
							"uv": {
								"east": {"uv": [0, 48], "uv_size": [64, 16]},
								"west": {"uv": [0, 48], "uv_size": [64, 16]}
							}
						},
						{
							"origin": [-0.874, 5.44454, -2.21967],
							"size": [1.748, 2.82843, 0.5],
							"pivot": [-0.001, 6.44454, -0.46967],
							"rotation": [45, 0, 0],
							"uv": {
								"north": {"uv": [19, 9], "uv_size": [1.75, 2.75]},
								"east": {"uv": [19, 31], "uv_size": [0.5, 2.75]},
								"west": {"uv": [20, 31], "uv_size": [0.5, 2.75]}
							}
						},
						{
							"origin": [-0.874, 6.44454, -1.21967],
							"size": [1.748, 0.82843, 0.5],
							"pivot": [-0.001, 6.44454, -0.46967],
							"rotation": [45, 0, 0],
							"uv": {
								"north": {"uv": [24, 31], "uv_size": [1.75, 0.75]},
								"east": {"uv": [10, 37], "uv_size": [0.5, 0.75]},
								"west": {"uv": [37, 10], "uv_size": [0.5, 0.75]}
							}
						},
						{
							"origin": [-0.874, 6.5, 1.26563],
							"size": [1.748, 1, 2.23438],
							"pivot": [-0.001, 6.5, 3.5],
							"rotation": [63.5, 0, 0],
							"uv": {
								"east": {"uv": [27, 26], "uv_size": [2.25, 1]},
								"west": {"uv": [0, 28], "uv_size": [2.25, 1]},
								"down": {"uv": [15, 25.25], "uv_size": [1.75, -2.25]}
							}
						},
						{
							"origin": [-0.875, 8.5, -3],
							"size": [1.5, 1, 8.25],
							"uv": {
								"east": {"uv": [17, 0], "uv_size": [8.25, 1]},
								"west": {"uv": [17, 1], "uv_size": [8.25, 1]},
								"up": {"uv": [9, 14], "uv_size": [1.5, 8.25]},
								"down": {"uv": [15, 22.25], "uv_size": [1.5, -8.25]}
							}
						},
						{
							"origin": [-0.7955, 7.19194, -4.999],
							"size": [0.70711, 0.375, 14],
							"pivot": [-0.46339, 7.44194, 2],
							"rotation": [0, 0, 45],
							"uv": {
								"north": {"uv": [11, 37], "uv_size": [0.75, 0.5]},
								"south": {"uv": [37, 12], "uv_size": [0.75, 0.5]},
								"down": {"uv": [6, 30], "uv_size": [0.75, -14]}
							}
						},
						{
							"origin": [0.08839, 7.19194, -4.999],
							"size": [0.70711, 0.375, 14],
							"pivot": [0.46339, 7.44194, 2],
							"rotation": [0, 0, -45],
							"uv": {
								"north": {"uv": [37, 13], "uv_size": [0.75, 0.5]},
								"south": {"uv": [37, 14], "uv_size": [0.75, 0.5]},
								"down": {"uv": [7, 30], "uv_size": [0.75, -14]}
							}
						},
						{
							"origin": [-0.874, 6.96447, 2.95711],
							"size": [1.748, 1, 1.5],
							"pivot": [0.124, 5.96447, 5.95711],
							"rotation": [-45, 0, 0],
							"uv": {
								"east": {"uv": [0, 30], "uv_size": [1.5, 1]},
								"west": {"uv": [2, 30], "uv_size": [1.5, 1]},
								"up": {"uv": [26, 9], "uv_size": [1.75, 1.5]}
							}
						},
						{
							"origin": [-0.875, 7.5, 5],
							"size": [1.75, 1, 3.5],
							"uv": {
								"east": {"uv": [24, 22], "uv_size": [3.5, 1]},
								"west": {"uv": [23, 24], "uv_size": [3.5, 1]},
								"up": {"uv": [21, 8], "uv_size": [1.75, 3.5]}
							}
						},
						{
							"origin": [-0.875, 7.5, 8.5],
							"size": [1.75, 0.5, 0.5],
							"uv": {
								"east": {"uv": [38, 5], "uv_size": [0.5, 0.5]},
								"south": {"uv": [34, 13], "uv_size": [1.75, 0.5]},
								"west": {"uv": [6, 38], "uv_size": [0.5, 0.5]}
							}
						},
						{
							"origin": [-0.874, 7.68934, 8.25],
							"size": [1.748, 0.70711, 0.5],
							"pivot": [-0.001, 8.14645, 8.5],
							"rotation": [45, 0, 0],
							"uv": {
								"east": {"uv": [19, 37], "uv_size": [0.5, 0.75]},
								"south": {"uv": [26, 31], "uv_size": [1.75, 0.75]},
								"west": {"uv": [20, 37], "uv_size": [0.5, 0.75]}
							}
						},
						{
							"origin": [-0.8125, 6.75, 8],
							"size": [1.625, 0.25, 0.25],
							"pivot": [0, 6.875, 8.125],
							"rotation": [-45, 0, 0],
							"uv": {
								"north": {"uv": [36, 35], "uv_size": [1.75, 0.25]},
								"east": {"uv": [15, 40], "uv_size": [0.25, 0.25]},
								"south": {"uv": [36, 36], "uv_size": [1.75, 0.25]},
								"west": {"uv": [40, 15], "uv_size": [0.25, 0.25]},
								"up": {"uv": [37, 2], "uv_size": [1.75, 0.25]},
								"down": {"uv": [37, 3.25], "uv_size": [1.75, -0.25]}
							}
						},
						{
							"origin": [-0.625, 9.5, -3],
							"size": [1.25, 0.25, 8.25],
							"uv": {
								"north": {"uv": [35, 37], "uv_size": [1.25, 0.25]},
								"south": {"uv": [37, 37], "uv_size": [1.25, 0.25]},
								"up": {"uv": [11, 17], "uv_size": [1.25, 8.25]}
							}
						},
						{
							"origin": [-0.70711, 9.09467, -3],
							"size": [0.35355, 0.25, 8.25],
							"pivot": [-0.97855, 9.21967, 0.5],
							"rotation": [0, 0, -45],
							"uv": {
								"north": {"uv": [16, 40], "uv_size": [0.25, 0.25]},
								"south": {"uv": [40, 16], "uv_size": [0.25, 0.25]},
								"up": {"uv": [12, 29], "uv_size": [0.25, 8.25]}
							}
						},
						{
							"origin": [0.35355, 9.09467, -3],
							"size": [0.35355, 0.25, 8.25],
							"pivot": [0.97855, 9.21967, 0.5],
							"rotation": [0, 0, 45],
							"uv": {
								"north": {"uv": [17, 40], "uv_size": [0.25, 0.25]},
								"south": {"uv": [40, 17], "uv_size": [0.25, 0.25]},
								"up": {"uv": [13, 29], "uv_size": [0.25, 8.25]}
							}
						},
						{
							"origin": [-0.875, 7.5, -4.5],
							"size": [1.75, 1.5, 1.5],
							"uv": {
								"east": {"uv": [28, 2], "uv_size": [1.5, 1.5]},
								"west": {"uv": [3, 28], "uv_size": [1.5, 1.5]},
								"up": {"uv": [12, 26], "uv_size": [1.75, 1.5]}
							}
						},
						{
							"origin": [-0.874, 8.51256, -2.92678],
							"size": [1.748, 0.5, 0.75],
							"pivot": [-0.001, 8.26256, -3.17678],
							"rotation": [45, 0, 0],
							"uv": {
								"east": {"uv": [37, 20], "uv_size": [0.75, 0.5]},
								"west": {"uv": [21, 37], "uv_size": [0.75, 0.5]},
								"up": {"uv": [31, 27], "uv_size": [1.75, 0.75]}
							}
						},
						{
							"origin": [-0.875, 7.5, -5],
							"size": [1.75, 1, 0.5],
							"uv": {
								"north": {"uv": [29, 13], "uv_size": [1.75, 1]},
								"east": {"uv": [20, 36], "uv_size": [0.5, 1]},
								"west": {"uv": [23, 36], "uv_size": [0.5, 1]}
							}
						},
						{
							"origin": [-0.874, 8.01256, -4.38388],
							"size": [1.748, 0.5, 0.70711],
							"pivot": [-0.001, 7.76256, -4.67678],
							"rotation": [45, 0, 0],
							"uv": {
								"north": {"uv": [34, 14], "uv_size": [1.75, 0.5]},
								"east": {"uv": [37, 21], "uv_size": [0.75, 0.5]},
								"south": {"uv": [19, 34], "uv_size": [1.75, 0.5]},
								"west": {"uv": [22, 37], "uv_size": [0.75, 0.5]},
								"up": {"uv": [28, 31], "uv_size": [1.75, 0.75]},
								"down": {"uv": [31, 28.75], "uv_size": [1.75, -0.75]}
							}
						},
						{
							"origin": [-0.5, 8.75, -4.75],
							"size": [1, 0.25, 0.25],
							"uv": {
								"north": {"uv": [38, 6], "uv_size": [1, 0.25]},
								"east": {"uv": [18, 40], "uv_size": [0.25, 0.25]},
								"west": {"uv": [40, 18], "uv_size": [0.25, 0.25]}
							}
						},
						{
							"origin": [-0.5, 9, -4.25],
							"size": [1, 0.5, 1.25],
							"uv": {
								"east": {"uv": [35, 12], "uv_size": [1.25, 0.5]},
								"west": {"uv": [19, 35], "uv_size": [1.25, 0.5]},
								"up": {"uv": [32, 22], "uv_size": [1, 1.25]}
							}
						},
						{
							"origin": [-0.5, 8.63128, -4.59727],
							"size": [1, 0.5, 0.70711],
							"pivot": [0, 8.88128, -4.51517],
							"rotation": [45, 0, 0],
							"uv": {
								"east": {"uv": [37, 22], "uv_size": [0.75, 0.5]},
								"west": {"uv": [23, 37], "uv_size": [0.75, 0.5]},
								"up": {"uv": [29, 34], "uv_size": [1, 0.75]}
							}
						},
						{
							"origin": [-0.375, 9.75, -3],
							"size": [0.75, 0.25, 8.25],
							"uv": {
								"north": {"uv": [38, 19], "uv_size": [0.75, 0.25]},
								"east": {"uv": [29, 7], "uv_size": [8.25, 0.25]},
								"south": {"uv": [20, 38], "uv_size": [0.75, 0.25]},
								"west": {"uv": [29, 8], "uv_size": [8.25, 0.25]}
							}
						},
						{
							"origin": [-0.375, 7, -5],
							"size": [0.75, 0.5, 0.25],
							"uv": {
								"north": {"uv": [37, 23], "uv_size": [0.75, 0.5]},
								"south": {"uv": [37, 24], "uv_size": [0.75, 0.5]},
								"down": {"uv": [38, 20.25], "uv_size": [0.75, -0.25]}
							}
						},
						{
							"origin": [-0.5, 7.25, 9.5],
							"size": [1, 0.5, 6],
							"uv": {
								"east": {"uv": [26, 0], "uv_size": [6, 0.5]},
								"west": {"uv": [26, 1], "uv_size": [6, 0.5]},
								"up": {"uv": [21, 18], "uv_size": [1, 6]},
								"down": {"uv": [22, 20], "uv_size": [1, -6]}
							}
						},
						{
							"origin": [-0.625, 1.78834, 7.76363],
							"size": [1.25, 0.5, 4],
							"pivot": [0.4625, 6.36334, 6.50113],
							"rotation": [22.5, 0, 0],
							"uv": {
								"east": {"uv": [29, 9], "uv_size": [4, 0.5]},
								"west": {"uv": [29, 12], "uv_size": [4, 0.5]},
								"up": {"uv": [23, 4], "uv_size": [1.25, 4]},
								"down": {"uv": [23, 12], "uv_size": [1.25, -4]}
							}
						},
						{
							"origin": [-0.625, 4.1124, 12.92248],
							"size": [1.25, 0.5, 3],
							"uv": {
								"east": {"uv": [30, 2], "uv_size": [3, 0.5]},
								"south": {"uv": [35, 22], "uv_size": [1.25, 0.5]},
								"west": {"uv": [30, 3], "uv_size": [3, 0.5]},
								"up": {"uv": [19, 23], "uv_size": [1.25, 3]}
							}
						},
						{
							"origin": [-0.625, 6.8624, 14.92248],
							"size": [1.25, 1, 1],
							"uv": {
								"east": {"uv": [14, 6], "uv_size": [1, 1]},
								"south": {"uv": [32, 24], "uv_size": [1.25, 1]},
								"west": {"uv": [4, 33], "uv_size": [1, 1]}
							}
						},
						{
							"origin": [-0.5, 4.6124, 14.92248],
							"size": [1, 2.25, 1],
							"uv": {
								"north": {"uv": [28, 4], "uv_size": [1, 2.25]},
								"east": {"uv": [5, 28], "uv_size": [1, 2.25]},
								"south": {"uv": [28, 7], "uv_size": [1, 2.25]},
								"west": {"uv": [8, 28], "uv_size": [1, 2.25]}
							}
						},
						{
							"origin": [-0.375, 7.8624, 14.67248],
							"size": [0.75, 0.25, 1.25],
							"uv": {
								"north": {"uv": [21, 38], "uv_size": [0.75, 0.25]},
								"south": {"uv": [38, 21], "uv_size": [0.75, 0.25]},
								"up": {"uv": [3, 34], "uv_size": [0.75, 1.25]}
							}
						},
						{
							"origin": [-1.61787, 7.35941, 14.67248],
							"size": [0.35355, 0.25, 1.25],
							"pivot": [-1.42682, 8.93441, 9.40998],
							"rotation": [0, 0, -45],
							"uv": {
								"north": {"uv": [19, 40], "uv_size": [0.25, 0.25]},
								"south": {"uv": [40, 19], "uv_size": [0.25, 0.25]},
								"up": {"uv": [33, 37], "uv_size": [0.25, 1.25]}
							}
						},
						{
							"origin": [1.26432, 7.35941, 14.67248],
							"size": [0.35355, 0.25, 1.25],
							"pivot": [1.42682, 8.93441, 9.40998],
							"rotation": [0, 0, 45],
							"uv": {
								"north": {"uv": [20, 40], "uv_size": [0.25, 0.25]},
								"south": {"uv": [40, 20], "uv_size": [0.25, 0.25]},
								"up": {"uv": [0, 38], "uv_size": [0.25, 1.25]}
							}
						},
						{
							"origin": [-1.61787, 7.11539, 14.92248],
							"size": [0.35355, 0.25, 1],
							"pivot": [-1.42682, 5.79039, 9.40998],
							"rotation": [0, 0, 45],
							"uv": {
								"north": {"uv": [21, 40], "uv_size": [0.25, 0.25]},
								"south": {"uv": [40, 21], "uv_size": [0.25, 0.25]},
								"down": {"uv": [7, 39], "uv_size": [0.25, -1]}
							}
						},
						{
							"origin": [1.26432, 7.11539, 14.92248],
							"size": [0.35355, 0.25, 1],
							"pivot": [1.42682, 5.79039, 9.40998],
							"rotation": [0, 0, -45],
							"uv": {
								"north": {"uv": [22, 40], "uv_size": [0.25, 0.25]},
								"south": {"uv": [40, 22], "uv_size": [0.25, 0.25]},
								"down": {"uv": [38, 8], "uv_size": [0.25, -1]}
							}
						},
						{
							"origin": [-0.625, 7.1124, 14.67248],
							"size": [1.25, 0.75, 0.25],
							"uv": {
								"north": {"uv": [33, 30], "uv_size": [1.25, 0.75]},
								"east": {"uv": [22, 38], "uv_size": [0.25, 0.75]},
								"west": {"uv": [38, 22], "uv_size": [0.25, 0.75]}
							}
						},
						{
							"origin": [-0.624, 6.95707, 14.90103],
							"size": [1.248, 0.35355, 0.25],
							"pivot": [-0.001, 6.93563, 15.02603],
							"rotation": [45, 0, 0],
							"uv": {
								"north": {"uv": [38, 0], "uv_size": [1.25, 0.25]},
								"east": {"uv": [23, 40], "uv_size": [0.25, 0.25]},
								"west": {"uv": [40, 23], "uv_size": [0.25, 0.25]}
							}
						},
						{
							"origin": [-0.5, 4.8624, 14.92248],
							"size": [1, 0.5, 0.25],
							"pivot": [0, 5.1124, 14.42248],
							"rotation": [-45, 0, 0],
							"uv": {
								"north": {"uv": [36, 24], "uv_size": [1, 0.5]},
								"east": {"uv": [39, 23], "uv_size": [0.25, 0.5]},
								"west": {"uv": [24, 39], "uv_size": [0.25, 0.5]}
							}
						},
						{
							"origin": [-0.5, 3.6124, 12.92248],
							"size": [1, 0.5, 3],
							"uv": {
								"east": {"uv": [30, 4], "uv_size": [3, 0.5]},
								"south": {"uv": [36, 25], "uv_size": [1, 0.5]},
								"west": {"uv": [30, 5], "uv_size": [3, 0.5]},
								"down": {"uv": [26, 9], "uv_size": [1, -3]}
							}
						},
						{
							"origin": [-0.499, 4.51145, 13.00198],
							"size": [0.998, 0.5, 0.5],
							"pivot": [-0.001, 4.76145, 12.12698],
							"rotation": [-45, 0, 0],
							"uv": {
								"east": {"uv": [8, 38], "uv_size": [0.5, 0.5]},
								"west": {"uv": [38, 8], "uv_size": [0.5, 0.5]},
								"down": {"uv": [36, 26.5], "uv_size": [1, -0.5]}
							}
						},
						{
							"origin": [0.38128, 3.59724, 12.67248],
							"size": [0.25, 0.25, 3.25],
							"pivot": [0.00628, 3.84724, 14.29748],
							"rotation": [0, 0, -45],
							"uv": {
								"south": {"uv": [24, 40], "uv_size": [0.25, 0.25]},
								"down": {"uv": [34, 25.25], "uv_size": [0.25, -3.25]}
							}
						},
						{
							"origin": [-0.63128, 3.59724, 12.67248],
							"size": [0.25, 0.25, 3.25],
							"pivot": [-0.00628, 3.84724, 14.29748],
							"rotation": [0, 0, 45],
							"uv": {
								"south": {"uv": [40, 24], "uv_size": [0.25, 0.25]},
								"down": {"uv": [27, 37.25], "uv_size": [0.25, -3.25]}
							}
						},
						{
							"origin": [-1.61787, 4.10941, 14.92248],
							"size": [0.35355, 0.25, 1],
							"pivot": [-1.42682, 5.68441, 9.40998],
							"rotation": [0, 0, -45],
							"uv": {
								"north": {"uv": [25, 40], "uv_size": [0.25, 0.25]},
								"south": {"uv": [40, 25], "uv_size": [0.25, 0.25]},
								"up": {"uv": [9, 38], "uv_size": [0.25, 1]}
							}
						},
						{
							"origin": [1.26432, 4.10941, 14.92248],
							"size": [0.35355, 0.25, 1],
							"pivot": [1.42682, 5.68441, 9.40998],
							"rotation": [0, 0, 45],
							"uv": {
								"north": {"uv": [26, 40], "uv_size": [0.25, 0.25]},
								"south": {"uv": [40, 26], "uv_size": [0.25, 0.25]},
								"up": {"uv": [38, 9], "uv_size": [0.25, 1]}
							}
						},
						{
							"origin": [-0.625, 7.125, 9],
							"size": [1.25, 0.75, 0.5],
							"uv": {
								"east": {"uv": [37, 25], "uv_size": [0.5, 0.75]},
								"south": {"uv": [4, 34], "uv_size": [1.25, 0.75]},
								"west": {"uv": [37, 26], "uv_size": [0.5, 0.75]},
								"up": {"uv": [35, 23], "uv_size": [1.25, 0.5]}
							}
						},
						{
							"origin": [-0.375, 6.625, 8.5],
							"size": [0.75, 0.5, 1],
							"uv": {
								"east": {"uv": [28, 36], "uv_size": [1, 0.5]},
								"south": {"uv": [37, 27], "uv_size": [0.75, 0.5]},
								"west": {"uv": [29, 36], "uv_size": [1, 0.5]},
								"down": {"uv": [34, 33], "uv_size": [0.75, -1]}
							}
						},
						{
							"origin": [-0.55806, 6.78661, 8.5],
							"size": [0.5, 0.25, 1],
							"pivot": [-0.18306, 7.03661, 9],
							"rotation": [0, 0, 45],
							"uv": {
								"south": {"uv": [39, 24], "uv_size": [0.5, 0.25]},
								"down": {"uv": [36, 30], "uv_size": [0.5, -1]}
							}
						},
						{
							"origin": [0.05806, 6.78661, 8.5],
							"size": [0.5, 0.25, 1],
							"pivot": [0.18306, 7.03661, 9],
							"rotation": [0, 0, -45],
							"uv": {
								"south": {"uv": [25, 39], "uv_size": [0.5, 0.25]},
								"down": {"uv": [36, 31], "uv_size": [0.5, -1]}
							}
						},
						{
							"origin": [-0.15533, 7.5, -5.5],
							"size": [0.31066, 0.125, 5.125],
							"pivot": [0, 7.875, -5.25],
							"rotation": [0, 0, 45],
							"uv": {
								"north": {"uv": [27, 40], "uv_size": [0.25, 0.25]},
								"south": {"uv": [40, 27], "uv_size": [0.25, 0.25]},
								"up": {"uv": [30, 31], "uv_size": [0.25, 5.25]},
								"down": {"uv": [31, 36.25], "uv_size": [0.25, -5.25]}
							}
						},
						{
							"origin": [-0.15533, 8.125, -5.5],
							"size": [0.31066, 0.125, 5.125],
							"uv": {
								"north": {"uv": [28, 40], "uv_size": [0.25, 0.25]},
								"south": {"uv": [40, 28], "uv_size": [0.25, 0.25]},
								"up": {"uv": [0, 32], "uv_size": [0.25, 5.25]},
								"down": {"uv": [1, 37.25], "uv_size": [0.25, -5.25]}
							}
						},
						{
							"origin": [-0.375, 7.71967, -5.5],
							"size": [0.125, 0.31066, 5.125],
							"pivot": [0, 7.875, -5.25],
							"rotation": [0, 0, 45],
							"uv": {
								"north": {"uv": [29, 40], "uv_size": [0.25, 0.25]},
								"east": {"uv": [32, 0], "uv_size": [5.25, 0.25]},
								"south": {"uv": [40, 29], "uv_size": [0.25, 0.25]},
								"west": {"uv": [32, 1], "uv_size": [5.25, 0.25]}
							}
						},
						{
							"origin": [-0.375, 7.71967, -5.5],
							"size": [0.125, 0.31066, 5.125],
							"uv": {
								"north": {"uv": [30, 40], "uv_size": [0.25, 0.25]},
								"east": {"uv": [32, 11], "uv_size": [5.25, 0.25]},
								"south": {"uv": [40, 30], "uv_size": [0.25, 0.25]},
								"west": {"uv": [32, 15], "uv_size": [5.25, 0.25]}
							}
						},
						{
							"origin": [-0.15533, 7.5, -5.5],
							"size": [0.31066, 0.125, 5.125],
							"pivot": [0, 7.875, -5.25],
							"rotation": [0, 0, -135],
							"uv": {
								"north": {"uv": [31, 40], "uv_size": [0.25, 0.25]},
								"south": {"uv": [40, 31], "uv_size": [0.25, 0.25]},
								"up": {"uv": [2, 32], "uv_size": [0.25, 5.25]},
								"down": {"uv": [24, 37.25], "uv_size": [0.25, -5.25]}
							}
						},
						{
							"origin": [-0.375, 7.71967, -5.5],
							"size": [0.125, 0.31066, 5.125],
							"pivot": [0, 7.875, -5.25],
							"rotation": [0, 0, -180],
							"uv": {
								"north": {"uv": [32, 40], "uv_size": [0.25, 0.25]},
								"east": {"uv": [32, 16], "uv_size": [5.25, 0.25]},
								"south": {"uv": [40, 32], "uv_size": [0.25, 0.25]},
								"west": {"uv": [32, 17], "uv_size": [5.25, 0.25]}
							}
						},
						{
							"origin": [-0.15533, 8.125, -5.5],
							"size": [0.31066, 0.125, 5.125],
							"pivot": [0, 7.875, -5.25],
							"rotation": [0, 0, -180],
							"uv": {
								"north": {"uv": [33, 40], "uv_size": [0.25, 0.25]},
								"south": {"uv": [40, 33], "uv_size": [0.25, 0.25]},
								"up": {"uv": [25, 32], "uv_size": [0.25, 5.25]},
								"down": {"uv": [26, 37.25], "uv_size": [0.25, -5.25]}
							}
						},
						{
							"origin": [-0.375, 7.71967, -5.5],
							"size": [0.125, 0.31066, 5.125],
							"pivot": [0, 7.875, -5.25],
							"rotation": [0, 0, -135],
							"uv": {
								"north": {"uv": [34, 40], "uv_size": [0.25, 0.25]},
								"east": {"uv": [32, 18], "uv_size": [5.25, 0.25]},
								"south": {"uv": [40, 34], "uv_size": [0.25, 0.25]},
								"west": {"uv": [32, 19], "uv_size": [5.25, 0.25]}
							}
						},
						{
							"origin": [-0.75, 5.25, -4.75],
							"size": [1.5, 1.25, 3.75],
							"uv": {
								"north": {"uv": [24, 29], "uv_size": [1.5, 1.25]},
								"east": {"uv": [23, 14], "uv_size": [3.75, 1.25]},
								"west": {"uv": [23, 16], "uv_size": [3.75, 1.25]}
							}
						},
						{
							"origin": [-0.5, 5, -4.75],
							"size": [1, 0.25, 3.75],
							"uv": {
								"north": {"uv": [10, 38], "uv_size": [1, 0.25]},
								"down": {"uv": [10, 26.75], "uv_size": [1, -3.75]}
							}
						},
						{
							"origin": [0.26517, 5.31694, -4.75],
							"size": [0.35355, 0.25, 3.75],
							"pivot": [0.76517, 5.44194, -2.875],
							"rotation": [0, 0, -45],
							"uv": {
								"north": {"uv": [35, 40], "uv_size": [0.25, 0.25]},
								"down": {"uv": [6, 37.75], "uv_size": [0.25, -3.75]}
							}
						},
						{
							"origin": [-0.61872, 5.31694, -4.75],
							"size": [0.35355, 0.25, 3.75],
							"pivot": [-0.76517, 5.44194, -2.875],
							"rotation": [0, 0, 45],
							"uv": {
								"north": {"uv": [40, 35], "uv_size": [0.25, 0.25]},
								"down": {"uv": [7, 37.75], "uv_size": [0.25, -3.75]}
							}
						},
						{
							"origin": [0.375, 7.5, -3],
							"size": [0.5, 1, 8],
							"uv": {
								"east": {"uv": [17, 2], "uv_size": [8, 1]},
								"west": {"uv": [17, 3], "uv_size": [8, 1]},
								"up": {"uv": [9, 23], "uv_size": [0.5, 8]}
							}
						},
						{
							"origin": [-0.875, 7.5, -0.5],
							"size": [0.25, 0.25, 5.5],
							"uv": {
								"north": {"uv": [36, 40], "uv_size": [0.25, 0.25]},
								"east": {"uv": [31, 20], "uv_size": [5.5, 0.25]},
								"south": {"uv": [40, 36], "uv_size": [0.25, 0.25]},
								"west": {"uv": [31, 21], "uv_size": [5.5, 0.25]},
								"up": {"uv": [21, 31], "uv_size": [0.25, 5.5]},
								"down": {"uv": [22, 36.5], "uv_size": [0.25, -5.5]}
							}
						},
						{
							"origin": [-0.875, 7.75, 2],
							"size": [0.25, 0.75, 3],
							"uv": {
								"north": {"uv": [23, 38], "uv_size": [0.25, 0.75]},
								"east": {"uv": [28, 10], "uv_size": [3, 0.75]},
								"west": {"uv": [12, 28], "uv_size": [3, 0.75]}
							}
						},
						{
							"origin": [-0.875, 7.5, -3],
							"size": [1.25, 1, 2.5],
							"uv": {
								"east": {"uv": [26, 20], "uv_size": [2.5, 1]},
								"south": {"uv": [32, 25], "uv_size": [1.25, 1]},
								"west": {"uv": [26, 21], "uv_size": [2.5, 1]}
							}
						},
						{
							"origin": [-0.874, 7.875, 2],
							"size": [0.25, 0.5, 0.25],
							"pivot": [-0.75, 8.125, 1.625],
							"rotation": [45, 0, 0],
							"uv": {
								"north": {"uv": [39, 33], "uv_size": [0.25, 0.5]},
								"east": {"uv": [34, 39], "uv_size": [0.25, 0.5]},
								"west": {"uv": [39, 34], "uv_size": [0.25, 0.5]}
							}
						},
						{
							"origin": [-0.874, 7.875, -0.75],
							"size": [0.25, 0.5, 0.25],
							"pivot": [-0.75, 8.125, -0.125],
							"rotation": [-45, 0, 0],
							"uv": {
								"east": {"uv": [35, 39], "uv_size": [0.25, 0.5]},
								"south": {"uv": [39, 35], "uv_size": [0.25, 0.5]},
								"west": {"uv": [36, 39], "uv_size": [0.25, 0.5]}
							}
						},
						{
							"origin": [-0.874, 7.875, 2],
							"size": [0.25, 0.5, 0.25],
							"pivot": [-0.75, 8.125, 1.625],
							"rotation": [-45, 0, 0],
							"uv": {
								"north": {"uv": [39, 36], "uv_size": [0.25, 0.5]},
								"east": {"uv": [37, 39], "uv_size": [0.25, 0.5]},
								"west": {"uv": [39, 37], "uv_size": [0.25, 0.5]}
							}
						},
						{
							"origin": [-0.874, 7.875, -0.75],
							"size": [0.25, 0.5, 0.25],
							"pivot": [-0.75, 8.125, -0.125],
							"rotation": [45, 0, 0],
							"uv": {
								"east": {"uv": [38, 39], "uv_size": [0.25, 0.5]},
								"south": {"uv": [39, 38], "uv_size": [0.25, 0.5]},
								"west": {"uv": [39, 39], "uv_size": [0.25, 0.5]}
							}
						},
						{
							"origin": [0.625, 9, -3],
							"size": [0.25, 0.5, 8.25],
							"uv": {
								"north": {"uv": [0, 40], "uv_size": [0.25, 0.5]},
								"east": {"uv": [23, 18], "uv_size": [8.25, 0.5]},
								"south": {"uv": [40, 0], "uv_size": [0.25, 0.5]},
								"west": {"uv": [23, 19], "uv_size": [8.25, 0.5]},
								"up": {"uv": [14, 29], "uv_size": [0.25, 8.25]},
								"down": {"uv": [16, 37.25], "uv_size": [0.25, -8.25]}
							}
						},
						{
							"origin": [0.625, 8.5, -3],
							"size": [0.25, 0.5, 0.5],
							"uv": {
								"east": {"uv": [38, 10], "uv_size": [0.5, 0.5]},
								"south": {"uv": [1, 40], "uv_size": [0.25, 0.5]},
								"west": {"uv": [11, 38], "uv_size": [0.5, 0.5]}
							}
						},
						{
							"origin": [0.625, 8.5, 0.5],
							"size": [0.25, 0.5, 4.75],
							"uv": {
								"north": {"uv": [40, 1], "uv_size": [0.25, 0.5]},
								"east": {"uv": [27, 17], "uv_size": [4.75, 0.5]},
								"west": {"uv": [24, 27], "uv_size": [4.75, 0.5]}
							}
						},
						{
							"origin": [0.624, 8.5, -2.75],
							"size": [0.25, 0.5, 0.25],
							"pivot": [0.75, 8.75, -2.25],
							"rotation": [-45, 0, 0],
							"uv": {
								"east": {"uv": [2, 40], "uv_size": [0.25, 0.5]},
								"south": {"uv": [40, 2], "uv_size": [0.25, 0.5]},
								"west": {"uv": [3, 40], "uv_size": [0.25, 0.5]}
							}
						},
						{
							"origin": [0.624, 8.5, 0.5],
							"size": [0.25, 0.5, 0.25],
							"pivot": [0.75, 8.75, 0.25],
							"rotation": [45, 0, 0],
							"uv": {
								"north": {"uv": [40, 3], "uv_size": [0.25, 0.5]},
								"east": {"uv": [4, 40], "uv_size": [0.25, 0.5]},
								"west": {"uv": [40, 4], "uv_size": [0.25, 0.5]}
							}
						},
						{
							"origin": [0.624, 8.5, -2.75],
							"size": [0.25, 0.5, 0.25],
							"pivot": [0.75, 8.75, -2.25],
							"rotation": [45, 0, 0],
							"uv": {
								"east": {"uv": [5, 40], "uv_size": [0.25, 0.5]},
								"south": {"uv": [40, 5], "uv_size": [0.25, 0.5]},
								"west": {"uv": [6, 40], "uv_size": [0.25, 0.5]}
							}
						},
						{
							"origin": [0.624, 8.5, 0.5],
							"size": [0.25, 0.5, 0.25],
							"pivot": [0.75, 8.75, 0.25],
							"rotation": [-45, 0, 0],
							"uv": {
								"north": {"uv": [40, 6], "uv_size": [0.25, 0.5]},
								"east": {"uv": [7, 40], "uv_size": [0.25, 0.5]},
								"west": {"uv": [40, 7], "uv_size": [0.25, 0.5]}
							}
						},
						{
							"origin": [-0.375, 10, -3],
							"size": [0.75, 0.125, 0.75],
							"uv": {
								"north": {"uv": [38, 23], "uv_size": [0.75, 0.25]},
								"south": {"uv": [24, 38], "uv_size": [0.75, 0.25]},
								"up": {"uv": [23, 35], "uv_size": [0.75, 0.75]}
							}
						},
						{
							"origin": [0.39645, 10.10355, -3],
							"size": [0.17678, 0.17678, 0.75],
							"pivot": [0.19822, 10.22855, 0.875],
							"rotation": [0, 0, 45],
							"uv": {
								"north": {"uv": [37, 40], "uv_size": [0.25, 0.25]},
								"south": {"uv": [40, 37], "uv_size": [0.25, 0.25]},
								"up": {"uv": [38, 24], "uv_size": [0.25, 0.75]}
							}
						},
						{
							"origin": [-0.57322, 10.10355, -3],
							"size": [0.17678, 0.17678, 0.75],
							"pivot": [-0.19822, 10.22855, 0.875],
							"rotation": [0, 0, -45],
							"uv": {
								"north": {"uv": [38, 40], "uv_size": [0.25, 0.25]},
								"south": {"uv": [40, 38], "uv_size": [0.25, 0.25]},
								"up": {"uv": [25, 38], "uv_size": [0.25, 0.75]}
							}
						},
						{
							"origin": [-0.57322, 10.10355, -2],
							"size": [0.17678, 0.17678, 0.25],
							"pivot": [-0.19822, 10.22855, 1.375],
							"rotation": [0, 0, -45],
							"uv": {
								"north": {"uv": [39, 40], "uv_size": [0.25, 0.25]},
								"south": {"uv": [40, 39], "uv_size": [0.25, 0.25]},
								"up": {"uv": [40, 40], "uv_size": [0.25, 0.25]}
							}
						},
						{
							"origin": [0.39645, 10.10355, -2],
							"size": [0.17678, 0.17678, 0.25],
							"pivot": [0.19822, 10.22855, 1.375],
							"rotation": [0, 0, 45],
							"uv": {
								"north": {"uv": [0, 41], "uv_size": [0.25, 0.25]},
								"south": {"uv": [41, 0], "uv_size": [0.25, 0.25]},
								"up": {"uv": [1, 41], "uv_size": [0.25, 0.25]}
							}
						},
						{
							"origin": [-0.375, 10, -2],
							"size": [0.75, 0.125, 0.25],
							"uv": {
								"north": {"uv": [38, 25], "uv_size": [0.75, 0.25]},
								"south": {"uv": [26, 38], "uv_size": [0.75, 0.25]},
								"up": {"uv": [38, 26], "uv_size": [0.75, 0.25]}
							}
						},
						{
							"origin": [-0.57322, 10.10355, -1.5],
							"size": [0.17678, 0.17678, 0.75],
							"pivot": [-0.19822, 10.22855, 2.375],
							"rotation": [0, 0, -45],
							"uv": {
								"north": {"uv": [41, 1], "uv_size": [0.25, 0.25]},
								"south": {"uv": [2, 41], "uv_size": [0.25, 0.25]},
								"up": {"uv": [27, 38], "uv_size": [0.25, 0.75]}
							}
						},
						{
							"origin": [-0.375, 10, -1.5],
							"size": [0.75, 0.125, 0.75],
							"uv": {
								"north": {"uv": [38, 27], "uv_size": [0.75, 0.25]},
								"south": {"uv": [28, 38], "uv_size": [0.75, 0.25]},
								"up": {"uv": [35, 24], "uv_size": [0.75, 0.75]}
							}
						},
						{
							"origin": [0.39645, 10.10355, -1.5],
							"size": [0.17678, 0.17678, 0.75],
							"pivot": [0.19822, 10.22855, 2.375],
							"rotation": [0, 0, 45],
							"uv": {
								"north": {"uv": [41, 2], "uv_size": [0.25, 0.25]},
								"south": {"uv": [3, 41], "uv_size": [0.25, 0.25]},
								"up": {"uv": [38, 28], "uv_size": [0.25, 0.75]}
							}
						},
						{
							"origin": [-0.57322, 10.10355, -0.5],
							"size": [0.17678, 0.17678, 0.25],
							"pivot": [-0.19822, 10.22855, 2.875],
							"rotation": [0, 0, -45],
							"uv": {
								"north": {"uv": [41, 3], "uv_size": [0.25, 0.25]},
								"south": {"uv": [4, 41], "uv_size": [0.25, 0.25]},
								"up": {"uv": [41, 4], "uv_size": [0.25, 0.25]}
							}
						},
						{
							"origin": [0.39645, 10.10355, -0.5],
							"size": [0.17678, 0.17678, 0.25],
							"pivot": [0.19822, 10.22855, 2.875],
							"rotation": [0, 0, 45],
							"uv": {
								"north": {"uv": [5, 41], "uv_size": [0.25, 0.25]},
								"south": {"uv": [41, 5], "uv_size": [0.25, 0.25]},
								"up": {"uv": [6, 41], "uv_size": [0.25, 0.25]}
							}
						},
						{
							"origin": [-0.375, 10, -0.5],
							"size": [0.75, 0.125, 0.25],
							"uv": {
								"north": {"uv": [29, 38], "uv_size": [0.75, 0.25]},
								"south": {"uv": [38, 29], "uv_size": [0.75, 0.25]},
								"up": {"uv": [30, 38], "uv_size": [0.75, 0.25]}
							}
						},
						{
							"origin": [0.39645, 10.10355, 0],
							"size": [0.17678, 0.17678, 0.75],
							"pivot": [0.19822, 10.22855, 3.875],
							"rotation": [0, 0, 45],
							"uv": {
								"north": {"uv": [41, 6], "uv_size": [0.25, 0.25]},
								"south": {"uv": [7, 41], "uv_size": [0.25, 0.25]},
								"up": {"uv": [38, 30], "uv_size": [0.25, 0.75]}
							}
						},
						{
							"origin": [0.39645, 10.10355, 1],
							"size": [0.17678, 0.17678, 0.25],
							"pivot": [0.19822, 10.22855, 4.375],
							"rotation": [0, 0, 45],
							"uv": {
								"north": {"uv": [41, 7], "uv_size": [0.25, 0.25]},
								"south": {"uv": [8, 41], "uv_size": [0.25, 0.25]},
								"up": {"uv": [41, 8], "uv_size": [0.25, 0.25]}
							}
						},
						{
							"origin": [-0.375, 10, 0],
							"size": [0.75, 0.125, 0.75],
							"uv": {
								"north": {"uv": [31, 38], "uv_size": [0.75, 0.25]},
								"south": {"uv": [38, 31], "uv_size": [0.75, 0.25]},
								"up": {"uv": [35, 25], "uv_size": [0.75, 0.75]}
							}
						},
						{
							"origin": [-0.57322, 10.10355, 0],
							"size": [0.17678, 0.17678, 0.75],
							"pivot": [-0.19822, 10.22855, 3.875],
							"rotation": [0, 0, -45],
							"uv": {
								"north": {"uv": [9, 41], "uv_size": [0.25, 0.25]},
								"south": {"uv": [41, 9], "uv_size": [0.25, 0.25]},
								"up": {"uv": [32, 38], "uv_size": [0.25, 0.75]}
							}
						},
						{
							"origin": [-0.57322, 10.10355, 1],
							"size": [0.17678, 0.17678, 0.25],
							"pivot": [-0.19822, 10.22855, 4.375],
							"rotation": [0, 0, -45],
							"uv": {
								"north": {"uv": [10, 41], "uv_size": [0.25, 0.25]},
								"south": {"uv": [41, 10], "uv_size": [0.25, 0.25]},
								"up": {"uv": [11, 41], "uv_size": [0.25, 0.25]}
							}
						},
						{
							"origin": [-0.375, 10, 1],
							"size": [0.75, 0.125, 0.25],
							"uv": {
								"north": {"uv": [38, 32], "uv_size": [0.75, 0.25]},
								"south": {"uv": [34, 38], "uv_size": [0.75, 0.25]},
								"up": {"uv": [35, 38], "uv_size": [0.75, 0.25]}
							}
						},
						{
							"origin": [-0.57322, 10.10355, 1.5],
							"size": [0.17678, 0.17678, 0.75],
							"pivot": [-0.19822, 10.22855, 5.375],
							"rotation": [0, 0, -45],
							"uv": {
								"north": {"uv": [41, 11], "uv_size": [0.25, 0.25]},
								"south": {"uv": [12, 41], "uv_size": [0.25, 0.25]},
								"up": {"uv": [38, 35], "uv_size": [0.25, 0.75]}
							}
						},
						{
							"origin": [-0.375, 10, 1.5],
							"size": [0.75, 0.125, 0.75],
							"uv": {
								"north": {"uv": [36, 38], "uv_size": [0.75, 0.25]},
								"south": {"uv": [38, 36], "uv_size": [0.75, 0.25]},
								"up": {"uv": [35, 26], "uv_size": [0.75, 0.75]}
							}
						},
						{
							"origin": [0.39645, 10.10355, 1.5],
							"size": [0.17678, 0.17678, 0.75],
							"pivot": [0.19822, 10.22855, 5.375],
							"rotation": [0, 0, 45],
							"uv": {
								"north": {"uv": [41, 12], "uv_size": [0.25, 0.25]},
								"south": {"uv": [13, 41], "uv_size": [0.25, 0.25]},
								"up": {"uv": [37, 38], "uv_size": [0.25, 0.75]}
							}
						},
						{
							"origin": [-0.57322, 10.10355, 2.5],
							"size": [0.17678, 0.17678, 0.25],
							"pivot": [-0.19822, 10.22855, 5.875],
							"rotation": [0, 0, -45],
							"uv": {
								"north": {"uv": [41, 13], "uv_size": [0.25, 0.25]},
								"south": {"uv": [14, 41], "uv_size": [0.25, 0.25]},
								"up": {"uv": [41, 14], "uv_size": [0.25, 0.25]}
							}
						},
						{
							"origin": [0.39645, 10.10355, 2.5],
							"size": [0.17678, 0.17678, 0.25],
							"pivot": [0.19822, 10.22855, 5.875],
							"rotation": [0, 0, 45],
							"uv": {
								"north": {"uv": [15, 41], "uv_size": [0.25, 0.25]},
								"south": {"uv": [41, 15], "uv_size": [0.25, 0.25]},
								"up": {"uv": [16, 41], "uv_size": [0.25, 0.25]}
							}
						},
						{
							"origin": [-0.375, 10, 2.5],
							"size": [0.75, 0.125, 0.25],
							"uv": {
								"north": {"uv": [38, 38], "uv_size": [0.75, 0.25]},
								"south": {"uv": [1, 39], "uv_size": [0.75, 0.25]},
								"up": {"uv": [39, 1], "uv_size": [0.75, 0.25]}
							}
						},
						{
							"origin": [-0.57322, 10.10355, 4],
							"size": [0.17678, 0.17678, 0.25],
							"pivot": [-0.19822, 10.22855, 7.375],
							"rotation": [0, 0, -45],
							"uv": {
								"north": {"uv": [41, 16], "uv_size": [0.25, 0.25]},
								"south": {"uv": [17, 41], "uv_size": [0.25, 0.25]},
								"up": {"uv": [41, 17], "uv_size": [0.25, 0.25]}
							}
						},
						{
							"origin": [-0.57322, 10.10355, 3],
							"size": [0.17678, 0.17678, 0.75],
							"pivot": [-0.19822, 10.22855, 6.875],
							"rotation": [0, 0, -45],
							"uv": {
								"north": {"uv": [18, 41], "uv_size": [0.25, 0.25]},
								"south": {"uv": [41, 18], "uv_size": [0.25, 0.25]},
								"up": {"uv": [2, 39], "uv_size": [0.25, 0.75]}
							}
						},
						{
							"origin": [-0.57322, 10.10355, 4.5],
							"size": [0.17678, 0.17678, 0.75],
							"pivot": [-0.19822, 10.22855, 8.375],
							"rotation": [0, 0, -45],
							"uv": {
								"north": {"uv": [19, 41], "uv_size": [0.25, 0.25]},
								"south": {"uv": [41, 19], "uv_size": [0.25, 0.25]},
								"up": {"uv": [39, 2], "uv_size": [0.25, 0.75]}
							}
						},
						{
							"origin": [-0.375, 10, 4.5],
							"size": [0.75, 0.125, 0.75],
							"uv": {
								"north": {"uv": [3, 39], "uv_size": [0.75, 0.25]},
								"south": {"uv": [39, 3], "uv_size": [0.75, 0.25]},
								"up": {"uv": [29, 35], "uv_size": [0.75, 0.75]}
							}
						},
						{
							"origin": [-0.375, 10, 4],
							"size": [0.75, 0.125, 0.25],
							"uv": {
								"north": {"uv": [4, 39], "uv_size": [0.75, 0.25]},
								"south": {"uv": [39, 4], "uv_size": [0.75, 0.25]},
								"up": {"uv": [5, 39], "uv_size": [0.75, 0.25]}
							}
						},
						{
							"origin": [-0.375, 10, 3],
							"size": [0.75, 0.125, 0.75],
							"uv": {
								"north": {"uv": [39, 5], "uv_size": [0.75, 0.25]},
								"south": {"uv": [6, 39], "uv_size": [0.75, 0.25]},
								"up": {"uv": [35, 29], "uv_size": [0.75, 0.75]}
							}
						},
						{
							"origin": [0.39645, 10.10355, 3],
							"size": [0.17678, 0.17678, 0.75],
							"pivot": [0.19822, 10.22855, 6.875],
							"rotation": [0, 0, 45],
							"uv": {
								"north": {"uv": [20, 41], "uv_size": [0.25, 0.25]},
								"south": {"uv": [41, 20], "uv_size": [0.25, 0.25]},
								"up": {"uv": [39, 6], "uv_size": [0.25, 0.75]}
							}
						},
						{
							"origin": [0.39645, 10.10355, 4],
							"size": [0.17678, 0.17678, 0.25],
							"pivot": [0.19822, 10.22855, 7.375],
							"rotation": [0, 0, 45],
							"uv": {
								"north": {"uv": [21, 41], "uv_size": [0.25, 0.25]},
								"south": {"uv": [41, 21], "uv_size": [0.25, 0.25]},
								"up": {"uv": [22, 41], "uv_size": [0.25, 0.25]}
							}
						},
						{
							"origin": [0.39645, 10.10355, 4.5],
							"size": [0.17678, 0.17678, 0.75],
							"pivot": [0.19822, 10.22855, 8.375],
							"rotation": [0, 0, 45],
							"uv": {
								"north": {"uv": [41, 22], "uv_size": [0.25, 0.25]},
								"south": {"uv": [23, 41], "uv_size": [0.25, 0.25]},
								"up": {"uv": [7, 39], "uv_size": [0.25, 0.75]}
							}
						},
						{
							"origin": [-0.5, 10, -3],
							"size": [1, 0, 8.25],
							"uv": {
								"up": {"uv": [14, 17], "uv_size": [1, 8.25]}
							}
						},
						{
							"origin": [0.2859, 9.91232, -3],
							"size": [0.25, 0, 8.25],
							"pivot": [0.4109, 9.91232, 1.125],
							"rotation": [0, 0, 135],
							"uv": {
								"up": {"uv": [17, 29], "uv_size": [0.25, 8.25]}
							}
						},
						{
							"origin": [-0.5359, 9.91232, -3],
							"size": [0.25, 0, 8.25],
							"pivot": [-0.4109, 9.91232, 1.125],
							"rotation": [0, 0, -135],
							"uv": {
								"up": {"uv": [18, 29], "uv_size": [0.25, 8.25]}
							}
						},
						{
							"origin": [-0.5359, 4.83768, -4.75],
							"size": [0.25, 0, 3.75],
							"pivot": [-0.4109, 4.83768, -0.625],
							"rotation": [0, 0, 135],
							"uv": {
								"down": {"uv": [8, 37.75], "uv_size": [0.25, -3.75]}
							}
						},
						{
							"origin": [0.2859, 4.83768, -4.75],
							"size": [0.25, 0, 3.75],
							"pivot": [0.4109, 4.83768, -0.625],
							"rotation": [0, 0, -135],
							"uv": {
								"down": {"uv": [9, 37.75], "uv_size": [0.25, -3.75]}
							}
						},
						{
							"origin": [-0.5, 4.75, -4.75],
							"size": [1, 0, 3.75],
							"uv": {
								"down": {"uv": [23, 23.75], "uv_size": [1, -3.75]}
							}
						},
						{
							"origin": [-0.57322, 4.46967, -4.75],
							"size": [0.17678, 0.17678, 0.75],
							"pivot": [-0.19822, 4.52145, -0.875],
							"rotation": [0, 0, 45],
							"uv": {
								"north": {"uv": [41, 23], "uv_size": [0.25, 0.25]},
								"south": {"uv": [24, 41], "uv_size": [0.25, 0.25]},
								"down": {"uv": [39, 7.75], "uv_size": [0.25, -0.75]}
							}
						},
						{
							"origin": [0.39645, 4.46967, -4.75],
							"size": [0.17678, 0.17678, 0.75],
							"pivot": [0.19822, 4.52145, -0.875],
							"rotation": [0, 0, -45],
							"uv": {
								"north": {"uv": [41, 24], "uv_size": [0.25, 0.25]},
								"south": {"uv": [25, 41], "uv_size": [0.25, 0.25]},
								"down": {"uv": [8, 39.75], "uv_size": [0.25, -0.75]}
							}
						},
						{
							"origin": [-0.375, 4.625, -4.75],
							"size": [0.75, 0.125, 0.75],
							"uv": {
								"north": {"uv": [39, 8], "uv_size": [0.75, 0.25]},
								"south": {"uv": [9, 39], "uv_size": [0.75, 0.25]},
								"down": {"uv": [35, 30.75], "uv_size": [0.75, -0.75]}
							}
						},
						{
							"origin": [-0.375, 4.75, -4.75],
							"size": [0.75, 0.25, 3.75],
							"uv": {
								"north": {"uv": [39, 9], "uv_size": [0.75, 0.25]},
								"east": {"uv": [34, 5], "uv_size": [3.75, 0.25]},
								"south": {"uv": [10, 39], "uv_size": [0.75, 0.25]},
								"west": {"uv": [34, 6], "uv_size": [3.75, 0.25]}
							}
						},
						{
							"origin": [-0.57322, 4.46967, -3.25],
							"size": [0.17678, 0.17678, 0.75],
							"pivot": [-0.19822, 4.52145, 0.625],
							"rotation": [0, 0, 45],
							"uv": {
								"north": {"uv": [41, 25], "uv_size": [0.25, 0.25]},
								"south": {"uv": [26, 41], "uv_size": [0.25, 0.25]},
								"down": {"uv": [39, 10.75], "uv_size": [0.25, -0.75]}
							}
						},
						{
							"origin": [-0.375, 4.625, -3.25],
							"size": [0.75, 0.125, 0.75],
							"uv": {
								"north": {"uv": [11, 39], "uv_size": [0.75, 0.25]},
								"south": {"uv": [39, 11], "uv_size": [0.75, 0.25]},
								"down": {"uv": [35, 32.75], "uv_size": [0.75, -0.75]}
							}
						},
						{
							"origin": [0.39645, 4.46967, -3.25],
							"size": [0.17678, 0.17678, 0.75],
							"pivot": [0.19822, 4.52145, 0.625],
							"rotation": [0, 0, -45],
							"uv": {
								"north": {"uv": [41, 26], "uv_size": [0.25, 0.25]},
								"south": {"uv": [27, 41], "uv_size": [0.25, 0.25]},
								"down": {"uv": [12, 39.75], "uv_size": [0.25, -0.75]}
							}
						},
						{
							"origin": [-0.57322, 4.46967, -1.75],
							"size": [0.17678, 0.17678, 0.75],
							"pivot": [-0.19822, 4.52145, 2.125],
							"rotation": [0, 0, 45],
							"uv": {
								"north": {"uv": [41, 27], "uv_size": [0.25, 0.25]},
								"south": {"uv": [28, 41], "uv_size": [0.25, 0.25]},
								"down": {"uv": [39, 12.75], "uv_size": [0.25, -0.75]}
							}
						},
						{
							"origin": [-0.375, 4.625, -1.75],
							"size": [0.75, 0.125, 0.75],
							"uv": {
								"north": {"uv": [13, 39], "uv_size": [0.75, 0.25]},
								"south": {"uv": [39, 13], "uv_size": [0.75, 0.25]},
								"down": {"uv": [34, 35.75], "uv_size": [0.75, -0.75]}
							}
						},
						{
							"origin": [0.39645, 4.46967, -1.75],
							"size": [0.17678, 0.17678, 0.75],
							"pivot": [0.19822, 4.52145, 2.125],
							"rotation": [0, 0, -45],
							"uv": {
								"north": {"uv": [41, 28], "uv_size": [0.25, 0.25]},
								"south": {"uv": [29, 41], "uv_size": [0.25, 0.25]},
								"down": {"uv": [14, 39.75], "uv_size": [0.25, -0.75]}
							}
						},
						{
							"origin": [-0.57322, 4.46967, -2.25],
							"size": [0.17678, 0.17678, 0.25],
							"pivot": [-0.19822, 4.52145, 1.625],
							"rotation": [0, 0, 45],
							"uv": {
								"north": {"uv": [41, 29], "uv_size": [0.25, 0.25]},
								"south": {"uv": [30, 41], "uv_size": [0.25, 0.25]},
								"down": {"uv": [41, 30.25], "uv_size": [0.25, -0.25]}
							}
						},
						{
							"origin": [-0.375, 4.625, -2.25],
							"size": [0.75, 0.125, 0.25],
							"uv": {
								"north": {"uv": [39, 14], "uv_size": [0.75, 0.25]},
								"south": {"uv": [15, 39], "uv_size": [0.75, 0.25]},
								"down": {"uv": [39, 15.25], "uv_size": [0.75, -0.25]}
							}
						},
						{
							"origin": [0.39645, 4.46967, -2.25],
							"size": [0.17678, 0.17678, 0.25],
							"pivot": [0.19822, 4.52145, 1.625],
							"rotation": [0, 0, -45],
							"uv": {
								"north": {"uv": [31, 41], "uv_size": [0.25, 0.25]},
								"south": {"uv": [41, 31], "uv_size": [0.25, 0.25]},
								"down": {"uv": [32, 41.25], "uv_size": [0.25, -0.25]}
							}
						},
						{
							"origin": [-0.57322, 4.46967, -3.75],
							"size": [0.17678, 0.17678, 0.25],
							"pivot": [-0.19822, 4.52145, 0.125],
							"rotation": [0, 0, 45],
							"uv": {
								"north": {"uv": [41, 32], "uv_size": [0.25, 0.25]},
								"south": {"uv": [33, 41], "uv_size": [0.25, 0.25]},
								"down": {"uv": [41, 33.25], "uv_size": [0.25, -0.25]}
							}
						},
						{
							"origin": [-0.375, 4.625, -3.75],
							"size": [0.75, 0.125, 0.25],
							"uv": {
								"north": {"uv": [16, 39], "uv_size": [0.75, 0.25]},
								"south": {"uv": [39, 16], "uv_size": [0.75, 0.25]},
								"down": {"uv": [17, 39.25], "uv_size": [0.75, -0.25]}
							}
						},
						{
							"origin": [0.39645, 4.46967, -3.75],
							"size": [0.17678, 0.17678, 0.25],
							"pivot": [0.19822, 4.52145, 0.125],
							"rotation": [0, 0, -45],
							"uv": {
								"north": {"uv": [34, 41], "uv_size": [0.25, 0.25]},
								"south": {"uv": [41, 34], "uv_size": [0.25, 0.25]},
								"down": {"uv": [35, 41.25], "uv_size": [0.25, -0.25]}
							}
						},
						{
							"origin": [-0.75, -0.66237, -0.37097],
							"size": [1.5, 0.5, 0.75],
							"pivot": [0, 3.83763, -2.62097],
							"rotation": [22.5, 0, 0],
							"uv": {
								"north": {"uv": [34, 33], "uv_size": [1.5, 0.5]},
								"east": {"uv": [28, 37], "uv_size": [0.75, 0.5]},
								"west": {"uv": [37, 28], "uv_size": [0.75, 0.5]},
								"down": {"uv": [32, 32.75], "uv_size": [1.5, -0.75]}
							}
						},
						{
							"origin": [-0.75, -0.66237, 2.37903],
							"size": [1.5, 0.5, 0.75],
							"pivot": [0, 3.83763, -2.62097],
							"rotation": [22.5, 0, 0],
							"uv": {
								"east": {"uv": [29, 37], "uv_size": [0.75, 0.5]},
								"south": {"uv": [34, 34], "uv_size": [1.5, 0.5]},
								"west": {"uv": [37, 29], "uv_size": [0.75, 0.5]},
								"down": {"uv": [33, 2.75], "uv_size": [1.5, -0.75]}
							}
						},
						{
							"origin": [-0.749, 1.02035, 1.41028],
							"size": [1.498, 0.5, 0.75],
							"pivot": [-0.001, 1.27035, 1.78528],
							"rotation": [67.5, 0, 0],
							"uv": {
								"east": {"uv": [30, 37], "uv_size": [0.75, 0.5]},
								"west": {"uv": [37, 30], "uv_size": [0.75, 0.5]},
								"down": {"uv": [33, 3.75], "uv_size": [1.5, -0.75]}
							}
						},
						{
							"origin": [-0.749, 1.71807, 3.09472],
							"size": [1.498, 0.5, 0.75],
							"pivot": [-0.001, 1.96807, 3.46972],
							"rotation": [-22.5, 0, 0],
							"uv": {
								"east": {"uv": [31, 37], "uv_size": [0.75, 0.5]},
								"west": {"uv": [37, 31], "uv_size": [0.75, 0.5]},
								"down": {"uv": [33, 4.75], "uv_size": [1.5, -0.75]}
							}
						}
					]
				},
				{
					"name": "body_illuminated",
					"parent": "body",
					"pivot": [0.251, 4.75, 8],
					"cubes": [
						{
							"origin": [0.3125, 7.9665, 3.14461],
							"size": [0.25, 0, 0.0625],
							"pivot": [0, 5.96447, 5.95711],
							"rotation": [-45, 0, 0],
							"uv": {
								"up": {"uv": [41, 36], "uv_size": [0.25, 0.25]}
							}
						},
						{
							"origin": [0.5625, 7.9665, 3.14461],
							"size": [0.0625, 0, 0.25],
							"pivot": [0, 5.96447, 5.95711],
							"rotation": [-45, 0, 0],
							"uv": {
								"up": {"uv": [38, 41], "uv_size": [0.25, 0.25]}
							}
						},
						{
							"origin": [0.5625, 7.9665, 3.89461],
							"size": [0.0625, 0, 0.25],
							"pivot": [0, 5.96447, 5.95711],
							"rotation": [-45, 0, 0],
							"uv": {
								"up": {"uv": [36, 41], "uv_size": [0.25, 0.25]}
							}
						},
						{
							"origin": [0.3125, 7.9665, 4.08211],
							"size": [0.25, 0, 0.0625],
							"pivot": [0, 5.96447, 5.95711],
							"rotation": [-45, 0, 0],
							"uv": {
								"up": {"uv": [37, 41], "uv_size": [0.25, 0.25]}
							}
						},
						{
							"origin": [-0.5625, 7.9665, 4.08211],
							"size": [0.25, 0, 0.0625],
							"pivot": [0, 5.96447, 5.95711],
							"rotation": [-45, 0, 0],
							"uv": {
								"up": {"uv": [39, 41], "uv_size": [0.25, 0.25]}
							}
						},
						{
							"origin": [-0.625, 7.9665, 3.89461],
							"size": [0.0625, 0, 0.25],
							"pivot": [0, 5.96447, 5.95711],
							"rotation": [-45, 0, 0],
							"uv": {
								"up": {"uv": [41, 35], "uv_size": [0.25, 0.25]}
							}
						},
						{
							"origin": [-0.625, 7.9665, 3.14461],
							"size": [0.0625, 0, 0.25],
							"pivot": [0, 5.96447, 5.95711],
							"rotation": [-45, 0, 0],
							"uv": {
								"up": {"uv": [41, 37], "uv_size": [0.25, 0.25]}
							}
						},
						{
							"origin": [-0.5625, 7.9665, 3.14461],
							"size": [0.25, 0, 0.0625],
							"pivot": [0, 5.96447, 5.95711],
							"rotation": [-45, 0, 0],
							"uv": {
								"up": {"uv": [41, 38], "uv_size": [0.25, 0.25]}
							}
						},
						{
							"origin": [-0.75, 7.9655, 3.01961],
							"size": [1.5, 0, 1.25],
							"pivot": [0, 5.96447, 5.95711],
							"rotation": [-45, 0, 0],
							"uv": {
								"up": {"uv": [28, 29], "uv_size": [1.5, 1.25]}
							}
						},
						{
							"origin": [-0.751, 6.25, -4.25],
							"size": [1.502, 0.75, 0.5],
							"uv": {
								"east": {"uv": [32, 37], "uv_size": [0.5, 0.75]},
								"west": {"uv": [37, 32], "uv_size": [0.5, 0.75]}
							}
						}
					]
				},
				{
					"name": "ammo_display",
					"parent": "body",
					"pivot": [0, 9.01601, 5.73828],
					"rotation": [45, 0, 0]
				},
				{
					"name": "mag",
					"parent": "gun",
					"pivot": [0.125, 4.625, 1.25]
				},
				{
					"name": "magazine",
					"parent": "mag",
					"pivot": [0.125, 4.625, 1.25]
				},
				{
					"name": "mag_standard",
					"parent": "magazine",
					"pivot": [0, 5.74008, 0.88321],
					"cubes": [
						{
							"origin": [-0.5, -0.91237, 0.12903],
							"size": [1, 6, 2.5],
							"pivot": [-3, 3.58763, -2.62097],
							"rotation": [22.5, 0, 0],
							"uv": {
								"north": {"uv": [17, 22], "uv_size": [1, 6]},
								"east": {"uv": [14, 0], "uv_size": [2.5, 6]},
								"south": {"uv": [22, 20], "uv_size": [1, 6]},
								"west": {"uv": [15, 6], "uv_size": [2.5, 6]},
								"down": {"uv": [10, 29.5], "uv_size": [1, -2.5]}
							}
						},
						{
							"origin": [-0.499, 6.02583, -0.65432],
							"size": [0.998, 0.95671, 2.3097],
							"uv": {
								"north": {"uv": [9, 33], "uv_size": [1, 1]},
								"east": {"uv": [28, 28], "uv_size": [2.25, 1]},
								"west": {"uv": [0, 29], "uv_size": [2.25, 1]},
								"up": {"uv": [29, 4], "uv_size": [1, 2.25]}
							}
						},
						{
							"origin": [-0.374, 6.98351, -0.52932],
							"size": [0.748, 0, 2.0597],
							"uv": {
								"up": {"uv": [9, 31], "uv_size": [0.75, 2]}
							}
						}
					]
				},
				{
					"name": "mag_extended_1",
					"parent": "magazine",
					"pivot": [0, 5.43212, 1.01077],
					"cubes": [
						{
							"origin": [-0.5, -1.91237, 0.12903],
							"size": [1, 7, 2.5],
							"pivot": [-1, 3.58763, -2.62097],
							"rotation": [22.5, 0, 0],
							"uv": {
								"north": {"uv": [5, 9], "uv_size": [1, 7]},
								"east": {"uv": [2, 9], "uv_size": [2.5, 7]},
								"south": {"uv": [18, 18], "uv_size": [1, 7]},
								"west": {"uv": [11, 0], "uv_size": [2.5, 7]},
								"down": {"uv": [27, 16.5], "uv_size": [1, -2.5]}
							}
						},
						{
							"origin": [-0.499, 6.02583, -0.65432],
							"size": [0.998, 0.95671, 2.3097],
							"uv": {
								"north": {"uv": [8, 33], "uv_size": [1, 1]},
								"east": {"uv": [28, 22], "uv_size": [2.25, 1]},
								"west": {"uv": [24, 28], "uv_size": [2.25, 1]},
								"up": {"uv": [27, 28], "uv_size": [1, 2.25]}
							}
						},
						{
							"origin": [-0.374, 6.98351, -0.52932],
							"size": [0.748, 0, 2.0597],
							"uv": {
								"up": {"uv": [31, 15], "uv_size": [0.75, 2]}
							}
						}
					]
				},
				{
					"name": "mag_extended_2",
					"parent": "magazine",
					"pivot": [0, 5.12416, 1.13833],
					"cubes": [
						{
							"origin": [-0.5, -2.91237, 0.12903],
							"size": [1, 8, 2.5],
							"pivot": [-2, 3.58763, -2.62097],
							"rotation": [22.5, 0, 0],
							"uv": {
								"north": {"uv": [17, 14], "uv_size": [1, 8]},
								"east": {"uv": [6, 0], "uv_size": [2.5, 8]},
								"south": {"uv": [18, 4], "uv_size": [1, 8]},
								"west": {"uv": [6, 8], "uv_size": [2.5, 8]},
								"down": {"uv": [23, 29.5], "uv_size": [1, -2.5]}
							}
						},
						{
							"origin": [-0.499, 6.02583, -0.65432],
							"size": [0.998, 0.95671, 2.3097],
							"uv": {
								"north": {"uv": [7, 33], "uv_size": [1, 1]},
								"east": {"uv": [28, 16], "uv_size": [2.25, 1]},
								"west": {"uv": [17, 28], "uv_size": [2.25, 1]},
								"up": {"uv": [20, 28], "uv_size": [1, 2.25]}
							}
						},
						{
							"origin": [-0.374, 6.98351, -0.52932],
							"size": [0.748, 0, 2.0597],
							"uv": {
								"up": {"uv": [15, 31], "uv_size": [0.75, 2]}
							}
						}
					]
				},
				{
					"name": "mag_extended_3",
					"parent": "magazine",
					"pivot": [0, 4.8162, 1.26589],
					"cubes": [
						{
							"origin": [-0.5, -3.91237, 0.12903],
							"size": [1, 9, 2.5],
							"pivot": [-8, 3.58763, -2.62097],
							"rotation": [22.5, 0, 0],
							"uv": {
								"north": {"uv": [8, 16], "uv_size": [1, 9]},
								"east": {"uv": [0, 0], "uv_size": [2.5, 9]},
								"south": {"uv": [13, 17], "uv_size": [1, 9]},
								"west": {"uv": [3, 0], "uv_size": [2.5, 9]},
								"down": {"uv": [27, 8.5], "uv_size": [1, -2.5]}
							}
						},
						{
							"origin": [-0.499, 6.02583, -0.65432],
							"size": [0.998, 0.95671, 2.3097],
							"uv": {
								"north": {"uv": [33, 6], "uv_size": [1, 1]},
								"east": {"uv": [28, 14], "uv_size": [2.25, 1]},
								"west": {"uv": [28, 15], "uv_size": [2.25, 1]},
								"up": {"uv": [15, 28], "uv_size": [1, 2.25]}
							}
						},
						{
							"origin": [-0.374, 6.98351, -0.52932],
							"size": [0.748, 0, 2.0597],
							"uv": {
								"up": {"uv": [8, 31], "uv_size": [0.75, 2]}
							}
						}
					]
				},
				{
					"name": "bullet_in_mag",
					"parent": "magazine",
					"pivot": [0, 7.0625, 0.89063],
					"cubes": [
						{
							"origin": [-0.25, 6.8125, 1.3125],
							"size": [0.5, 0.5, 0.125],
							"pivot": [0, 7.0625, -0.0625],
							"rotation": [0, 0, -45],
							"uv": {
								"north": {"uv": [38, 11], "uv_size": [0.5, 0.5]},
								"east": {"uv": [8, 40], "uv_size": [0.25, 0.5]},
								"south": {"uv": [12, 38], "uv_size": [0.5, 0.5]},
								"west": {"uv": [40, 8], "uv_size": [0.25, 0.5]},
								"up": {"uv": [9, 40], "uv_size": [0.5, 0.25]},
								"down": {"uv": [40, 9.25], "uv_size": [0.5, -0.25]}
							}
						},
						{
							"origin": [-0.1875, 6.875, -0.3125],
							"size": [0.375, 0.375, 1.625],
							"pivot": [0, 7.0625, 0.3125],
							"rotation": [0, 0, -45],
							"uv": {
								"north": {"uv": [38, 12], "uv_size": [0.5, 0.5]},
								"east": {"uv": [33, 9], "uv_size": [2, 0.5]},
								"west": {"uv": [10, 33], "uv_size": [2, 0.5]},
								"up": {"uv": [15, 33], "uv_size": [0.5, 2]},
								"down": {"uv": [33, 24], "uv_size": [0.5, -2]}
							}
						},
						{
							"origin": [-0.125, 6.9375, -0.4375],
							"size": [0.25, 0.25, 0.25],
							"pivot": [0, 7.0625, -1.6875],
							"rotation": [0, 0, -45],
							"uv": {
								"north": {"uv": [42, 0], "uv_size": [0.25, 0.25]},
								"east": {"uv": [1, 42], "uv_size": [0.25, 0.25]},
								"west": {"uv": [42, 1], "uv_size": [0.25, 0.25]},
								"up": {"uv": [2, 42], "uv_size": [0.25, 0.25]},
								"down": {"uv": [42, 2.25], "uv_size": [0.25, -0.25]}
							}
						},
						{
							"origin": [-0.25, 6.8125, -0.0625],
							"size": [0.5, 0.5, 1.25],
							"pivot": [0, 7.0625, 0.1875],
							"rotation": [0, 0, -45],
							"uv": {
								"north": {"uv": [13, 38], "uv_size": [0.5, 0.5]},
								"east": {"uv": [35, 2], "uv_size": [1.5, 0.5]},
								"south": {"uv": [38, 13], "uv_size": [0.5, 0.5]},
								"west": {"uv": [35, 3], "uv_size": [1.5, 0.5]},
								"up": {"uv": [4, 35], "uv_size": [0.5, 1.5]},
								"down": {"uv": [5, 36.5], "uv_size": [0.5, -1.5]}
							}
						}
					]
				},
				{
					"name": "left",
					"parent": "mag",
					"pivot": [-6, 11, 0]
				},
				{
					"name": "lefthand_pos",
					"parent": "left",
					"pivot": [0, 0, 0],
					"cubes": [
						{
							"origin": [-8, 0, -2],
							"size": [4, 12, 4],
							"uv": {
								"north": {"uv": [0, 0], "uv_size": [4, 12]},
								"west": {"uv": [0, 0], "uv_size": [4, 12]},
								"up": {"uv": [4, 4], "uv_size": [-4, -4]}
							}
						}
					]
				},
				{
					"name": "bolt",
					"parent": "gun",
					"pivot": [0.125, 6.5, 10.5]
				},
				{
					"name": "handle",
					"parent": "bolt",
					"pivot": [1.23328, 8.75, -2.33404],
					"cubes": [
						{
							"origin": [0.625, 8.625, -2.375],
							"size": [0.75, 0.25, 0.125],
							"uv": {
								"north": {"uv": [39, 17], "uv_size": [0.75, 0.25]},
								"south": {"uv": [18, 39], "uv_size": [0.75, 0.25]},
								"up": {"uv": [39, 18], "uv_size": [0.75, 0.25]},
								"down": {"uv": [19, 39.25], "uv_size": [0.75, -0.25]}
							}
						},
						{
							"origin": [1.2891, 8.625, -2.55683],
							"size": [0.25, 0.25, 0.125],
							"pivot": [1.7891, 8.625, -2.55683],
							"rotation": [0, 22.5, 0],
							"uv": {
								"north": {"uv": [41, 39], "uv_size": [0.25, 0.25]},
								"south": {"uv": [40, 41], "uv_size": [0.25, 0.25]},
								"west": {"uv": [41, 40], "uv_size": [0.25, 0.25]},
								"up": {"uv": [41, 41], "uv_size": [0.25, 0.25]},
								"down": {"uv": [0, 42.25], "uv_size": [0.25, -0.25]}
							}
						}
					]
				},
				{
					"name": "bolt_main",
					"parent": "bolt",
					"pivot": [-0.125, 8, 0.75],
					"cubes": [
						{
							"origin": [-0.625, 7.5, -0.5],
							"size": [1, 1, 2.5],
							"uv": {
								"north": {"uv": [33, 5], "uv_size": [1, 1]},
								"east": {"uv": [0, 27], "uv_size": [2.5, 1]},
								"south": {"uv": [6, 33], "uv_size": [1, 1]},
								"west": {"uv": [3, 27], "uv_size": [2.5, 1]},
								"up": {"uv": [16, 26], "uv_size": [1, 2.5]},
								"down": {"uv": [22, 28.5], "uv_size": [1, -2.5]}
							}
						}
					]
				},
				{
					"name": "bullet_in_barrel",
					"parent": "bolt_main",
					"pivot": [0, 7.875, -0.85937],
					"cubes": [
						{
							"origin": [-0.25, 7.625, -0.4375],
							"size": [0.5, 0.5, 0.125],
							"pivot": [0, 7.875, -1.8125],
							"rotation": [0, 0, -45],
							"uv": {
								"north": {"uv": [38, 11], "uv_size": [0.5, 0.5]},
								"east": {"uv": [8, 40], "uv_size": [0.25, 0.5]},
								"south": {"uv": [12, 38], "uv_size": [0.5, 0.5]},
								"west": {"uv": [40, 8], "uv_size": [0.25, 0.5]},
								"up": {"uv": [9, 40], "uv_size": [0.5, 0.25]},
								"down": {"uv": [40, 9.25], "uv_size": [0.5, -0.25]}
							}
						},
						{
							"origin": [-0.1875, 7.6875, -2.0625],
							"size": [0.375, 0.375, 1.625],
							"pivot": [0, 7.875, -1.4375],
							"rotation": [0, 0, -45],
							"uv": {
								"north": {"uv": [38, 12], "uv_size": [0.5, 0.5]},
								"east": {"uv": [33, 9], "uv_size": [2, 0.5]},
								"west": {"uv": [10, 33], "uv_size": [2, 0.5]},
								"up": {"uv": [15, 33], "uv_size": [0.5, 2]},
								"down": {"uv": [33, 24], "uv_size": [0.5, -2]}
							}
						},
						{
							"origin": [-0.125, 7.75, -2.1875],
							"size": [0.25, 0.25, 0.25],
							"pivot": [0, 7.875, -3.4375],
							"rotation": [0, 0, -45],
							"uv": {
								"north": {"uv": [42, 0], "uv_size": [0.25, 0.25]},
								"east": {"uv": [1, 42], "uv_size": [0.25, 0.25]},
								"west": {"uv": [42, 1], "uv_size": [0.25, 0.25]},
								"up": {"uv": [2, 42], "uv_size": [0.25, 0.25]},
								"down": {"uv": [42, 2.25], "uv_size": [0.25, -0.25]}
							}
						},
						{
							"origin": [-0.25, 7.625, -1.8125],
							"size": [0.5, 0.5, 1.25],
							"pivot": [0, 7.875, -1.5625],
							"rotation": [0, 0, -45],
							"uv": {
								"north": {"uv": [13, 38], "uv_size": [0.5, 0.5]},
								"east": {"uv": [35, 2], "uv_size": [1.5, 0.5]},
								"south": {"uv": [38, 13], "uv_size": [0.5, 0.5]},
								"west": {"uv": [35, 3], "uv_size": [1.5, 0.5]},
								"up": {"uv": [4, 35], "uv_size": [0.5, 1.5]},
								"down": {"uv": [5, 36.5], "uv_size": [0.5, -1.5]}
							}
						}
					]
				},
				{
					"name": "gun_positioning",
					"parent": "gun",
					"pivot": [0, 5, 7]
				},
				{
					"name": "scope_pos",
					"parent": "gun_positioning",
					"pivot": [0, 10.125, 3.3125]
				},
				{
					"name": "grip_pos",
					"parent": "gun_positioning",
					"pivot": [0, 4.625, -2.9375]
				},
				{
					"name": "muzzle_pos",
					"parent": "gun_positioning",
					"pivot": [0, 7.875, -5.5]
				},
				{
					"name": "muzzle_flash",
					"parent": "gun_positioning",
					"pivot": [0, 7.875, -8.5]
				},
				{
					"name": "shell",
					"parent": "gun_positioning",
					"pivot": [0, 8.125, 0.75]
				},
				{
					"name": "constraint",
					"parent": "gun",
					"pivot": [0, 11, -8]
				},
				{
					"name": "right",
					"parent": "root",
					"pivot": [6, 11, 0]
				},
				{
					"name": "righthand_pos",
					"parent": "right",
					"pivot": [0, 0, 0],
					"cubes": [
						{
							"origin": [4, 0, -2],
							"size": [4, 12, 4],
							"uv": {
								"north": {"uv": [4, 0], "uv_size": [-4, 12]},
								"east": {"uv": [4, 0], "uv_size": [-4, 12]},
								"up": {"uv": [0, 4], "uv_size": [4, -4]}
							}
						}
					]
				},
				{
					"name": "view",
					"pivot": [0, 0, 0]
				},
				{
					"name": "idle_view",
					"parent": "view",
					"pivot": [2.9688, 14.0125, 16.5125]
				},
				{
					"name": "iron_view",
					"parent": "view",
					"pivot": [2.9688, 14.0125, 9.5125]
				},
				{
					"name": "refit_view",
					"parent": "view",
					"pivot": [19.325, 6.575, 3],
					"rotation": [0, 90, 0]
				},
				{
					"name": "refit_extended_mag_view",
					"parent": "view",
					"pivot": [8.325, -0.425, 3],
					"rotation": [0, 90, 0]
				},
				{
					"name": "refit_grip_view",
					"parent": "view",
					"pivot": [8.925, 2.975, -2.875],
					"rotation": [0, 90, 0]
				},
				{
					"name": "refit_muzzle_view",
					"parent": "view",
					"pivot": [9.925, 7.975, -12.875],
					"rotation": [0, 97.5, 0]
				},
				{
					"name": "refit_scope_view",
					"parent": "view",
					"pivot": [8.675, 11.05, 4.625],
					"rotation": [0, 72.5, 0]
				},
				{
					"name": "positioning",
					"pivot": [0, 0, -8]
				},
				{
					"name": "thirdperson_hand",
					"parent": "positioning",
					"pivot": [0, 6, 6]
				},
				{
					"name": "ground",
					"parent": "positioning",
					"pivot": [0, 0.375, 4.1]
				},
				{
					"name": "fixed",
					"parent": "positioning",
					"pivot": [0.95, 6.525, 3.6],
					"rotation": [0, 90, 0]
				},
				{
					"name": "camera",
					"pivot": [2.9688, 14.0125, 16.5125]
				}
			]
		}
	]
}