{
	"format_version": "1.12.0",
	"minecraft:geometry": [
		{
			"description": {
				"identifier": "geometry.unknown",
				"texture_width": 64,
				"texture_height": 64,
				"visible_bounds_width": 4,
				"visible_bounds_height": 3,
				"visible_bounds_offset": [0, 0.5, 0]
			},
			"bones": [
				{
					"name": "root",
					"pivot": [0, 4.5, 3.5]
				},
				{
					"name": "gun",
					"parent": "root",
					"pivot": [0, 4.5, 3.5]
				},
				{
					"name": "body",
					"parent": "gun",
					"pivot": [0, 6.375, 5.5]
				},
				{
					"name": "body_illuminated",
					"parent": "body",
					"pivot": [0.25, 5.875, 1.001],
					"cubes": [
						{
							"origin": [-0.8125, 6.375, -2.999],
							"size": [1.625, 0.5, 1.25],
							"uv": {
								"east": {"uv": [23, 24], "uv_size": [1.25, 0.5]},
								"west": {"uv": [0, 25], "uv_size": [1.25, 0.5]}
							}
						}
					]
				},
				{
					"name": "body_main",
					"parent": "body",
					"pivot": [0, 6.375, 5.5],
					"cubes": [
						{
							"origin": [0.26517, 0.74162, 3.45255],
							"size": [0.35355, 2, 0.25],
							"pivot": [0.24372, 1.74162, 4.70255],
							"rotation": [14.00194, 44.13603, 9.85108],
							"uv": {
								"north": {"uv": [12, 25], "uv_size": [0.25, 2]},
								"down": {"uv": [25, 28.25], "uv_size": [0.25, -0.25]}
							}
						},
						{
							"origin": [-0.5, 6.16789, 5.501],
							"size": [1, 0.41421, 0],
							"uv": {
								"south": {"uv": [19, 25], "uv_size": [1, 0.5]}
							}
						},
						{
							"origin": [-0.5, 6.16789, 5.501],
							"size": [1, 0.41421, 0],
							"pivot": [0, 6.375, 5.5],
							"rotation": [0, 0, 45],
							"uv": {
								"south": {"uv": [25, 18], "uv_size": [1, 0.5]}
							}
						},
						{
							"origin": [-0.61872, 0.74162, 3.45255],
							"size": [0.35355, 2, 0.25],
							"pivot": [-0.24372, 1.74162, 4.70255],
							"rotation": [14.00194, -44.13603, -9.85108],
							"uv": {
								"north": {"uv": [11, 25], "uv_size": [0.25, 2]},
								"down": {"uv": [28, 24.25], "uv_size": [0.25, -0.25]}
							}
						},
						{
							"origin": [-0.16789, 0.87141, 5.93859],
							"size": [0.35355, 2, 0.25],
							"pivot": [0.08211, 1.87141, 5.43859],
							"rotation": [14.00194, -44.13603, -9.85108],
							"uv": {
								"south": {"uv": [15, 25], "uv_size": [0.25, 2]},
								"down": {"uv": [26, 28.25], "uv_size": [0.25, -0.25]}
							}
						},
						{
							"origin": [-0.18566, 0.87141, 5.93859],
							"size": [0.35355, 2, 0.25],
							"pivot": [-0.08211, 1.87141, 5.43859],
							"rotation": [14.00194, 44.13603, 9.85108],
							"uv": {
								"south": {"uv": [13, 25], "uv_size": [0.25, 2]},
								"down": {"uv": [28, 25.25], "uv_size": [0.25, -0.25]}
							}
						},
						{
							"origin": [-0.375, 0.84598, 3.54437],
							"size": [0.75, 2, 2.5],
							"pivot": [0.125, 1.84598, 5.29437],
							"rotation": [10, 0, 0],
							"uv": {
								"north": {"uv": [12, 20], "uv_size": [0.75, 2]},
								"south": {"uv": [20, 16], "uv_size": [0.75, 2]},
								"down": {"uv": [14, 20.5], "uv_size": [0.75, -2.5]}
							}
						},
						{
							"origin": [-0.625, 0.84598, 3.79437],
							"size": [1.25, 2, 2],
							"pivot": [0.375, 1.84598, 5.29437],
							"rotation": [10, 0, 0],
							"uv": {
								"east": {"uv": [14, 2], "uv_size": [2, 2]},
								"west": {"uv": [14, 4], "uv_size": [2, 2]},
								"down": {"uv": [8, 20], "uv_size": [1.25, -2]}
							}
						},
						{
							"origin": [-0.88237, 2.82886, 5.4057],
							"size": [0.3468, 0.0472, 0.25],
							"pivot": [-0.53556, 2.87606, 5.53173],
							"rotation": [-23.95273, 44.11406, 168.56265],
							"uv": {
								"south": {"uv": [27, 28], "uv_size": [0.25, 0.25]}
							}
						},
						{
							"origin": [-0.58094, 2.80462, 5.15784],
							"size": [0.35, 1.95313, 0.25],
							"pivot": [-0.40906, 3.80462, 5.28284],
							"rotation": [-30.25275, 40.57364, 159.22534],
							"uv": {
								"south": {"uv": [17, 25], "uv_size": [0.25, 2]}
							}
						},
						{
							"origin": [0.53556, 2.82886, 5.4057],
							"size": [0.3468, 0.0472, 0.25],
							"pivot": [0.53556, 2.87606, 5.53173],
							"rotation": [-23.95273, -44.11406, -168.56265],
							"uv": {
								"south": {"uv": [28, 26], "uv_size": [0.25, 0.25]}
							}
						},
						{
							"origin": [0.23094, 2.80462, 5.15784],
							"size": [0.35, 1.95313, 0.25],
							"pivot": [0.40906, 3.80462, 5.28284],
							"rotation": [-30.25275, -40.57364, -159.22534],
							"uv": {
								"south": {"uv": [16, 25], "uv_size": [0.25, 2]}
							}
						},
						{
							"origin": [-0.375, 2.69356, 5.2647],
							"size": [0.75, 2, 0.25],
							"pivot": [0.125, 3.69356, 5.0147],
							"rotation": [22.5, 0, 0],
							"uv": {
								"south": {"uv": [18, 20], "uv_size": [0.75, 2]}
							}
						},
						{
							"origin": [0.29289, 1.99896, 3.04653],
							"size": [0.35355, 2.25, 0.25],
							"pivot": [0.27145, 3.12396, 3.17153],
							"rotation": [30.36119, -40.78947, -20.94102],
							"uv": {
								"north": {"uv": [8, 25], "uv_size": [0.25, 2.25]}
							}
						},
						{
							"origin": [-0.64645, 1.99896, 3.04653],
							"size": [0.35355, 2.25, 0.25],
							"pivot": [-0.27145, 3.12396, 3.17153],
							"rotation": [30.36119, 40.78947, 20.94102],
							"uv": {
								"north": {"uv": [5, 25], "uv_size": [0.25, 2.25]}
							}
						},
						{
							"origin": [-0.375, 2.65015, 3.0185],
							"size": [0.75, 2.25, 0.25],
							"pivot": [0.375, 3.65015, 4.7685],
							"rotation": [22.5, 0, 0],
							"uv": {
								"north": {"uv": [20, 9], "uv_size": [0.75, 2.25]}
							}
						},
						{
							"origin": [-0.624, 2.65015, 3.2685],
							"size": [1.248, 2, 2],
							"pivot": [0.374, 3.65015, 4.7685],
							"rotation": [22.5, 0, 0],
							"uv": {
								"east": {"uv": [12, 5], "uv_size": [2, 2]},
								"west": {"uv": [14, 0], "uv_size": [2, 2]}
							}
						},
						{
							"origin": [0.30178, 4, 5.01256],
							"size": [0.35355, 1.5, 0.25],
							"pivot": [0.15533, 4, 4.01256],
							"rotation": [0, -45, 0],
							"uv": {
								"south": {"uv": [26, 20], "uv_size": [0.25, 1.5]}
							}
						},
						{
							"origin": [-0.65533, 4, 5.01256],
							"size": [0.35355, 1.5, 0.25],
							"pivot": [-0.15533, 4, 4.01256],
							"rotation": [0, 45, 0],
							"uv": {
								"south": {"uv": [14, 26], "uv_size": [0.25, 1.5]}
							}
						},
						{
							"origin": [-0.375, 4, 5],
							"size": [0.75, 1.5, 0.25],
							"uv": {
								"south": {"uv": [21, 10], "uv_size": [0.75, 1.5]}
							}
						},
						{
							"origin": [-0.624, 4.875, 3],
							"size": [1.248, 0.5, 0.25],
							"pivot": [-0.001, 5.125, 2.625],
							"rotation": [45, 0, 0],
							"uv": {
								"north": {"uv": [19, 23], "uv_size": [1.25, 0.5]},
								"east": {"uv": [28, 3], "uv_size": [0.25, 0.5]},
								"west": {"uv": [4, 28], "uv_size": [0.25, 0.5]}
							}
						},
						{
							"origin": [-0.624, 4.875, 0.25],
							"size": [1.248, 0.5, 0.25],
							"pivot": [-0.001, 5.125, 0.875],
							"rotation": [-45, 0, 0],
							"uv": {
								"east": {"uv": [28, 4], "uv_size": [0.25, 0.5]},
								"south": {"uv": [23, 19], "uv_size": [1.25, 0.5]},
								"west": {"uv": [5, 28], "uv_size": [0.25, 0.5]}
							}
						},
						{
							"origin": [-0.624, 4.375, 0.25],
							"size": [1.248, 0.5, 0.25],
							"pivot": [-0.001, 4.625, 0.875],
							"rotation": [45, 0, 0],
							"uv": {
								"east": {"uv": [2, 28], "uv_size": [0.25, 0.5]},
								"south": {"uv": [23, 18], "uv_size": [1.25, 0.5]},
								"west": {"uv": [3, 28], "uv_size": [0.25, 0.5]}
							}
						},
						{
							"origin": [-0.624, 4.375, 3],
							"size": [1.248, 0.5, 0.25],
							"pivot": [-0.001, 4.625, 2.625],
							"rotation": [-45, 0, 0],
							"uv": {
								"north": {"uv": [23, 17], "uv_size": [1.25, 0.5]},
								"east": {"uv": [28, 0], "uv_size": [0.25, 0.5]},
								"west": {"uv": [28, 1], "uv_size": [0.25, 0.5]}
							}
						},
						{
							"origin": [-0.624, 2.62868, 5.31802],
							"size": [1.248, 0.35355, 0.75],
							"pivot": [-0.001, 3.37868, 2.31802],
							"rotation": [45, 0, 0],
							"uv": {
								"east": {"uv": [27, 21], "uv_size": [0.75, 0.25]},
								"west": {"uv": [22, 27], "uv_size": [0.75, 0.25]},
								"down": {"uv": [22, 11.75], "uv_size": [1.25, -0.75]}
							}
						},
						{
							"origin": [-0.43566, 7.54289, 1.25],
							"size": [0.35355, 0.25, 4.25],
							"pivot": [-0.68566, 6.54289, 1.5],
							"rotation": [0, 0, 45],
							"uv": {
								"north": {"uv": [6, 29], "uv_size": [0.25, 0.25]},
								"east": {"uv": [22, 5], "uv_size": [4.25, 0.25]},
								"south": {"uv": [29, 6], "uv_size": [0.25, 0.25]},
								"west": {"uv": [22, 10], "uv_size": [4.25, 0.25]},
								"up": {"uv": [7, 22], "uv_size": [0.25, 4.25]},
								"down": {"uv": [9, 26.25], "uv_size": [0.25, -4.25]}
							}
						},
						{
							"origin": [0.08211, 7.54289, 1.25],
							"size": [0.35355, 0.25, 4.25],
							"pivot": [0.68566, 6.54289, 1.5],
							"rotation": [0, 0, -45],
							"uv": {
								"north": {"uv": [5, 29], "uv_size": [0.25, 0.25]},
								"east": {"uv": [22, 3], "uv_size": [4.25, 0.25]},
								"south": {"uv": [29, 5], "uv_size": [0.25, 0.25]},
								"west": {"uv": [22, 4], "uv_size": [4.25, 0.25]},
								"up": {"uv": [3, 22], "uv_size": [0.25, 4.25]},
								"down": {"uv": [6, 26.25], "uv_size": [0.25, -4.25]}
							}
						},
						{
							"origin": [-0.375, 7, 1.25],
							"size": [0.75, 0.25, 4.25],
							"uv": {
								"north": {"uv": [25, 27], "uv_size": [0.75, 0.25]},
								"east": {"uv": [21, 13], "uv_size": [4.25, 0.25]},
								"south": {"uv": [26, 27], "uv_size": [0.75, 0.25]},
								"west": {"uv": [22, 2], "uv_size": [4.25, 0.25]},
								"up": {"uv": [2, 17], "uv_size": [0.75, 4.25]},
								"down": {"uv": [3, 21.25], "uv_size": [0.75, -4.25]}
							}
						},
						{
							"origin": [-0.624, 5.875, 5],
							"size": [1.248, 0.5, 0.25],
							"pivot": [-0.001, 6.125, 4.5],
							"rotation": [45, 0, 0],
							"uv": {
								"north": {"uv": [24, 21], "uv_size": [1.25, 0.5]},
								"east": {"uv": [28, 18], "uv_size": [0.25, 0.5]},
								"south": {"uv": [24, 22], "uv_size": [1.25, 0.5]},
								"west": {"uv": [19, 28], "uv_size": [0.25, 0.5]},
								"up": {"uv": [11, 27], "uv_size": [1.25, 0.25]},
								"down": {"uv": [27, 11.25], "uv_size": [1.25, -0.25]}
							}
						},
						{
							"origin": [-0.624, 5.875, 5],
							"size": [1.248, 0.5, 0.25],
							"pivot": [-0.001, 6.125, 4.5],
							"rotation": [-45, 0, 0],
							"uv": {
								"north": {"uv": [4, 24], "uv_size": [1.25, 0.5]},
								"east": {"uv": [28, 15], "uv_size": [0.25, 0.5]},
								"south": {"uv": [24, 11], "uv_size": [1.25, 0.5]},
								"west": {"uv": [16, 28], "uv_size": [0.25, 0.5]},
								"up": {"uv": [27, 2], "uv_size": [1.25, 0.25]},
								"down": {"uv": [3, 27.25], "uv_size": [1.25, -0.25]}
							}
						},
						{
							"origin": [-0.625, 6.75, 0.5],
							"size": [1.25, 0.25, 2.75],
							"uv": {
								"north": {"uv": [27, 5], "uv_size": [1.25, 0.25]},
								"east": {"uv": [23, 12], "uv_size": [2.75, 0.25]},
								"south": {"uv": [27, 8], "uv_size": [1.25, 0.25]},
								"west": {"uv": [23, 14], "uv_size": [2.75, 0.25]},
								"up": {"uv": [9, 15], "uv_size": [1.25, 2.75]},
								"down": {"uv": [15, 16.75], "uv_size": [1.25, -2.75]}
							}
						},
						{
							"origin": [-0.625, 7.0455, 3.30806],
							"size": [1.25, 0.25, 0.375],
							"pivot": [0, 7.2955, 2.80806],
							"rotation": [-45, 0, 0],
							"uv": {
								"north": {"uv": [27, 9], "uv_size": [1.25, 0.25]},
								"east": {"uv": [28, 17], "uv_size": [0.5, 0.25]},
								"south": {"uv": [27, 10], "uv_size": [1.25, 0.25]},
								"west": {"uv": [18, 28], "uv_size": [0.5, 0.25]},
								"up": {"uv": [18, 24], "uv_size": [1.25, 0.5]},
								"down": {"uv": [24, 20.5], "uv_size": [1.25, -0.5]}
							}
						},
						{
							"origin": [-0.625, 6.5, 3.25],
							"size": [1.25, 0.5, 1.75],
							"uv": {
								"north": {"uv": [12, 24], "uv_size": [1.25, 0.5]},
								"east": {"uv": [23, 1], "uv_size": [1.75, 0.5]},
								"south": {"uv": [15, 24], "uv_size": [1.25, 0.5]},
								"west": {"uv": [4, 23], "uv_size": [1.75, 0.5]},
								"up": {"uv": [18, 16], "uv_size": [1.25, 1.75]},
								"down": {"uv": [18, 19.75], "uv_size": [1.25, -1.75]}
							}
						},
						{
							"origin": [-0.625, 5.75, 5],
							"size": [1.25, 1.25, 0.5],
							"uv": {
								"north": {"uv": [20, 14], "uv_size": [1.25, 1.25]},
								"east": {"uv": [21, 23], "uv_size": [0.5, 1.25]},
								"south": {"uv": [15, 20], "uv_size": [1.25, 1.25]},
								"west": {"uv": [22, 23], "uv_size": [0.5, 1.25]},
								"up": {"uv": [23, 23], "uv_size": [1.25, 0.5]},
								"down": {"uv": [0, 24.5], "uv_size": [1.25, -0.5]}
							}
						},
						{
							"origin": [-0.625, 5.5, -2],
							"size": [1.25, 0.25, 7.5],
							"uv": {
								"east": {"uv": [20, 6], "uv_size": [7.5, 0.25]},
								"south": {"uv": [26, 25], "uv_size": [1.25, 0.25]},
								"west": {"uv": [20, 7], "uv_size": [7.5, 0.25]},
								"up": {"uv": [4, 0], "uv_size": [1.25, 7.5]},
								"down": {"uv": [6, 7.5], "uv_size": [1.25, -7.5]}
							}
						},
						{
							"origin": [-0.73744, 6.19822, -3.75],
							"size": [0.35355, 0.25, 1],
							"pivot": [-1.13388, 6.94822, -0.5],
							"rotation": [0, 0, -45],
							"uv": {
								"north": {"uv": [0, 29], "uv_size": [0.25, 0.25]},
								"up": {"uv": [7, 27], "uv_size": [0.25, 1]}
							}
						},
						{
							"origin": [-0.25, 6.875, -3.75],
							"size": [0.5, 0.25, 8.75],
							"uv": {
								"north": {"uv": [12, 28], "uv_size": [0.5, 0.25]},
								"up": {"uv": [11, 14], "uv_size": [0.5, 8.75]}
							}
						},
						{
							"origin": [0.38388, 6.19822, -3.75],
							"size": [0.35355, 0.25, 1],
							"pivot": [1.13388, 6.94822, -0.5],
							"rotation": [0, 0, 45],
							"uv": {
								"north": {"uv": [29, 0], "uv_size": [0.25, 0.25]},
								"up": {"uv": [9, 27], "uv_size": [0.25, 1]}
							}
						},
						{
							"origin": [-0.73744, 4.80178, -3.75],
							"size": [0.35355, 0.25, 1.75],
							"pivot": [-1.13388, 4.30178, -0.5],
							"rotation": [0, 0, 45],
							"uv": {
								"north": {"uv": [28, 28], "uv_size": [0.25, 0.25]},
								"down": {"uv": [10, 27.75], "uv_size": [0.25, -1.75]}
							}
						},
						{
							"origin": [0.38388, 4.80178, -3.75],
							"size": [0.35355, 0.25, 1.75],
							"pivot": [1.13388, 4.30178, -0.5],
							"rotation": [0, 0, -45],
							"uv": {
								"north": {"uv": [28, 27], "uv_size": [0.25, 0.25]},
								"down": {"uv": [26, 9.75], "uv_size": [0.25, -1.75]}
							}
						},
						{
							"origin": [-0.25, 4.125, -3.75],
							"size": [0.5, 0.25, 1.75],
							"uv": {
								"north": {"uv": [11, 28], "uv_size": [0.5, 0.25]},
								"down": {"uv": [22, 19.75], "uv_size": [0.5, -1.75]}
							}
						},
						{
							"origin": [0.25, 5.625, -2],
							"size": [0.25, 1.25, 7],
							"uv": {
								"east": {"uv": [2, 8], "uv_size": [7, 1.25]},
								"west": {"uv": [9, 7], "uv_size": [7, 1.25]}
							}
						},
						{
							"origin": [-0.5, 5.625, -0.5],
							"size": [0.75, 1.25, 1.75],
							"uv": {
								"north": {"uv": [16, 22], "uv_size": [0.75, 1.25]},
								"east": {"uv": [19, 12], "uv_size": [1.75, 1.25]},
								"south": {"uv": [22, 16], "uv_size": [0.75, 1.25]},
								"west": {"uv": [20, 0], "uv_size": [1.75, 1.25]},
								"up": {"uv": [4, 21], "uv_size": [0.75, 1.75]},
								"down": {"uv": [8, 22.75], "uv_size": [0.75, -1.75]}
							}
						},
						{
							"origin": [-0.499, 6.875, 1.5],
							"size": [0.25, 0.1875, 0.3125],
							"pivot": [-0.375, 6.375, 1.75],
							"rotation": [45, 0, 0],
							"uv": {
								"north": {"uv": [17, 29], "uv_size": [0.25, 0.25]},
								"east": {"uv": [29, 17], "uv_size": [0.25, 0.25]},
								"south": {"uv": [18, 29], "uv_size": [0.25, 0.25]},
								"west": {"uv": [29, 18], "uv_size": [0.25, 0.25]},
								"up": {"uv": [19, 29], "uv_size": [0.25, 0.25]},
								"down": {"uv": [29, 19.25], "uv_size": [0.25, -0.25]}
							}
						},
						{
							"origin": [-0.499, 5.4375, 1.5],
							"size": [0.25, 0.1875, 0.3125],
							"pivot": [-0.375, 6.125, 1.75],
							"rotation": [-45, 0, 0],
							"uv": {
								"north": {"uv": [14, 29], "uv_size": [0.25, 0.25]},
								"east": {"uv": [29, 14], "uv_size": [0.25, 0.25]},
								"south": {"uv": [15, 29], "uv_size": [0.25, 0.25]},
								"west": {"uv": [29, 15], "uv_size": [0.25, 0.25]},
								"up": {"uv": [16, 29], "uv_size": [0.25, 0.25]},
								"down": {"uv": [29, 16.25], "uv_size": [0.25, -0.25]}
							}
						},
						{
							"origin": [-0.499, 5.375, 2.5],
							"size": [0.25, 0.25, 0.5],
							"pivot": [-0.375, 6.125, 2.75],
							"rotation": [45, 0, 0],
							"uv": {
								"north": {"uv": [13, 29], "uv_size": [0.25, 0.25]},
								"east": {"uv": [28, 19], "uv_size": [0.5, 0.25]},
								"south": {"uv": [29, 13], "uv_size": [0.25, 0.25]},
								"west": {"uv": [20, 28], "uv_size": [0.5, 0.25]},
								"up": {"uv": [28, 20], "uv_size": [0.25, 0.5]},
								"down": {"uv": [21, 28.5], "uv_size": [0.25, -0.5]}
							}
						},
						{
							"origin": [-0.5, 5.625, 3.25],
							"size": [0.25, 1.25, 1.75],
							"uv": {
								"north": {"uv": [27, 0], "uv_size": [0.25, 1.25]},
								"east": {"uv": [18, 10], "uv_size": [1.75, 1.25]},
								"south": {"uv": [1, 27], "uv_size": [0.25, 1.25]},
								"west": {"uv": [18, 14], "uv_size": [1.75, 1.25]},
								"up": {"uv": [26, 11], "uv_size": [0.25, 1.75]},
								"down": {"uv": [26, 14.75], "uv_size": [0.25, -1.75]}
							}
						},
						{
							"origin": [0.375, 6.09375, -3.75],
							"size": [0.15625, 0.3125, 1.75],
							"pivot": [0, 6.25, -3],
							"rotation": [0, 0, 45],
							"uv": {
								"north": {"uv": [4, 29], "uv_size": [0.25, 0.25]},
								"east": {"uv": [26, 18], "uv_size": [1.75, 0.25]}
							}
						},
						{
							"origin": [-0.53125, 6.09375, -3.75],
							"size": [0.15625, 0.3125, 1.75],
							"pivot": [0, 6.25, -3],
							"rotation": [0, 0, -45],
							"uv": {
								"north": {"uv": [29, 4], "uv_size": [0.25, 0.25]},
								"west": {"uv": [20, 26], "uv_size": [1.75, 0.25]}
							}
						},
						{
							"origin": [-0.53125, 6.09375, -3.75],
							"size": [0.15625, 0.3125, 1.75],
							"pivot": [0, 6.25, -3],
							"rotation": [0, 0, 45],
							"uv": {
								"north": {"uv": [29, 3], "uv_size": [0.25, 0.25]},
								"west": {"uv": [18, 26], "uv_size": [1.75, 0.25]}
							}
						},
						{
							"origin": [0.375, 6.09375, -3.75],
							"size": [0.15625, 0.3125, 1.75],
							"pivot": [0, 6.25, -3],
							"rotation": [0, 0, -45],
							"uv": {
								"north": {"uv": [3, 29], "uv_size": [0.25, 0.25]},
								"east": {"uv": [26, 17], "uv_size": [1.75, 0.25]}
							}
						},
						{
							"origin": [0.375, 5.875, -3.75],
							"size": [0.125, 0.75, 1.75],
							"uv": {
								"north": {"uv": [24, 27], "uv_size": [0.25, 0.75]},
								"east": {"uv": [6, 21], "uv_size": [1.75, 0.75]},
								"west": {"uv": [21, 9], "uv_size": [1.75, 0.75]}
							}
						},
						{
							"origin": [-0.375, 5.875, -3.501],
							"size": [0.75, 0.75, 0],
							"uv": {
								"north": {"uv": [10, 25], "uv_size": [0.75, 0.75]}
							}
						},
						{
							"origin": [-0.5, 5.875, -3.75],
							"size": [0.125, 0.75, 1.75],
							"uv": {
								"north": {"uv": [23, 27], "uv_size": [0.25, 0.75]},
								"east": {"uv": [19, 20], "uv_size": [1.75, 0.75]},
								"west": {"uv": [0, 21], "uv_size": [1.75, 0.75]}
							}
						},
						{
							"origin": [-0.5, 6.625, -3.75],
							"size": [1, 0.25, 1.75],
							"uv": {
								"north": {"uv": [27, 13], "uv_size": [1, 0.25]},
								"east": {"uv": [26, 15], "uv_size": [1.75, 0.25]},
								"west": {"uv": [26, 16], "uv_size": [1.75, 0.25]},
								"down": {"uv": [9, 21.75], "uv_size": [1, -1.75]}
							}
						},
						{
							"origin": [-0.5, 4.375, -3.75],
							"size": [1, 1.5, 1.75],
							"uv": {
								"north": {"uv": [20, 18], "uv_size": [1, 1.5]},
								"east": {"uv": [18, 2], "uv_size": [1.75, 1.5]},
								"west": {"uv": [18, 4], "uv_size": [1.75, 1.5]},
								"up": {"uv": [17, 19], "uv_size": [1, 1.75]}
							}
						},
						{
							"origin": [0.88388, 7.43046, -3.5],
							"size": [0.35355, 0.25, 4.75],
							"pivot": [0.73744, 5.43046, 0],
							"rotation": [0, 0, -45],
							"uv": {
								"north": {"uv": [2, 29], "uv_size": [0.25, 0.25]},
								"south": {"uv": [29, 2], "uv_size": [0.25, 0.25]},
								"up": {"uv": [21, 16], "uv_size": [0.25, 4.75]}
							}
						},
						{
							"origin": [-1.23744, 7.43046, -3.5],
							"size": [0.35355, 0.25, 4.75],
							"pivot": [-0.73744, 5.43046, 0],
							"rotation": [0, 0, 45],
							"uv": {
								"north": {"uv": [1, 29], "uv_size": [0.25, 0.25]},
								"south": {"uv": [29, 1], "uv_size": [0.25, 0.25]},
								"up": {"uv": [14, 21], "uv_size": [0.25, 4.75]}
							}
						},
						{
							"origin": [-0.5, 7.125, -3.5],
							"size": [1, 0.25, 4.75],
							"uv": {
								"north": {"uv": [27, 12], "uv_size": [1, 0.25]},
								"south": {"uv": [13, 27], "uv_size": [1, 0.25]},
								"up": {"uv": [5, 13], "uv_size": [1, 4.75]}
							}
						},
						{
							"origin": [-0.749, 6.13128, -1.12392],
							"size": [1.498, 0.75, 2.47487],
							"pivot": [-0.002, 6.25628, 0.7045],
							"rotation": [45, 0, 0],
							"uv": {
								"east": {"uv": [6, 20], "uv_size": [2.5, 0.75]},
								"west": {"uv": [20, 8], "uv_size": [2.5, 0.75]},
								"down": {"uv": [0, 17.5], "uv_size": [1.5, -2.5]}
							}
						},
						{
							"origin": [-0.75, 6.625, -0.5],
							"size": [1.5, 0.5, 1.75],
							"uv": {
								"east": {"uv": [22, 20], "uv_size": [1.75, 0.5]},
								"south": {"uv": [23, 8], "uv_size": [1.5, 0.5]},
								"west": {"uv": [22, 21], "uv_size": [1.75, 0.5]}
							}
						},
						{
							"origin": [-0.8125, 6.625, 0.501],
							"size": [1.625, 0.5, 0.5],
							"uv": {
								"east": {"uv": [16, 27], "uv_size": [0.5, 0.5]},
								"south": {"uv": [23, 0], "uv_size": [1.75, 0.5]},
								"west": {"uv": [17, 27], "uv_size": [0.5, 0.5]}
							}
						},
						{
							"origin": [-0.8125, 5.875, -1.249],
							"size": [1.625, 0.25, 1.5],
							"uv": {
								"east": {"uv": [26, 22], "uv_size": [1.5, 0.25]},
								"west": {"uv": [26, 23], "uv_size": [1.5, 0.25]},
								"down": {"uv": [18, 7.5], "uv_size": [1.75, -1.5]}
							}
						},
						{
							"origin": [-0.68501, 6.81721, -3.499],
							"size": [0.44194, 0.3125, 4.5],
							"pivot": [-0.74307, 6.97346, -1.249],
							"rotation": [0, 0, -45],
							"uv": {
								"north": {"uv": [28, 14], "uv_size": [0.5, 0.25]},
								"south": {"uv": [15, 28], "uv_size": [0.5, 0.25]},
								"up": {"uv": [10, 18], "uv_size": [0.5, 4.5]}
							}
						},
						{
							"origin": [0.24307, 6.81721, -3.499],
							"size": [0.44194, 0.3125, 4.5],
							"pivot": [0.74307, 6.97346, -1.249],
							"rotation": [0, 0, 45],
							"uv": {
								"north": {"uv": [28, 13], "uv_size": [0.5, 0.25]},
								"south": {"uv": [14, 28], "uv_size": [0.5, 0.25]},
								"up": {"uv": [5, 18], "uv_size": [0.5, 4.5]}
							}
						},
						{
							"origin": [-0.5, 7.125, -3.499],
							"size": [1, 0.3125, 4.5],
							"uv": {
								"north": {"uv": [18, 27], "uv_size": [1, 0.25]},
								"south": {"uv": [19, 27], "uv_size": [1, 0.25]},
								"up": {"uv": [13, 12], "uv_size": [1, 4.5]}
							}
						},
						{
							"origin": [-0.8125, 6.125, -2.999],
							"size": [1.625, 1, 3.5],
							"uv": {
								"east": {"uv": [14, 6], "uv_size": [3.5, 1]},
								"west": {"uv": [15, 13], "uv_size": [3.5, 1]},
								"down": {"uv": [2, 16.5], "uv_size": [1.75, -3.5]}
							}
						},
						{
							"origin": [-0.8115, 5.81434, 0.20995],
							"size": [1.623, 1.06066, 0.6875],
							"pivot": [-0.001, 6.625, 0.64745],
							"rotation": [-45, 0, 0],
							"uv": {
								"east": {"uv": [8, 7], "uv_size": [0.75, 1]},
								"south": {"uv": [10, 6], "uv_size": [1.5, 1]},
								"west": {"uv": [18, 12], "uv_size": [0.75, 1]}
							}
						},
						{
							"origin": [-0.8115, 5.91789, -1.64545],
							"size": [1.623, 0.5, 0.25],
							"pivot": [-0.001, 6.375, -1.39545],
							"rotation": [45, 0, 0],
							"uv": {
								"north": {"uv": [23, 9], "uv_size": [1.5, 0.5]},
								"east": {"uv": [28, 12], "uv_size": [0.25, 0.5]},
								"west": {"uv": [13, 28], "uv_size": [0.25, 0.5]}
							}
						},
						{
							"origin": [-0.8115, 6.16789, -3.39545],
							"size": [1.623, 0.70711, 0.6875],
							"pivot": [-0.001, 6.625, -3.14545],
							"rotation": [45, 0, 0],
							"uv": {
								"north": {"uv": [21, 12], "uv_size": [1.5, 0.75]},
								"east": {"uv": [25, 8], "uv_size": [0.75, 0.75]},
								"west": {"uv": [25, 9], "uv_size": [0.75, 0.75]}
							}
						},
						{
							"origin": [-0.8125, 6.625, -3.499],
							"size": [1.625, 0.5, 0.5],
							"uv": {
								"north": {"uv": [22, 22], "uv_size": [1.75, 0.5]},
								"east": {"uv": [27, 14], "uv_size": [0.5, 0.5]},
								"west": {"uv": [15, 27], "uv_size": [0.5, 0.5]}
							}
						},
						{
							"origin": [-0.75, 4.875, -3.5],
							"size": [1.5, 2.25, 3],
							"uv": {
								"north": {"uv": [16, 0], "uv_size": [1.5, 2.25]},
								"east": {"uv": [2, 10], "uv_size": [3, 2.25]},
								"west": {"uv": [5, 10], "uv_size": [3, 2.25]},
								"down": {"uv": [13, 12], "uv_size": [1.5, -3]}
							}
						},
						{
							"origin": [-0.751, 5.625, -3.375],
							"size": [1.502, 0.5, 2],
							"uv": {
								"east": {"uv": [0, 48], "uv_size": [64, 16]},
								"west": {"uv": [0, 48], "uv_size": [64, 16]}
							}
						},
						{
							"origin": [-0.625, 4, -2],
							"size": [1.25, 1.5, 2.5],
							"uv": {
								"north": {"uv": [20, 2], "uv_size": [1.25, 1.5]},
								"east": {"uv": [15, 9], "uv_size": [2.5, 1.5]},
								"south": {"uv": [20, 4], "uv_size": [1.25, 1.5]},
								"west": {"uv": [15, 11], "uv_size": [2.5, 1.5]},
								"down": {"uv": [0, 20.5], "uv_size": [1.25, -2.5]}
							}
						},
						{
							"origin": [-0.625, 4, 0.5],
							"size": [1.25, 0.25, 2.5],
							"uv": {
								"north": {"uv": [26, 24], "uv_size": [1.25, 0.25]},
								"east": {"uv": [23, 15], "uv_size": [2.5, 0.25]},
								"south": {"uv": [25, 26], "uv_size": [1.25, 0.25]},
								"west": {"uv": [23, 16], "uv_size": [2.5, 0.25]},
								"up": {"uv": [16, 3], "uv_size": [1.25, 2.5]},
								"down": {"uv": [15, 19.5], "uv_size": [1.25, -2.5]}
							}
						},
						{
							"origin": [-0.125, 4.25, 2.20711],
							"size": [0.70711, 1.25, 0],
							"pivot": [0.58211, 4, 3.20711],
							"rotation": [0, 45, 0],
							"uv": {
								"north": {"uv": [13, 22], "uv_size": [0.75, 1.25]}
							}
						},
						{
							"origin": [-0.58211, 4.25, 2.20711],
							"size": [0.70711, 1.25, 0],
							"pivot": [-0.58211, 4, 3.20711],
							"rotation": [0, -45, 0],
							"uv": {
								"north": {"uv": [12, 22], "uv_size": [0.75, 1.25]}
							}
						},
						{
							"origin": [-0.125, 5.125, 2],
							"size": [0.25, 0.5, 0.25],
							"pivot": [0, 5.25, 2.25],
							"rotation": [22.5, 0, 0],
							"uv": {
								"north": {"uv": [8, 28], "uv_size": [0.25, 0.5]},
								"east": {"uv": [9, 28], "uv_size": [0.25, 0.5]},
								"west": {"uv": [10, 28], "uv_size": [0.25, 0.5]}
							}
						},
						{
							"origin": [-0.125, 4.125, 2],
							"size": [0.25, 0.5, 0.25],
							"pivot": [0, 4.5, 2.25],
							"rotation": [-22.5, 0, 0],
							"uv": {
								"north": {"uv": [28, 6], "uv_size": [0.25, 0.5]},
								"east": {"uv": [7, 28], "uv_size": [0.25, 0.5]},
								"west": {"uv": [28, 7], "uv_size": [0.25, 0.5]}
							}
						},
						{
							"origin": [-0.125, 4.25, 2],
							"size": [0.25, 1.25, 0.5],
							"uv": {
								"north": {"uv": [0, 27], "uv_size": [0.25, 1.25]},
								"east": {"uv": [11, 23], "uv_size": [0.5, 1.25]},
								"west": {"uv": [17, 23], "uv_size": [0.5, 1.25]}
							}
						},
						{
							"origin": [-0.625, 4, 3],
							"size": [1.25, 1.5, 2],
							"uv": {
								"east": {"uv": [16, 7], "uv_size": [2, 1.5]},
								"west": {"uv": [18, 0], "uv_size": [2, 1.5]}
							}
						},
						{
							"origin": [-0.20711, 5.875, 5.501],
							"size": [0.41421, 1, 0],
							"uv": {
								"south": {"uv": [18, 25], "uv_size": [0.5, 1]}
							}
						},
						{
							"origin": [-0.20711, 5.875, 5.501],
							"size": [0.41421, 1, 0],
							"pivot": [0, 6.375, 5.5],
							"rotation": [0, 0, 45],
							"uv": {
								"south": {"uv": [25, 17], "uv_size": [0.5, 1]}
							}
						}
					]
				},
				{
					"name": "bolt",
					"parent": "gun",
					"pivot": [0, 6, 0]
				},
				{
					"name": "bolt_rotate",
					"parent": "bolt",
					"pivot": [0, 6.375, 5.34362],
					"cubes": [
						{
							"origin": [-0.25, 5.625, 5.499],
							"size": [0.5, 1.5, 0.25],
							"uv": {
								"north": {"uv": [8, 23], "uv_size": [0.5, 1.5]},
								"south": {"uv": [10, 23], "uv_size": [0.5, 1.5]},
								"up": {"uv": [28, 16], "uv_size": [0.5, 0.25]},
								"down": {"uv": [17, 28.25], "uv_size": [0.5, -0.25]}
							}
						},
						{
							"origin": [-0.375, 5.75, 5.5],
							"size": [0.75, 1.25, 0.25],
							"uv": {
								"north": {"uv": [22, 14], "uv_size": [0.75, 1.25]},
								"east": {"uv": [27, 3], "uv_size": [0.25, 1.25]},
								"south": {"uv": [15, 22], "uv_size": [0.75, 1.25]},
								"west": {"uv": [6, 27], "uv_size": [0.25, 1.25]}
							}
						},
						{
							"origin": [-0.125, 6.5, 3.5],
							"size": [0.25, 0.25, 2],
							"pivot": [0, 6.625, 5],
							"rotation": [0, 0, 45],
							"uv": {
								"east": {"uv": [25, 19], "uv_size": [2, 0.25]},
								"west": {"uv": [21, 25], "uv_size": [2, 0.25]},
								"up": {"uv": [23, 25], "uv_size": [0.25, 2]},
								"down": {"uv": [25, 25], "uv_size": [0.25, -2]}
							}
						},
						{
							"origin": [-0.125, 6, 3.5],
							"size": [0.25, 0.25, 2],
							"pivot": [0, 6.125, 5],
							"rotation": [0, 0, 45],
							"uv": {
								"east": {"uv": [24, 25], "uv_size": [2, 0.25]},
								"west": {"uv": [0, 26], "uv_size": [2, 0.25]},
								"up": {"uv": [26, 0], "uv_size": [0.25, 2]},
								"down": {"uv": [2, 28], "uv_size": [0.25, -2]}
							}
						},
						{
							"origin": [-0.43934, 6.71079, 5.5],
							"size": [0.17678, 0.25, 0.25],
							"pivot": [0.10355, 6.21079, 5.5],
							"rotation": [0, 0, 45],
							"uv": {
								"north": {"uv": [7, 29], "uv_size": [0.25, 0.25]},
								"south": {"uv": [29, 7], "uv_size": [0.25, 0.25]},
								"up": {"uv": [8, 29], "uv_size": [0.25, 0.25]}
							}
						},
						{
							"origin": [0.26256, 6.71079, 5.5],
							"size": [0.17678, 0.25, 0.25],
							"pivot": [-0.10355, 6.21079, 5.5],
							"rotation": [0, 0, -45],
							"uv": {
								"north": {"uv": [29, 8], "uv_size": [0.25, 0.25]},
								"south": {"uv": [9, 29], "uv_size": [0.25, 0.25]},
								"up": {"uv": [29, 9], "uv_size": [0.25, 0.25]}
							}
						},
						{
							"origin": [-0.43934, 5.78921, 5.5],
							"size": [0.17678, 0.25, 0.25],
							"pivot": [0.10355, 6.53921, 5.5],
							"rotation": [0, 0, -45],
							"uv": {
								"north": {"uv": [10, 29], "uv_size": [0.25, 0.25]},
								"south": {"uv": [29, 10], "uv_size": [0.25, 0.25]},
								"down": {"uv": [11, 29.25], "uv_size": [0.25, -0.25]}
							}
						},
						{
							"origin": [0.26256, 5.78921, 5.5],
							"size": [0.17678, 0.25, 0.25],
							"pivot": [-0.10355, 6.53921, 5.5],
							"rotation": [0, 0, 45],
							"uv": {
								"north": {"uv": [29, 11], "uv_size": [0.25, 0.25]},
								"south": {"uv": [12, 29], "uv_size": [0.25, 0.25]},
								"down": {"uv": [29, 12.25], "uv_size": [0.25, -0.25]}
							}
						}
					]
				},
				{
					"name": "bolt_main",
					"parent": "bolt",
					"pivot": [0, 6.25, 2.25],
					"cubes": [
						{
							"origin": [-0.375, 5.625, 1.25],
							"size": [0.75, 1.25, 2],
							"uv": {
								"north": {"uv": [18, 22], "uv_size": [0.75, 1.25]},
								"east": {"uv": [18, 8], "uv_size": [2, 1.25]}
							}
						}
					]
				},
				{
					"name": "mab",
					"parent": "gun",
					"pivot": [0, 2.75, 4.5]
				},
				{
					"name": "magazine",
					"parent": "mab",
					"pivot": [0, 6.375, 5.5]
				},
				{
					"name": "mag_standard",
					"parent": "magazine",
					"pivot": [-4.875, 1.84598, 5.29437],
					"cubes": [
						{
							"origin": [-0.25, 4.847, 4.04437],
							"size": [0.5, 0, 1.25],
							"pivot": [-7.875, 1.84598, 5.29437],
							"rotation": [10, 0, 0],
							"uv": {
								"up": {"uv": [4, 25], "uv_size": [0.5, 1.25]}
							}
						},
						{
							"origin": [-0.375, 0.59598, 3.91937],
							"size": [0.75, 4.25, 1.5],
							"pivot": [-4.875, 1.84598, 5.29437],
							"rotation": [10, 0, 0],
							"uv": {
								"north": {"uv": [13, 17], "uv_size": [0.75, 4.25]},
								"east": {"uv": [11, 9], "uv_size": [1.5, 4.25]},
								"south": {"uv": [17, 14], "uv_size": [0.75, 4.25]},
								"west": {"uv": [12, 0], "uv_size": [1.5, 4.25]},
								"up": {"uv": [17, 21], "uv_size": [0.75, 1.5]},
								"down": {"uv": [19, 22.5], "uv_size": [0.75, -1.5]}
							}
						}
					]
				},
				{
					"name": "mag_extended_1",
					"parent": "magazine",
					"pivot": [-4.875, 1.84598, 5.29437],
					"cubes": [
						{
							"origin": [-0.375, -0.40402, 3.91937],
							"size": [0.75, 5.25, 1.5],
							"pivot": [-4.875, 1.84598, 5.29437],
							"rotation": [10, 0, 0],
							"uv": {
								"north": {"uv": [12, 14], "uv_size": [0.75, 5.25]},
								"east": {"uv": [9, 9], "uv_size": [1.5, 5.25]},
								"south": {"uv": [14, 12], "uv_size": [0.75, 5.25]},
								"west": {"uv": [10, 0], "uv_size": [1.5, 5.25]},
								"up": {"uv": [20, 21], "uv_size": [0.75, 1.5]},
								"down": {"uv": [21, 22.5], "uv_size": [0.75, -1.5]}
							}
						},
						{
							"origin": [-0.25, 4.847, 4.04437],
							"size": [0.5, 0, 1.25],
							"pivot": [-6.875, 1.84598, 5.29437],
							"rotation": [10, 0, 0],
							"uv": {
								"up": {"uv": [25, 0], "uv_size": [0.5, 1.25]}
							}
						}
					]
				},
				{
					"name": "mag_extended_2",
					"parent": "magazine",
					"pivot": [-4.875, 1.84598, 5.29437],
					"cubes": [
						{
							"origin": [-0.25, 4.847, 4.04437],
							"size": [0.5, 0, 1.25],
							"pivot": [-5.875, 1.84598, 5.29437],
							"rotation": [10, 0, 0],
							"uv": {
								"up": {"uv": [20, 24], "uv_size": [0.5, 1.25]}
							}
						},
						{
							"origin": [-0.375, -1.40402, 3.91937],
							"size": [0.75, 6.25, 1.5],
							"pivot": [-4.875, 1.84598, 5.29437],
							"rotation": [10, 0, 0],
							"uv": {
								"north": {"uv": [6, 13], "uv_size": [0.75, 6.25]},
								"east": {"uv": [9.5, 0], "uv_size": [-1.5, 6.25]},
								"south": {"uv": [7, 13], "uv_size": [0.75, 6.25]},
								"west": {"uv": [8, 0], "uv_size": [1.5, 6.25]},
								"up": {"uv": [0, 22], "uv_size": [0.75, 1.5]},
								"down": {"uv": [22, 1.5], "uv_size": [0.75, -1.5]}
							}
						}
					]
				},
				{
					"name": "mag_extended_3",
					"parent": "magazine",
					"pivot": [-4.875, 1.84598, 5.29437],
					"cubes": [
						{
							"origin": [-0.375, -2.40402, 3.91937],
							"size": [0.75, 7.25, 1.5],
							"pivot": [-4.875, 1.84598, 5.29437],
							"rotation": [10, 0, 0],
							"uv": {
								"north": {"uv": [8, 10], "uv_size": [0.75, 7.25]},
								"east": {"uv": [3.5, 0], "uv_size": [-1.5, 7.25]},
								"south": {"uv": [4, 13], "uv_size": [0.75, 7.25]},
								"west": {"uv": [2, 0], "uv_size": [1.5, 7.25]},
								"up": {"uv": [1, 22], "uv_size": [0.75, 1.5]},
								"down": {"uv": [2, 23.5], "uv_size": [0.75, -1.5]}
							}
						},
						{
							"origin": [-0.25, 4.847, 4.04437],
							"size": [0.5, 0, 1.25],
							"pivot": [-4.875, 1.84598, 5.29437],
							"rotation": [10, 0, 0],
							"uv": {
								"up": {"uv": [2, 24], "uv_size": [0.5, 1.25]}
							}
						}
					]
				},
				{
					"name": "bullets",
					"parent": "mab",
					"pivot": [0, 6.375, 5.5]
				},
				{
					"name": "bullet_in_mag",
					"parent": "bullets",
					"pivot": [-0.00276, 5.50276, 3.71094],
					"cubes": [
						{
							"origin": [-0.18636, 4.47282, 4.62215],
							"size": [0.35938, 0.375, 0.125],
							"pivot": [-0.00276, 4.66032, 4.12215],
							"rotation": [8.90928, -8.80348, 44.31282],
							"uv": {
								"north": {"uv": [28, 22], "uv_size": [0.25, 0.5]},
								"east": {"uv": [23, 28], "uv_size": [0.25, 0.5]},
								"south": {"uv": [28, 23], "uv_size": [0.25, 0.5]},
								"west": {"uv": [24, 28], "uv_size": [0.25, 0.5]},
								"up": {"uv": [24, 29], "uv_size": [0.25, 0.25]},
								"down": {"uv": [29, 24.25], "uv_size": [0.25, -0.25]}
							}
						},
						{
							"origin": [-0.10823, 4.55095, 3.5284],
							"size": [0.21875, 0.21875, 0.09375],
							"pivot": [-0.00276, 4.66032, 4.12215],
							"rotation": [8.90928, -8.80348, 44.31282],
							"uv": {
								"north": {"uv": [21, 29], "uv_size": [0.25, 0.25]},
								"east": {"uv": [29, 21], "uv_size": [0.25, 0.25]},
								"south": {"uv": [22, 29], "uv_size": [0.25, 0.25]},
								"west": {"uv": [29, 22], "uv_size": [0.25, 0.25]},
								"up": {"uv": [23, 29], "uv_size": [0.25, 0.25]},
								"down": {"uv": [29, 23.25], "uv_size": [0.25, -0.25]}
							}
						},
						{
							"origin": [-0.18636, 4.47282, 3.80965],
							"size": [0.35938, 0.375, 0.75],
							"pivot": [-0.00276, 4.66032, 4.12215],
							"rotation": [8.90928, -8.80348, 44.31282],
							"uv": {
								"north": {"uv": [28, 21], "uv_size": [0.25, 0.5]},
								"east": {"uv": [22, 26], "uv_size": [0.75, 0.5]},
								"south": {"uv": [22, 28], "uv_size": [0.25, 0.5]},
								"west": {"uv": [24, 26], "uv_size": [0.75, 0.5]},
								"up": {"uv": [27, 26], "uv_size": [0.25, 0.75]},
								"down": {"uv": [27, 27.75], "uv_size": [0.25, -0.75]}
							}
						},
						{
							"origin": [-0.15511, 4.50407, 3.62215],
							"size": [0.3125, 0.3125, 1],
							"pivot": [-0.00276, 4.66032, 4.12215],
							"rotation": [8.90928, -8.80348, 44.31282],
							"uv": {
								"north": {"uv": [20, 29], "uv_size": [0.25, 0.25]},
								"east": {"uv": [27, 19], "uv_size": [1, 0.25]},
								"south": {"uv": [29, 20], "uv_size": [0.25, 0.25]},
								"west": {"uv": [20, 27], "uv_size": [1, 0.25]},
								"up": {"uv": [27, 20], "uv_size": [0.25, 1]},
								"down": {"uv": [21, 28], "uv_size": [0.25, -1]}
							}
						}
					]
				},
				{
					"name": "bullet_new_mag",
					"parent": "bullets",
					"pivot": [-0.00276, 5.50276, 3.71094],
					"cubes": [
						{
							"origin": [-0.18636, 4.47282, 4.62215],
							"size": [0.35938, 0.375, 0.125],
							"pivot": [-0.00276, 4.66032, 4.12215],
							"rotation": [8.90928, -8.80348, 44.31282],
							"uv": {
								"north": {"uv": [28, 22], "uv_size": [0.25, 0.5]},
								"east": {"uv": [23, 28], "uv_size": [0.25, 0.5]},
								"south": {"uv": [28, 23], "uv_size": [0.25, 0.5]},
								"west": {"uv": [24, 28], "uv_size": [0.25, 0.5]},
								"up": {"uv": [24, 29], "uv_size": [0.25, 0.25]},
								"down": {"uv": [29, 24.25], "uv_size": [0.25, -0.25]}
							}
						},
						{
							"origin": [-0.10823, 4.55095, 3.5284],
							"size": [0.21875, 0.21875, 0.09375],
							"pivot": [-0.00276, 4.66032, 4.12215],
							"rotation": [8.90928, -8.80348, 44.31282],
							"uv": {
								"north": {"uv": [21, 29], "uv_size": [0.25, 0.25]},
								"east": {"uv": [29, 21], "uv_size": [0.25, 0.25]},
								"south": {"uv": [22, 29], "uv_size": [0.25, 0.25]},
								"west": {"uv": [29, 22], "uv_size": [0.25, 0.25]},
								"up": {"uv": [23, 29], "uv_size": [0.25, 0.25]},
								"down": {"uv": [29, 23.25], "uv_size": [0.25, -0.25]}
							}
						},
						{
							"origin": [-0.18636, 4.47282, 3.80965],
							"size": [0.35938, 0.375, 0.75],
							"pivot": [-0.00276, 4.66032, 4.12215],
							"rotation": [8.90928, -8.80348, 44.31282],
							"uv": {
								"north": {"uv": [28, 21], "uv_size": [0.25, 0.5]},
								"east": {"uv": [22, 26], "uv_size": [0.75, 0.5]},
								"south": {"uv": [22, 28], "uv_size": [0.25, 0.5]},
								"west": {"uv": [24, 26], "uv_size": [0.75, 0.5]},
								"up": {"uv": [27, 26], "uv_size": [0.25, 0.75]},
								"down": {"uv": [27, 27.75], "uv_size": [0.25, -0.75]}
							}
						},
						{
							"origin": [-0.15511, 4.50407, 3.62215],
							"size": [0.3125, 0.3125, 1],
							"pivot": [-0.00276, 4.66032, 4.12215],
							"rotation": [8.90928, -8.80348, 44.31282],
							"uv": {
								"north": {"uv": [20, 29], "uv_size": [0.25, 0.25]},
								"east": {"uv": [27, 19], "uv_size": [1, 0.25]},
								"south": {"uv": [29, 20], "uv_size": [0.25, 0.25]},
								"west": {"uv": [20, 27], "uv_size": [1, 0.25]},
								"up": {"uv": [27, 20], "uv_size": [0.25, 1]},
								"down": {"uv": [21, 28], "uv_size": [0.25, -1]}
							}
						}
					]
				},
				{
					"name": "left",
					"parent": "mab",
					"pivot": [-6, 11, 0]
				},
				{
					"name": "muzzle_pos",
					"parent": "left",
					"pivot": [-6, 11, 0]
				},
				{
					"name": "lefthand",
					"parent": "left",
					"pivot": [-6, 11, 0]
				},
				{
					"name": "lefthand_pos",
					"parent": "lefthand",
					"pivot": [0, 0, 0],
					"cubes": [
						{
							"origin": [-8, 0, -2],
							"size": [4, 12, 4],
							"uv": {
								"north": {"uv": [1.5, 0], "uv_size": [0.5, 1.5]},
								"east": {"uv": [0.5, 1.5], "uv_size": [0.5, 1.5]},
								"south": {"uv": [1, 1.5], "uv_size": [0.5, 1.5]},
								"west": {"uv": [1.5, 1.5], "uv_size": [0.5, 1.5]},
								"up": {"uv": [2, 1], "uv_size": [0.5, 0.5]},
								"down": {"uv": [2, 2], "uv_size": [0.5, -0.5]}
							}
						}
					]
				},
				{
					"name": "positioning2",
					"parent": "gun",
					"pivot": [0, 4.5, 3.5]
				},
				{
					"name": "shell",
					"parent": "positioning2",
					"pivot": [0, 6.25, 2.25]
				},
				{
					"name": "muzzle_flash",
					"parent": "positioning2",
					"pivot": [0, 6.25, -4.75]
				},
				{
					"name": "scope_pos",
					"parent": "positioning2",
					"pivot": [0, 0, 0]
				},
				{
					"name": "constraint",
					"parent": "gun",
					"pivot": [0, 8.5, -4.5]
				},
				{
					"name": "right",
					"parent": "root",
					"pivot": [6, 11, 0]
				},
				{
					"name": "righthand_pos",
					"parent": "right",
					"pivot": [0, 0, 0],
					"cubes": [
						{
							"origin": [4, 0, -2],
							"size": [4, 12, 4],
							"uv": {
								"north": {"uv": [2, 0], "uv_size": [-0.5, 1.5]},
								"east": {"uv": [2, 1.5], "uv_size": [-0.5, 1.5]},
								"south": {"uv": [1.5, 1.5], "uv_size": [-0.5, 1.5]},
								"west": {"uv": [1, 1.5], "uv_size": [-0.5, 1.5]},
								"up": {"uv": [2.5, 1], "uv_size": [-0.5, 0.5]},
								"down": {"uv": [2.5, 2], "uv_size": [-0.5, -0.5]}
							}
						}
					]
				},
				{
					"name": "camera",
					"pivot": [1.125, 8.75, 14.5]
				},
				{
					"name": "positioning",
					"pivot": [0, 0, 0]
				},
				{
					"name": "thirdperson_hand",
					"parent": "positioning",
					"pivot": [0, 4.5, 3.5]
				},
				{
					"name": "fixed",
					"parent": "positioning",
					"pivot": [0.6, 4.575, 2.375],
					"rotation": [0, 90, 0]
				},
				{
					"name": "gournd",
					"parent": "positioning",
					"pivot": [0, 0, 1.825]
				},
				{
					"name": "view",
					"pivot": [0, 0, 0]
				},
				{
					"name": "iron_view",
					"parent": "view",
					"pivot": [0, 7.1312, 12.76875]
				},
				{
					"name": "idle_view",
					"parent": "view",
					"pivot": [1.125, 8.75, 14.5]
				},
				{
					"name": "refit_muzzle_view",
					"parent": "view",
					"pivot": [9.05, 2.4, -1.975],
					"rotation": [-180, 67.5, 180]
				},
				{
					"name": "refit_extended_mag_view",
					"parent": "view",
					"pivot": [9.725, -0.625, 4.85],
					"rotation": [0, 90, 0]
				},
				{
					"name": "refit_view",
					"parent": "view",
					"pivot": [13.6, 4.525, 0.6],
					"rotation": [0, 90, 0]
				}
			]
		}
	]
}