{
	"format_version": "1.12.0",
	"minecraft:geometry": [
		{
			"description": {
				"identifier": "geometry.unknown",
				"texture_width": 32,
				"texture_height": 32,
				"visible_bounds_width": 7,
				"visible_bounds_height": 6,
				"visible_bounds_offset": [0, 1, 0]
			},
			"bones": [
				{
					"name": "root",
					"pivot": [0, -6, 0]
				},
				{
					"name": "blade",
					"parent": "root",
					"pivot": [0, -6, 0]
				},
				{
					"name": "blade_main",
					"parent": "blade",
					"pivot": [0, 17.14737, 1.19053]
				},
				{
					"name": "muzzle_default",
					"parent": "blade_main",
					"pivot": [0, 17.14737, 1.19053],
					"cubes": [
						{
							"origin": [-0.125, -1, -0.5],
							"size": [0.25, 9, 0.25],
							"pivot": [0, 17.14737, 1.19053],
							"rotation": [-1.5, 0, 0],
							"uv": {
								"east": {"uv": [14, 0], "uv_size": [0.25, 9]},
								"west": {"uv": [1, 14], "uv_size": [0.25, 9]}
							}
						},
						{
							"origin": [-0.125, 7.93497, -0.09939],
							"size": [0.25, 8, 0.25],
							"pivot": [0, 17.14737, 1.19053],
							"rotation": [-4, 0, 0],
							"uv": {
								"east": {"uv": [12, 14], "uv_size": [0.25, 8]},
								"west": {"uv": [13, 14], "uv_size": [0.25, 8]}
							}
						},
						{
							"origin": [-0.125, 15.87985, -0.04528],
							"size": [0.25, 6.5, 0.25],
							"pivot": [0, 17.14737, 1.19053],
							"rotation": [-6.5, 0, 0],
							"uv": {
								"east": {"uv": [18, 0], "uv_size": [0.25, 6.5]},
								"west": {"uv": [18, 7], "uv_size": [0.25, 6.5]}
							}
						},
						{
							"origin": [-0.125, 22.32097, -0.27234],
							"size": [0.25, 7, 0.25],
							"pivot": [0, 17.14737, 1.19053],
							"rotation": [-9, 0, 0],
							"uv": {
								"east": {"uv": [16, 13], "uv_size": [0.25, 7]},
								"west": {"uv": [17, 0], "uv_size": [0.25, 7]}
							}
						},
						{
							"origin": [-0.125, 27.27001, -5.72819],
							"size": [0.25, 1, 0.25],
							"pivot": [0, 17.14737, 1.19053],
							"rotation": [-36.5, 0, 0],
							"uv": {
								"east": {"uv": [22, 19], "uv_size": [0.25, 1]},
								"west": {"uv": [20, 22], "uv_size": [0.25, 1]}
							}
						},
						{
							"origin": [-0.125, 24.77567, -9.45799],
							"size": [0.25, 1, 0.25],
							"pivot": [0, 17.14737, 1.19053],
							"rotation": [-59, 0, 0],
							"uv": {
								"east": {"uv": [22, 18], "uv_size": [0.25, 1]},
								"west": {"uv": [19, 22], "uv_size": [0.25, 1]}
							}
						},
						{
							"origin": [-0.124, 30.60077, 0.95546],
							"size": [0.248, 0.25, 0.27221],
							"pivot": [-0.001, 17.14737, 1.19053],
							"rotation": [-9, 0, 0],
							"uv": {
								"east": {"uv": [24, 16], "uv_size": [0.25, 0.25]},
								"south": {"uv": [17, 24], "uv_size": [0.25, 0.25]},
								"west": {"uv": [24, 17], "uv_size": [0.25, 0.25]}
							}
						},
						{
							"origin": [-0.125, 29.79345, 6.21741],
							"size": [0.25, 0.10417, 0.25149],
							"pivot": [0, 17.14737, 1.19053],
							"rotation": [13.5, 0, 0],
							"uv": {
								"east": {"uv": [15, 24], "uv_size": [0.25, 0.25]},
								"south": {"uv": [24, 15], "uv_size": [0.25, 0.25]},
								"west": {"uv": [16, 24], "uv_size": [0.25, 0.25]}
							}
						},
						{
							"origin": [8.9274, 26.13727, 6.20179],
							"size": [0.125, 0.11428, 0.26711],
							"pivot": [0, 17.14737, 1.19053],
							"rotation": [9.6348, 9.5013, -44.1974],
							"uv": {
								"south": {"uv": [14, 24], "uv_size": [0.25, 0.25]},
								"up": {"uv": [24, 14], "uv_size": [0.25, 0.25]}
							}
						},
						{
							"origin": [8.9899, 26.07477, 6.20179],
							"size": [0.11428, 0.17678, 0.26711],
							"pivot": [0, 17.14737, 1.19053],
							"rotation": [9.6348, 9.5013, -44.1974],
							"uv": {
								"south": {"uv": [24, 12], "uv_size": [0.25, 0.25]},
								"west": {"uv": [13, 24], "uv_size": [0.25, 0.25]},
								"up": {"uv": [24, 13], "uv_size": [0.25, 0.25]}
							}
						},
						{
							"origin": [7.44125, 24.74442, -6.4275],
							"size": [0.17678, 1.04688, 0.17678],
							"pivot": [0, 17.14737, 1.19053],
							"rotation": [-66.9807, 21.3576, -40.6021],
							"uv": {
								"north": {"uv": [22, 17], "uv_size": [0.25, 1]},
								"west": {"uv": [18, 22], "uv_size": [0.25, 1]}
							}
						},
						{
							"origin": [3.00004, 28.57522, -1.98157],
							"size": [0.17206, 0.05942, 0.17206],
							"pivot": [0, 17.14737, 1.19053],
							"rotation": [-30.9763, 40.6091, -21.3421],
							"uv": {
								"north": {"uv": [24, 11], "uv_size": [0.25, 0.25]},
								"west": {"uv": [12, 24], "uv_size": [0.25, 0.25]}
							}
						},
						{
							"origin": [4.80389, 27.27001, -3.79013],
							"size": [0.17678, 1.01563, 0.17678],
							"pivot": [0, 17.14737, 1.19053],
							"rotation": [-46.3006, 34.6396, -30.7451],
							"uv": {
								"north": {"uv": [16, 22], "uv_size": [0.25, 1]},
								"west": {"uv": [22, 16], "uv_size": [0.25, 1]}
							}
						},
						{
							"origin": [0.94601, 22.32097, 0.06774],
							"size": [0.17678, 7, 0.17678],
							"pivot": [0, 17.14737, 1.19053],
							"rotation": [-12.6253, 44.2989, -8.891],
							"uv": {
								"north": {"uv": [15, 13], "uv_size": [0.25, 7]},
								"west": {"uv": [16, 0], "uv_size": [0.25, 7]}
							}
						},
						{
							"origin": [0.78546, 15.87985, 0.22829],
							"size": [0.17678, 6.5, 0.17678],
							"pivot": [0, 17.14737, 1.19053],
							"rotation": [-9.1534, 44.6329, -6.4586],
							"uv": {
								"north": {"uv": [10, 17], "uv_size": [0.25, 6.5]},
								"west": {"uv": [17, 12], "uv_size": [0.25, 6.5]}
							}
						},
						{
							"origin": [-1.0005, 7.93497, 0.19003],
							"size": [0.17678, 8, 0.17678],
							"pivot": [0, 17.14737, 1.19053],
							"rotation": [-5.6477, -44.8606, 3.9903],
							"uv": {
								"north": {"uv": [11, 14], "uv_size": [0.25, 8]},
								"east": {"uv": [14, 11], "uv_size": [0.25, 8]}
							}
						},
						{
							"origin": [1.107, -1, -0.09324],
							"size": [0.17678, 9, 0.17678],
							"pivot": [0, 17.14737, 1.19053],
							"rotation": [-2.1208, 44.9804, -1.4995],
							"uv": {
								"north": {"uv": [13, 5], "uv_size": [0.25, 9]},
								"west": {"uv": [0, 14], "uv_size": [0.25, 9]}
							}
						}
					]
				},
				{
					"name": "main",
					"parent": "blade_main",
					"pivot": [0, 17.14737, 6.19053],
					"cubes": [
						{
							"origin": [-0.125, -1, -0.25],
							"size": [0.25, 9, 1.25],
							"pivot": [0, 17.14737, 1.19053],
							"rotation": [-1.5, 0, 0],
							"uv": {
								"east": {"uv": [0, 0], "uv_size": [1.25, 9]},
								"south": {"uv": [2, 14], "uv_size": [0.25, 9]},
								"west": {"uv": [2, 0], "uv_size": [1.25, 9]}
							}
						},
						{
							"origin": [-0.125, 7.93497, 0.15061],
							"size": [0.25, 8, 1.25],
							"pivot": [0, 17.14737, 1.19053],
							"rotation": [-4, 0, 0],
							"uv": {
								"east": {"uv": [4, 0], "uv_size": [1.25, 8]},
								"south": {"uv": [15, 0], "uv_size": [0.25, 8]},
								"west": {"uv": [6, 0], "uv_size": [1.25, 8]}
							}
						},
						{
							"origin": [-0.125, 15.87985, 0.20472],
							"size": [0.25, 6.5, 1.25],
							"pivot": [0, 17.14737, 1.19053],
							"rotation": [-6.5, 0, 0],
							"uv": {
								"east": {"uv": [6, 8], "uv_size": [1.25, 6.5]},
								"south": {"uv": [18, 14], "uv_size": [0.25, 6.5]},
								"west": {"uv": [8, 7], "uv_size": [1.25, 6.5]}
							}
						},
						{
							"origin": [-0.125, 22.32097, -0.02234],
							"size": [0.25, 7, 1.25],
							"pivot": [0, 17.14737, 1.19053],
							"rotation": [-9, 0, 0],
							"uv": {
								"east": {"uv": [8, 0], "uv_size": [1.25, 7]},
								"south": {"uv": [6, 17], "uv_size": [0.25, 7]},
								"west": {"uv": [4, 8], "uv_size": [1.25, 7]}
							}
						},
						{
							"origin": [-0.125, 27.27001, -5.47819],
							"size": [0.25, 1, 0.25],
							"pivot": [0, 17.14737, 1.19053],
							"rotation": [-36.5, 0, 0],
							"uv": {
								"east": {"uv": [22, 20], "uv_size": [0.25, 1]},
								"west": {"uv": [21, 22], "uv_size": [0.25, 1]}
							}
						},
						{
							"origin": [-0.124, 29.32097, 0.22766],
							"size": [0.248, 0.75, 1],
							"pivot": [-0.001, 17.14737, 1.19053],
							"rotation": [-9, 0, 0],
							"uv": {
								"north": {"uv": [23, 6], "uv_size": [0.25, 0.75]},
								"east": {"uv": [15, 8], "uv_size": [1, 0.75]},
								"south": {"uv": [7, 23], "uv_size": [0.25, 0.75]},
								"west": {"uv": [20, 9], "uv_size": [1, 0.75]},
								"up": {"uv": [22, 21], "uv_size": [0.25, 1]},
								"down": {"uv": [22, 23], "uv_size": [0.25, -1]}
							}
						},
						{
							"origin": [-0.124, 30.07097, 0.95546],
							"size": [0.248, 0.5298, 0.27221],
							"pivot": [-0.001, 17.14737, 1.19053],
							"rotation": [-9, 0, 0],
							"uv": {
								"east": {"uv": [11, 23], "uv_size": [0.25, 0.5]},
								"south": {"uv": [23, 11], "uv_size": [0.25, 0.5]},
								"west": {"uv": [12, 23], "uv_size": [0.25, 0.5]}
							}
						},
						{
							"origin": [-0.123, 24.83817, -9.20799],
							"size": [0.246, 0.75, 0.375],
							"pivot": [-0.002, 17.14737, 1.19053],
							"rotation": [-59, 0, 0],
							"uv": {
								"east": {"uv": [7, 22], "uv_size": [0.5, 0.75]},
								"west": {"uv": [22, 7], "uv_size": [0.5, 0.75]}
							}
						}
					]
				},
				{
					"name": "positioning",
					"parent": "blade",
					"pivot": [0, 29.42408, 0.70522]
				},
				{
					"name": "muzzle_pos",
					"parent": "positioning",
					"pivot": [0, 0, 0]
				},
				{
					"name": "body",
					"parent": "blade",
					"pivot": [0, 29.42408, 0.70522]
				},
				{
					"name": "grip",
					"parent": "body",
					"pivot": [-0.001, -12.625, -0.375],
					"cubes": [
						{
							"origin": [-0.5, -9, 0],
							"size": [1, 4.5, 0.5],
							"uv": {
								"north": {"uv": [2, 9], "uv_size": [1, 4.5]},
								"east": {"uv": [3, 14], "uv_size": [0.5, 4.5]},
								"south": {"uv": [3, 9], "uv_size": [1, 4.5]},
								"west": {"uv": [8, 14], "uv_size": [0.5, 4.5]}
							}
						},
						{
							"origin": [-0.5, -4.92644, -1.09151],
							"size": [1, 1, 0.5],
							"pivot": [0, -2.67644, -0.84151],
							"rotation": [30, 0, 0],
							"uv": {
								"east": {"uv": [4, 21], "uv_size": [0.5, 1]},
								"south": {"uv": [12, 3], "uv_size": [1, 1]},
								"west": {"uv": [5, 21], "uv_size": [0.5, 1]}
							}
						},
						{
							"origin": [-0.5, -13, 0],
							"size": [1, 4, 0.5],
							"uv": {
								"north": {"uv": [10, 0], "uv_size": [1, 4]},
								"east": {"uv": [4, 15], "uv_size": [0.5, 4]},
								"south": {"uv": [10, 4], "uv_size": [1, 4]},
								"west": {"uv": [5, 15], "uv_size": [0.5, 4]}
							}
						},
						{
							"origin": [-0.499, -8.40977, -0.01884],
							"size": [0.998, 0.4375, 0.1875],
							"pivot": [-0.001, -9.97227, 0.60616],
							"rotation": [45, 0, 0],
							"uv": {
								"north": {"uv": [7, 21], "uv_size": [1, 0.5]},
								"east": {"uv": [23, 12], "uv_size": [0.25, 0.5]},
								"west": {"uv": [23, 13], "uv_size": [0.25, 0.5]}
							}
						},
						{
							"origin": [-0.499, -12.90977, -0.01884],
							"size": [0.998, 0.4375, 0.1875],
							"pivot": [-0.001, -14.47227, 0.60616],
							"rotation": [45, 0, 0],
							"uv": {
								"north": {"uv": [8, 21], "uv_size": [1, 0.5]},
								"east": {"uv": [14, 23], "uv_size": [0.25, 0.5]},
								"south": {"uv": [21, 9], "uv_size": [1, 0.5]},
								"west": {"uv": [15, 23], "uv_size": [0.25, 0.5]},
								"up": {"uv": [0, 23], "uv_size": [1, 0.25]},
								"down": {"uv": [23, 0.25], "uv_size": [1, -0.25]}
							}
						},
						{
							"origin": [-0.499, -13.07583, -2.31694],
							"size": [0.998, 0.4375, 0.1875],
							"pivot": [-0.001, -14.32583, -1.69194],
							"rotation": [-45, 0, 0],
							"uv": {
								"north": {"uv": [21, 10], "uv_size": [1, 0.5]},
								"east": {"uv": [16, 23], "uv_size": [0.25, 0.5]},
								"south": {"uv": [21, 11], "uv_size": [1, 0.5]},
								"west": {"uv": [23, 16], "uv_size": [0.25, 0.5]},
								"up": {"uv": [1, 23], "uv_size": [1, 0.25]},
								"down": {"uv": [23, 1.25], "uv_size": [1, -0.25]}
							}
						},
						{
							"origin": [-0.5, -13, -1],
							"size": [1, 4, 0.25],
							"uv": {
								"north": {"uv": [10, 8], "uv_size": [1, 4]},
								"east": {"uv": [19, 16], "uv_size": [0.25, 4]},
								"south": {"uv": [11, 0], "uv_size": [1, 4]},
								"west": {"uv": [17, 19], "uv_size": [0.25, 4]}
							}
						},
						{
							"origin": [-0.499, -15.16852, -1.49237],
							"size": [0.998, 0.75, 1.25],
							"pivot": [-0.001, -14.16852, -0.61737],
							"rotation": [22.5, 0, 0],
							"uv": {
								"east": {"uv": [20, 2], "uv_size": [1.25, 0.75]},
								"west": {"uv": [20, 3], "uv_size": [1.25, 0.75]},
								"up": {"uv": [5, 19], "uv_size": [1, 1.25]},
								"down": {"uv": [19, 7.25], "uv_size": [1, -1.25]}
							}
						},
						{
							"origin": [-0.5, -15.42724, -1.33009],
							"size": [1, 0.69291, 0.28701],
							"uv": {
								"north": {"uv": [20, 14], "uv_size": [1, 0.75]},
								"east": {"uv": [23, 7], "uv_size": [0.25, 0.75]},
								"west": {"uv": [8, 23], "uv_size": [0.25, 0.75]},
								"down": {"uv": [2, 23.25], "uv_size": [1, -0.25]}
							}
						},
						{
							"origin": [-0.5, -9, -1.25],
							"size": [1, 5, 0.5],
							"uv": {
								"north": {"uv": [0, 9], "uv_size": [1, 5]},
								"east": {"uv": [10, 12], "uv_size": [0.5, 5]},
								"south": {"uv": [1, 9], "uv_size": [1, 5]},
								"west": {"uv": [13, 0], "uv_size": [0.5, 5]}
							}
						},
						{
							"origin": [-0.5, -13.5, -1.25],
							"size": [1, 0.5, 1.75],
							"uv": {
								"north": {"uv": [21, 12], "uv_size": [1, 0.5]},
								"east": {"uv": [20, 7], "uv_size": [1.75, 0.5]},
								"south": {"uv": [21, 13], "uv_size": [1, 0.5]},
								"west": {"uv": [20, 8], "uv_size": [1.75, 0.5]},
								"up": {"uv": [16, 7], "uv_size": [1, 1.75]}
							}
						},
						{
							"origin": [-0.5, -14.75, -1],
							"size": [1, 1.25, 1],
							"uv": {
								"north": {"uv": [7, 19], "uv_size": [1, 1.25]},
								"east": {"uv": [8, 19], "uv_size": [1, 1.25]},
								"west": {"uv": [19, 8], "uv_size": [1, 1.25]}
							}
						},
						{
							"origin": [-0.499, -14.84503, -0.67708],
							"size": [0.998, 1.5, 1],
							"pivot": [-0.001, -14.09503, -0.17708],
							"rotation": [-15, 0, 0],
							"uv": {
								"east": {"uv": [19, 0], "uv_size": [1, 1.5]},
								"south": {"uv": [19, 2], "uv_size": [1, 1.5]},
								"west": {"uv": [3, 19], "uv_size": [1, 1.5]}
							}
						},
						{
							"origin": [-0.5, -10.75, -0.75],
							"size": [1, 0.5, 0.75],
							"uv": {
								"east": {"uv": [8, 22], "uv_size": [0.75, 0.5]},
								"west": {"uv": [22, 8], "uv_size": [0.75, 0.5]},
								"up": {"uv": [15, 20], "uv_size": [1, 0.75]},
								"down": {"uv": [20, 15.75], "uv_size": [1, -0.75]}
							}
						},
						{
							"origin": [-0.5, -9, -0.75],
							"size": [1, 0.5, 0.75],
							"uv": {
								"east": {"uv": [9, 22], "uv_size": [0.75, 0.5]},
								"west": {"uv": [22, 9], "uv_size": [0.75, 0.5]},
								"up": {"uv": [16, 20], "uv_size": [1, 0.75]},
								"down": {"uv": [20, 16.75], "uv_size": [1, -0.75]}
							}
						},
						{
							"origin": [-0.5, -6.75, -0.75],
							"size": [1, 0.5, 0.75],
							"uv": {
								"east": {"uv": [22, 10], "uv_size": [0.75, 0.5]},
								"west": {"uv": [11, 22], "uv_size": [0.75, 0.5]},
								"up": {"uv": [20, 17], "uv_size": [1, 0.75]},
								"down": {"uv": [20, 18.75], "uv_size": [1, -0.75]}
							}
						},
						{
							"origin": [-0.5, -5.25, -0.75],
							"size": [1, 2.25, 0.75],
							"uv": {
								"east": {"uv": [9, 17], "uv_size": [0.75, 2.25]},
								"west": {"uv": [17, 9], "uv_size": [0.75, 2.25]},
								"down": {"uv": [19, 20.75], "uv_size": [1, -0.75]}
							}
						},
						{
							"origin": [-0.499, -6.5, -0.625],
							"size": [0.998, 0.25, 0.5],
							"pivot": [-0.001, -5.875, -0.375],
							"rotation": [45, 0, 0],
							"uv": {
								"east": {"uv": [17, 23], "uv_size": [0.5, 0.25]},
								"west": {"uv": [23, 17], "uv_size": [0.5, 0.25]},
								"up": {"uv": [14, 21], "uv_size": [1, 0.5]}
							}
						},
						{
							"origin": [-0.499, -6.125, -1],
							"size": [0.998, 0.5, 0.25],
							"pivot": [-0.001, -5.875, -0.375],
							"rotation": [45, 0, 0],
							"uv": {
								"east": {"uv": [18, 23], "uv_size": [0.25, 0.5]},
								"south": {"uv": [21, 14], "uv_size": [1, 0.5]},
								"west": {"uv": [23, 18], "uv_size": [0.25, 0.5]}
							}
						},
						{
							"origin": [-0.499, -8.375, -1],
							"size": [0.998, 0.5, 0.25],
							"pivot": [-0.001, -8.125, -0.375],
							"rotation": [45, 0, 0],
							"uv": {
								"east": {"uv": [19, 23], "uv_size": [0.25, 0.5]},
								"south": {"uv": [15, 21], "uv_size": [1, 0.5]},
								"west": {"uv": [23, 19], "uv_size": [0.25, 0.5]}
							}
						},
						{
							"origin": [-0.499, -8.75, -0.625],
							"size": [0.998, 0.25, 0.5],
							"pivot": [-0.001, -8.125, -0.375],
							"rotation": [45, 0, 0],
							"uv": {
								"east": {"uv": [20, 23], "uv_size": [0.5, 0.25]},
								"west": {"uv": [23, 20], "uv_size": [0.5, 0.25]},
								"up": {"uv": [21, 15], "uv_size": [1, 0.5]}
							}
						},
						{
							"origin": [-0.499, -10.125, -1],
							"size": [0.998, 0.5, 0.25],
							"pivot": [-0.001, -9.875, -0.375],
							"rotation": [45, 0, 0],
							"uv": {
								"east": {"uv": [21, 23], "uv_size": [0.25, 0.5]},
								"south": {"uv": [16, 21], "uv_size": [1, 0.5]},
								"west": {"uv": [23, 21], "uv_size": [0.25, 0.5]}
							}
						},
						{
							"origin": [-0.499, -10.5, -0.625],
							"size": [0.998, 0.25, 0.5],
							"pivot": [-0.001, -9.875, -0.375],
							"rotation": [45, 0, 0],
							"uv": {
								"east": {"uv": [22, 23], "uv_size": [0.5, 0.25]},
								"west": {"uv": [23, 22], "uv_size": [0.5, 0.25]},
								"up": {"uv": [21, 16], "uv_size": [1, 0.5]}
							}
						},
						{
							"origin": [-0.499, -12.875, -1],
							"size": [0.998, 0.5, 0.25],
							"pivot": [-0.001, -12.625, -0.375],
							"rotation": [45, 0, 0],
							"uv": {
								"east": {"uv": [23, 23], "uv_size": [0.25, 0.5]},
								"south": {"uv": [21, 17], "uv_size": [1, 0.5]},
								"west": {"uv": [0, 24], "uv_size": [0.25, 0.5]}
							}
						},
						{
							"origin": [-0.499, -13.25, -0.625],
							"size": [0.998, 0.25, 0.5],
							"pivot": [-0.001, -12.625, -0.375],
							"rotation": [45, 0, 0],
							"uv": {
								"east": {"uv": [24, 0], "uv_size": [0.5, 0.25]},
								"west": {"uv": [1, 24], "uv_size": [0.5, 0.25]},
								"up": {"uv": [18, 21], "uv_size": [1, 0.5]}
							}
						},
						{
							"origin": [-0.499, -5.25, -0.625],
							"size": [0.998, 0.25, 0.5],
							"pivot": [-0.001, -5.625, -0.375],
							"rotation": [-45, 0, 0],
							"uv": {
								"east": {"uv": [24, 1], "uv_size": [0.5, 0.25]},
								"west": {"uv": [2, 24], "uv_size": [0.5, 0.25]},
								"down": {"uv": [21, 18.5], "uv_size": [1, -0.5]}
							}
						},
						{
							"origin": [-0.499, -5.875, -1],
							"size": [0.998, 0.5, 0.25],
							"pivot": [-0.001, -5.625, -0.375],
							"rotation": [-45, 0, 0],
							"uv": {
								"east": {"uv": [24, 2], "uv_size": [0.25, 0.5]},
								"south": {"uv": [19, 21], "uv_size": [1, 0.5]},
								"west": {"uv": [3, 24], "uv_size": [0.25, 0.5]}
							}
						},
						{
							"origin": [-0.499, -7.375, -1],
							"size": [0.998, 0.5, 0.25],
							"pivot": [-0.001, -7.125, -0.375],
							"rotation": [-45, 0, 0],
							"uv": {
								"east": {"uv": [24, 3], "uv_size": [0.25, 0.5]},
								"south": {"uv": [21, 19], "uv_size": [1, 0.5]},
								"west": {"uv": [4, 24], "uv_size": [0.25, 0.5]}
							}
						},
						{
							"origin": [-0.499, -6.75, -0.625],
							"size": [0.998, 0.25, 0.5],
							"pivot": [-0.001, -7.125, -0.375],
							"rotation": [-45, 0, 0],
							"uv": {
								"east": {"uv": [24, 4], "uv_size": [0.5, 0.25]},
								"west": {"uv": [5, 24], "uv_size": [0.5, 0.25]},
								"down": {"uv": [20, 21.5], "uv_size": [1, -0.5]}
							}
						},
						{
							"origin": [-0.499, -9.625, -1],
							"size": [0.998, 0.5, 0.25],
							"pivot": [-0.001, -9.375, -0.375],
							"rotation": [-45, 0, 0],
							"uv": {
								"east": {"uv": [24, 5], "uv_size": [0.25, 0.5]},
								"south": {"uv": [21, 20], "uv_size": [1, 0.5]},
								"west": {"uv": [6, 24], "uv_size": [0.25, 0.5]}
							}
						},
						{
							"origin": [-0.499, -9, -0.625],
							"size": [0.998, 0.25, 0.5],
							"pivot": [-0.001, -9.375, -0.375],
							"rotation": [-45, 0, 0],
							"uv": {
								"east": {"uv": [24, 6], "uv_size": [0.5, 0.25]},
								"west": {"uv": [7, 24], "uv_size": [0.5, 0.25]},
								"down": {"uv": [21, 21.5], "uv_size": [1, -0.5]}
							}
						},
						{
							"origin": [-0.499, -11.375, -1],
							"size": [0.998, 0.5, 0.25],
							"pivot": [-0.001, -11.125, -0.375],
							"rotation": [-45, 0, 0],
							"uv": {
								"east": {"uv": [24, 7], "uv_size": [0.25, 0.5]},
								"south": {"uv": [22, 1], "uv_size": [1, 0.5]},
								"west": {"uv": [8, 24], "uv_size": [0.25, 0.5]}
							}
						},
						{
							"origin": [-0.499, -10.75, -0.625],
							"size": [0.998, 0.25, 0.5],
							"pivot": [-0.001, -11.125, -0.375],
							"rotation": [-45, 0, 0],
							"uv": {
								"east": {"uv": [24, 8], "uv_size": [0.5, 0.25]},
								"west": {"uv": [9, 24], "uv_size": [0.5, 0.25]},
								"down": {"uv": [22, 2.5], "uv_size": [1, -0.5]}
							}
						}
					]
				},
				{
					"name": "guard",
					"parent": "body",
					"pivot": [0.125, -3.14645, -0.02145],
					"cubes": [
						{
							"origin": [-0.624, -4.64645, -0.64645],
							"size": [1.248, 1.5, 0.75],
							"pivot": [0.124, -3.14645, -0.27145],
							"rotation": [0, 0, 0],
							"uv": {
								"east": {"uv": [14, 19], "uv_size": [0.75, 1.5]},
								"south": {"uv": [6, 15], "uv_size": [1.25, 1.5]},
								"west": {"uv": [19, 14], "uv_size": [0.75, 1.5]},
								"down": {"uv": [20, 4.75], "uv_size": [1.25, -0.75]}
							}
						},
						{
							"origin": [-0.375, -3.89645, 0.35355],
							"size": [0.25, 0.75, 0.25],
							"pivot": [0.125, -3.14645, -0.27145],
							"rotation": [0, 0, 0],
							"uv": {
								"north": {"uv": [21, 1], "uv_size": [0.75, 0.75]},
								"east": {"uv": [23, 8], "uv_size": [0.25, 0.75]},
								"south": {"uv": [3, 21], "uv_size": [0.75, 0.75]},
								"west": {"uv": [9, 23], "uv_size": [0.25, 0.75]}
							}
						},
						{
							"origin": [-0.375, -4.08839, -0.14017],
							"size": [0.25, 0.5, 0.25],
							"pivot": [0.125, -4.33839, -0.01517],
							"rotation": [-45, 0, 0],
							"uv": {
								"north": {"uv": [22, 11], "uv_size": [0.75, 0.5]},
								"east": {"uv": [24, 9], "uv_size": [0.25, 0.5]},
								"south": {"uv": [12, 22], "uv_size": [0.75, 0.5]},
								"west": {"uv": [10, 24], "uv_size": [0.25, 0.5]}
							}
						},
						{
							"origin": [0.125, -3.89645, 0.35355],
							"size": [0.25, 0.75, 0.25],
							"pivot": [0.125, -3.14645, -0.27145],
							"rotation": [0, 0, 0],
							"uv": {
								"north": {"uv": [21, 1], "uv_size": [0.75, 0.75]},
								"east": {"uv": [23, 8], "uv_size": [0.25, 0.75]},
								"south": {"uv": [3, 21], "uv_size": [0.75, 0.75]},
								"west": {"uv": [9, 23], "uv_size": [0.25, 0.75]}
							}
						},
						{
							"origin": [0.125, -4.08839, -0.14017],
							"size": [0.25, 0.5, 0.25],
							"pivot": [0.125, -4.33839, -0.01517],
							"rotation": [-45, 0, 0],
							"uv": {
								"north": {"uv": [22, 11], "uv_size": [0.75, 0.5]},
								"east": {"uv": [24, 9], "uv_size": [0.25, 0.5]},
								"south": {"uv": [12, 22], "uv_size": [0.75, 0.5]},
								"west": {"uv": [10, 24], "uv_size": [0.25, 0.5]}
							}
						},
						{
							"origin": [-0.625, -1.61872, 1.1705],
							"size": [1.25, 0.35355, 0.25],
							"pivot": [0.125, -2.01517, 1.2955],
							"rotation": [45, 0, 0],
							"uv": {
								"east": {"uv": [18, 24], "uv_size": [0.25, 0.25]},
								"south": {"uv": [14, 22], "uv_size": [1.25, 0.25]},
								"west": {"uv": [24, 18], "uv_size": [0.25, 0.25]}
							}
						},
						{
							"origin": [-0.5, -3.14645, -1.39645],
							"size": [1, 0.5, 0.5],
							"pivot": [0, -3.89645, -1.02145],
							"rotation": [0, 0, 0],
							"uv": {
								"north": {"uv": [3, 22], "uv_size": [1, 0.5]},
								"east": {"uv": [23, 2], "uv_size": [0.5, 0.5]},
								"west": {"uv": [3, 23], "uv_size": [0.5, 0.5]}
							}
						},
						{
							"origin": [-0.625, -4.46343, -1.01247],
							"size": [1.25, 2.25, 1],
							"pivot": [0.125, -3.21343, -0.51247],
							"rotation": [-60, 0, 0],
							"uv": {
								"north": {"uv": [11, 8], "uv_size": [1.25, 2.25]},
								"east": {"uv": [12, 0], "uv_size": [1, 2.25]},
								"south": {"uv": [11, 11], "uv_size": [1.25, 2.25]},
								"west": {"uv": [9, 14], "uv_size": [1, 2.25]},
								"down": {"uv": [19, 11], "uv_size": [1.25, -1]}
							}
						},
						{
							"origin": [-0.625, -4.46343, -0.01247],
							"size": [1.25, 1, 0.75],
							"pivot": [0.125, -3.21343, -0.51247],
							"rotation": [-60, 0, 0],
							"uv": {
								"east": {"uv": [20, 19], "uv_size": [0.75, 1]},
								"south": {"uv": [19, 11], "uv_size": [1.25, 1]},
								"west": {"uv": [20, 20], "uv_size": [0.75, 1]},
								"down": {"uv": [20, 5.75], "uv_size": [1.25, -0.75]}
							}
						},
						{
							"origin": [-0.625, -4.96343, -1.01247],
							"size": [1.25, 0.5, 0.25],
							"pivot": [0.125, -3.21343, -0.51247],
							"rotation": [-60, 0, 0],
							"uv": {
								"north": {"uv": [21, 0], "uv_size": [1.25, 0.5]},
								"east": {"uv": [24, 10], "uv_size": [0.25, 0.5]},
								"west": {"uv": [11, 24], "uv_size": [0.25, 0.5]},
								"down": {"uv": [22, 14.25], "uv_size": [1.25, -0.25]}
							}
						},
						{
							"origin": [-0.624, -6.31634, -1.02735],
							"size": [1.248, 0.75, 0.25],
							"pivot": [0.124, -4.56634, -0.52735],
							"rotation": [-105, 0, 0],
							"uv": {
								"east": {"uv": [23, 9], "uv_size": [0.25, 0.75]},
								"south": {"uv": [20, 6], "uv_size": [1.25, 0.75]},
								"west": {"uv": [23, 10], "uv_size": [0.25, 0.75]}
							}
						},
						{
							"origin": [-0.624, -6.06634, -1.27735],
							"size": [1.248, 0.25, 0.25],
							"pivot": [0.124, -4.56634, -0.52735],
							"rotation": [-105, 0, 0],
							"uv": {
								"east": {"uv": [19, 24], "uv_size": [0.25, 0.25]},
								"west": {"uv": [24, 19], "uv_size": [0.25, 0.25]}
							}
						},
						{
							"origin": [-0.5, -2.85825, -1.27959],
							"size": [1, 1.76777, 0.75],
							"pivot": [0, -2.65115, -1.15459],
							"rotation": [-60, 0, 0],
							"uv": {
								"north": {"uv": [16, 9], "uv_size": [1, 1.75]},
								"east": {"uv": [4, 19], "uv_size": [0.75, 1.75]},
								"west": {"uv": [19, 4], "uv_size": [0.75, 1.75]}
							}
						},
						{
							"origin": [-0.624, -3.14645, -0.14645],
							"size": [1.248, 1.75, 1],
							"pivot": [0.124, -3.14645, -0.27145],
							"rotation": [0, 0, 0],
							"uv": {
								"north": {"uv": [14, 9], "uv_size": [1.25, 1.75]},
								"east": {"uv": [7, 17], "uv_size": [1, 1.75]},
								"west": {"uv": [17, 7], "uv_size": [1, 1.75]},
								"up": {"uv": [19, 12], "uv_size": [1.25, 1]},
								"down": {"uv": [19, 14], "uv_size": [1.25, -1]}
							}
						},
						{
							"origin": [-0.25, -2.64645, -1.02145],
							"size": [0.5, 2, 1.625],
							"pivot": [0, -1.39645, -0.27145],
							"rotation": [0, 0, 0],
							"uv": {
								"east": {"uv": [11, 4], "uv_size": [1.75, 2]},
								"south": {"uv": [20, 0], "uv_size": [0.5, 2]},
								"west": {"uv": [11, 6], "uv_size": [1.75, 2]},
								"up": {"uv": [9, 20], "uv_size": [0.5, 1.75]}
							}
						},
						{
							"origin": [0.2955, -2.64645, -0.94194],
							"size": [0.35355, 2, 0.35355],
							"pivot": [0.5455, -1.39645, -1.46339],
							"rotation": [0, -45, 0],
							"uv": {
								"north": {"uv": [22, 3], "uv_size": [0.25, 2]},
								"east": {"uv": [4, 22], "uv_size": [0.25, 2]},
								"up": {"uv": [20, 24], "uv_size": [0.25, 0.25]}
							}
						},
						{
							"origin": [-0.25, -0.64645, 0.10355],
							"size": [0.5, 0.5, 0.5],
							"pivot": [0, 0.60355, -0.27145],
							"rotation": [0, 0, 0],
							"uv": {
								"east": {"uv": [23, 3], "uv_size": [0.5, 0.5]},
								"south": {"uv": [23, 4], "uv_size": [0.5, 0.5]},
								"west": {"uv": [5, 23], "uv_size": [0.5, 0.5]},
								"up": {"uv": [23, 5], "uv_size": [0.5, 0.5]}
							}
						},
						{
							"origin": [-0.249, -1.18443, -1.15422],
							"size": [0.498, 0.5, 1],
							"pivot": [-0.001, 0.06557, -1.02922],
							"rotation": [30, 0, 0],
							"uv": {
								"east": {"uv": [5, 22], "uv_size": [1, 0.5]},
								"west": {"uv": [22, 5], "uv_size": [1, 0.5]},
								"up": {"uv": [22, 6], "uv_size": [0.5, 1]}
							}
						},
						{
							"origin": [-0.624, -3.14645, 0.85355],
							"size": [1.248, 1.5, 0.25],
							"pivot": [0.124, -3.14645, -0.02145],
							"rotation": [0, 0, 0],
							"uv": {
								"east": {"uv": [22, 12], "uv_size": [0.25, 1.5]},
								"south": {"uv": [15, 11], "uv_size": [1.25, 1.5]},
								"west": {"uv": [13, 22], "uv_size": [0.25, 1.5]},
								"down": {"uv": [22, 15.25], "uv_size": [1.25, -0.25]}
							}
						}
					]
				},
				{
					"name": "right",
					"parent": "root",
					"pivot": [6, 11, 0]
				},
				{
					"name": "righthand_pos",
					"parent": "right",
					"pivot": [0, 0, 0],
					"cubes": [
						{
							"origin": [4, 0, -2],
							"size": [4, 12, 4],
							"uv": {
								"north": {"uv": [0, 0], "uv_size": [4, 12]},
								"east": {"uv": [0, 0], "uv_size": [4, 12]},
								"south": {"uv": [0, 0], "uv_size": [4, 12]},
								"west": {"uv": [0, 0], "uv_size": [4, 12]},
								"up": {"uv": [4, 4], "uv_size": [-4, -4]},
								"down": {"uv": [4, 4], "uv_size": [-4, -4]}
							}
						}
					]
				},
				{
					"name": "left",
					"parent": "root",
					"pivot": [-6, 11, 0]
				},
				{
					"name": "lefthand_pos",
					"parent": "left",
					"pivot": [0, 0, 0],
					"cubes": [
						{
							"origin": [-8, 0, -2],
							"size": [4, 12, 4],
							"uv": {
								"north": {"uv": [0, 0], "uv_size": [4, 12]},
								"east": {"uv": [0, 0], "uv_size": [4, 12]},
								"south": {"uv": [0, 0], "uv_size": [4, 12]},
								"west": {"uv": [0, 0], "uv_size": [4, 12]},
								"up": {"uv": [4, 4], "uv_size": [-4, -4]},
								"down": {"uv": [4, 4], "uv_size": [-4, -4]}
							}
						}
					]
				},
				{
					"name": "camera",
					"pivot": [0, 16, 8]
				},
				{
					"name": "views",
					"pivot": [0, 0, 0]
				},
				{
					"name": "idle_view",
					"parent": "views",
					"pivot": [0, 16, 8]
				},
				{
					"name": "iron_view",
					"parent": "views",
					"pivot": [0, 16, 8]
				},
				{
					"name": "refit_view",
					"parent": "views",
					"pivot": [24, 20, -12],
					"rotation": [0, 90, 0]
				},
				{
					"name": "refit_muzzle_view",
					"parent": "views",
					"pivot": [16, 24, -16],
					"rotation": [0, 90, 0]
				},
				{
					"name": "positioning2",
					"pivot": [0, 0, -8]
				},
				{
					"name": "thirdperson_hand",
					"parent": "positioning2",
					"pivot": [0, -6, 0]
				},
				{
					"name": "ground",
					"parent": "positioning2",
					"pivot": [0, -16, 0]
				},
				{
					"name": "fixed",
					"parent": "positioning2",
					"pivot": [0.95, 8, 0],
					"rotation": [0, 90, 0]
				}
			]
		}
	]
}